customer_id,customer_name,email,country,signup_date,customer_segment,lifetime_value
1,Andrew Thomas,andrew.thomas1@example.com,France,2022-10-25,Basic,1.25
2,Daniel Thomas,daniel.thomas2@example.com,United Kingdom,2025-06-14,Standard,2739.22
3,Kimberly White,kimberly.white3@example.com,Japan,2024-02-07,Premium,8595.26
4,Steven Scott,steven.scott4@example.com,Singapore,2023-04-10,Premium,2565.95
5,Matthew White,matthew.white5@example.com,United States,2022-01-02,Standard,3196.38
6,Daniel Thomas,daniel.thomas6@example.com,Spain,2019-03-01,Basic,617.20
7,Sofia Silva,sofia.silva7@example.com,United States,2021-12-14,Standard,2274.85
8,Ananya Lopez,ananya.lopez8@example.com,Spain,2023-03-19,Basic,784.66
9,Donald Patel,donald.patel9@example.com,United Kingdom,2018-09-16,Standard,2920.97
10,Sandra Williams,sandra.williams10@example.com,United States,2020-03-28,Standard,3566.00
11,Christopher Martin,christopher.martin11@example.com,Singapore,2024-02-03,Standard,1998.92
12,John Silva,john.silva12@example.com,France,2022-01-02,Standard,3476.13
13,Patricia Kim,patricia.kim13@example.com,Canada,2022-02-16,Standard,1860.42
14,Betty Mueller,betty.mueller14@example.com,Australia,2021-10-20,Standard,3900.15
15,Ashley Khan,ashley.khan15@example.com,United Arab Emirates,2023-10-28,Standard,1213.54
16,Jennifer Rossi,jennifer.rossi16@example.com,Australia,2024-10-03,Standard,3981.37
17,Barbara Wright,barbara.wright17@example.com,Canada,2018-11-24,Standard,1446.10
18,Charles Martin,charles.martin18@example.com,Italy,2022-10-12,Standard,833.25
19,Mark Thompson,mark.thompson19@example.com,Italy,2021-12-15,Standard,2536.44
20,Margaret Moore,margaret.moore20@example.com,Netherlands,2018-08-23,Standard,485.16
21,Aarav Sanchez,aarav.sanchez21@example.com,Netherlands,2025-08-14,Standard,807.95
22,Mary Martinez,mary.martinez22@example.com,Spain,2022-11-30,Basic,27.84
23,Robert Thomas,robert.thomas23@example.com,India,2022-01-23,Basic,306.28
24,Andrew Williams,andrew.williams24@example.com,Spain,2023-01-17,Standard,3805.53
25,Lisa Lewis,lisa.lewis25@example.com,Mexico,2019-07-18,Basic,423.57
26,Betty Lee,betty.lee26@example.com,Germany,2019-04-10,Standard,298.47
27,Barbara Young,barbara.young27@example.com,United Arab Emirates,2024-04-19,Standard,647.49
28,Ingrid Taylor,ingrid.taylor28@example.com,Germany,2024-11-11,Basic,228.46
29,Ashley Gonzalez,ashley.gonzalez29@example.com,Singapore,2018-10-31,Premium,7876.55
30,Fatima Lewis,fatima.lewis30@example.com,Netherlands,2025-08-25,Basic,774.05
31,Christopher Chen,christopher.chen31@example.com,Canada,2024-03-02,Standard,2260.25
32,Karen Hernandez,karen.hernandez32@example.com,United Arab Emirates,2025-11-08,Basic,510.16
33,Lisa Allen,lisa.allen33@example.com,Germany,2019-07-23,Standard,1099.60
34,Ashley Johnson,ashley.johnson34@example.com,Mexico,2022-02-20,Standard,1976.14
35,Emily Rodriguez,emily.rodriguez35@example.com,Canada,2018-09-27,Standard,1375.30
36,Fatima Rossi,fatima.rossi36@example.com,Australia,2022-08-05,Standard,3328.69
37,Robert Rodriguez,robert.rodriguez37@example.com,Spain,2018-10-31,Basic,359.98
38,Yuki King,yuki.king38@example.com,United Arab Emirates,2024-03-08,Standard,2631.22
39,Barbara Costa,barbara.costa39@example.com,Australia,2023-08-22,Basic,728.57
40,Patricia Davis,patricia.davis40@example.com,France,2019-11-06,Standard,815.47
41,Fatima Anderson,,Japan,2021-03-09,Standard,3414.55
42,Thomas Gonzalez,thomas.gonzalez42@example.com,Japan,2021-01-29,Standard,675.65
43,Karen Flores,karen.flores43@example.com,Japan,2025-03-10,Standard,840.82
44,Donna Martinez,donna.martinez44@example.com,Mexico,2024-10-14,Standard,1482.95
45,Andrew Williams,andrew.williams45@example.com,United States,2018-11-29,Basic,36.37
46,Ananya Costa,ananya.costa46@example.com,Spain,2020-05-13,Standard,3114.44
47,Anthony Flores,anthony.flores47@example.com,Brazil,2025-01-12,Standard,2273.19
48,Ananya Martin,ananya.martin48@example.com,Netherlands,2025-09-06,Standard,1743.15
49,Sandra Jones,sandra.jones49@example.com,United Kingdom,2022-12-06,Standard,1779.36
50,Sandra Wilson,sandra.wilson50@example.com,United Kingdom,2021-07-04,Standard,3473.64
51,Christopher Rossi,christopher.rossi51@example.com,India,2022-06-22,Basic,104.61
52,Lisa Allen,lisa.allen52@example.com,India,2020-09-17,Standard,1972.60
53,Sarah Lewis,sarah.lewis53@example.com,Canada,2018-07-27,Standard,1302.81
54,Matthew Flores,matthew.flores54@example.com,Singapore,2019-10-17,Standard,3291.22
55,Andrew Rossi,andrew.rossi55@example.com,Netherlands,2019-10-15,Standard,2093.41
56,Steven Robinson,steven.robinson56@example.com,France,2023-07-31,Standard,288.07
57,Betty Allen,betty.allen57@example.com,Germany,2020-05-31,Standard,2416.71
58,Patricia Brown,patricia.brown58@example.com,Mexico,2025-05-03,Standard,2755.58
59,Charles Wright,charles.wright59@example.com,Canada,2022-11-01,Premium,3741.15
60,Thomas Rossi,thomas.rossi60@example.com,Australia,2022-02-07,Standard,371.92
61,Patricia Torres,patricia.torres61@example.com,India,2024-03-16,Standard,1296.69
62,Matthew Allen,matthew.allen62@example.com,Japan,2021-02-19,Standard,3336.18
63,Michelle Singh,michelle.singh63@example.com,United Kingdom,2019-02-01,Standard,1696.83
64,Nancy Scott,nancy.scott64@example.com,Netherlands,2019-08-14,Basic,159.25
65,Steven Sanchez,steven.sanchez65@example.com,United States,2018-06-09,Standard,720.74
66,Nancy Walker,nancy.walker66@example.com,United Kingdom,2024-10-19,Standard,3593.90
67,William Lee,william.lee67@example.com,India,2019-10-28,Basic,314.36
68,Michelle Mueller,michelle.mueller68@example.com,Mexico,2021-10-09,Basic,405.85
69,Steven Wright,steven.wright69@example.com,Mexico,2021-05-12,Standard,2004.59
70,Mary White,mary.white70@example.com,Canada,2022-09-03,Standard,2418.07
71,Carlos Khan,carlos.khan71@example.com,Mexico,2023-04-28,Standard,1209.02
72,Ananya Costa,ananya.costa72@example.com,Germany,2018-07-30,Standard,2417.39
73,David King,david.king73@example.com,Mexico,2022-04-07,Standard,761.55
74,Yuki Thomas,yuki.thomas74@example.com,Italy,2019-03-27,Premium,4480.20
75,Mark Lee,mark.lee75@example.com,Australia,2025-09-29,Standard,974.79
76,Steven Costa,steven.costa76@example.com,Brazil,2018-09-13,Standard,2881.95
77,Kimberly Wilson,kimberly.wilson77@example.com,Spain,2023-05-14,Standard,2196.81
78,Christopher Lopez,christopher.lopez78@example.com,Japan,2021-11-03,Standard,2275.84
79,Yuki Costa,yuki.costa79@example.com,Spain,2025-03-19,Basic,642.92
80,Thomas Flores,thomas.flores80@example.com,Germany,2021-02-16,Standard,2320.73
81,Joseph Martin,joseph.martin81@example.com,Italy,2020-04-29,Basic,552.19
82,Ashley Lee,ashley.lee82@example.com,Japan,2021-01-25,Standard,1293.60
83,Andrew Singh,andrew.singh83@example.com,United Arab Emirates,2022-06-05,Standard,3309.83
84,Ingrid Martinez,ingrid.martinez84@example.com,France,2018-11-20,Standard,1516.18
85,Mark Kim,mark.kim85@example.com,Brazil,2020-05-26,Standard,967.86
86,Paul Moore,paul.moore86@example.com,Italy,2021-01-17,Basic,109.82
87,Michelle Mueller,michelle.mueller87@example.com,Germany,2018-07-27,Standard,2745.37
88,Kimberly Anderson,kimberly.anderson88@example.com,United States,2019-02-15,Standard,1770.55
89,Fatima Walker,fatima.walker89@example.com,Netherlands,2019-07-18,Premium,2067.36
90,Emily Hernandez,emily.hernandez90@example.com,United Arab Emirates,2023-05-03,Standard,2014.30
91,Richard Silva,richard.silva91@example.com,India,2021-03-15,Basic,516.72
92,Ingrid Garcia,ingrid.garcia92@example.com,Germany,2024-01-01,Standard,3007.01
93,John Lopez,john.lopez93@example.com,Singapore,2019-12-22,Standard,3748.91
94,John Sanchez,john.sanchez94@example.com,United Kingdom,2021-03-31,Basic,701.39
95,James Martin,james.martin95@example.com,Canada,2021-10-04,Standard,1281.33
96,Ananya Wright,ananya.wright96@example.com,United Arab Emirates,2019-07-04,Standard,3434.03
97,Sandra Moore,sandra.moore97@example.com,Canada,2021-09-16,Standard,817.48
98,Sandra Kim,sandra.kim98@example.com,United Kingdom,2018-02-27,Standard,2999.15
99,Charles Torres,charles.torres99@example.com,Germany,2019-12-20,Standard,2521.63
100,Aarav Sanchez,aarav.sanchez100@example.com,Japan,2021-09-05,Basic,69.39
101,Wei Miller,wei.miller101@example.com,United Kingdom,2023-05-10,Standard,1429.69
102,Jessica Smith,jessica.smith102@example.com,Germany,2023-01-04,Standard,3064.28
103,Nancy Martin,nancy.martin103@example.com,Mexico,2018-02-16,Standard,1193.90
104,Lisa Khan,lisa.khan104@example.com,Spain,2019-04-30,Standard,1968.50
105,David Sanchez,david.sanchez105@example.com,United Arab Emirates,2025-11-21,Standard,3125.40
106,Omar Davis,omar.davis106@example.com,France,2022-02-14,Standard,2535.58
107,Joseph Rodriguez,joseph.rodriguez107@example.com,Brazil,2024-10-17,Standard,1619.77
108,Omar Scott,omar.scott108@example.com,Netherlands,2024-01-11,Basic,641.60
109,Susan Silva,,Netherlands,2024-09-06,Standard,3517.91
110,Jennifer King,jennifer.king110@example.com,Italy,2022-01-21,Standard,496.79
111,Andrew Davis,andrew.davis111@example.com,Japan,2023-09-02,Premium,4628.04
112,Paul Martinez,paul.martinez112@example.com,Singapore,2023-11-02,Standard,1878.99
113,Yuki Wilson,yuki.wilson113@example.com,Brazil,2019-01-08,Basic,719.11
114,Mark Brown,mark.brown114@example.com,Japan,2022-08-29,Standard,1935.83
115,Patricia Scott,patricia.scott115@example.com,Netherlands,2021-06-16,Standard,2948.46
116,Betty Taylor,betty.taylor116@example.com,Italy,2020-06-11,Basic,462.65
117,John Ramirez,john.ramirez117@example.com,Canada,2024-01-26,Standard,3977.67
118,Robert Walker,robert.walker118@example.com,Australia,2020-01-08,Premium,11996.64
119,Ingrid Kim,ingrid.kim119@example.com,Spain,2022-09-18,Basic,299.57
120,Matthew Lewis,matthew.lewis120@example.com,United Arab Emirates,2022-03-27,Basic,300.52
121,Yuki Chen,yuki.chen121@example.com,United Kingdom,2025-04-30,Basic,688.23
122,Linda Lopez,linda.lopez122@example.com,Australia,2023-12-07,Basic,101.88
123,Joseph Smith,joseph.smith123@example.com,France,2023-03-12,Basic,538.80
124,Paul Ramirez,paul.ramirez124@example.com,Singapore,2020-07-29,Standard,1140.55
125,Daniel Martinez,daniel.martinez125@example.com,United Arab Emirates,2019-04-08,Standard,322.43
126,Wei Clark,wei.clark126@example.com,United Arab Emirates,2018-03-06,Standard,1114.53
127,Robert Miller,robert.miller127@example.com,Brazil,2024-09-14,Standard,2753.69
128,Patricia Thomas,patricia.thomas128@example.com,Australia,2022-12-03,Basic,187.47
129,Susan Silva,susan.silva129@example.com,United States,2019-07-28,Basic,403.12
130,Charles Anderson,charles.anderson130@example.com,Italy,2024-06-17,Basic,255.12
131,Joshua Costa,joshua.costa131@example.com,India,2020-08-28,Standard,1346.70
132,Elizabeth Chen,elizabeth.chen132@example.com,Australia,2021-05-15,Standard,1245.58
133,Emily Nguyen,emily.nguyen133@example.com,United Arab Emirates,2019-12-19,Basic,500.79
134,Margaret Scott,margaret.scott134@example.com,India,2025-03-20,Standard,2751.10
135,Kimberly Lee,kimberly.lee135@example.com,Australia,2019-09-04,Standard,1339.58
136,Barbara Silva,barbara.silva136@example.com,Germany,2020-07-12,Standard,1342.80
137,Fatima Martinez,fatima.martinez137@example.com,United Arab Emirates,2018-08-25,Basic,449.91
138,Anthony Scott,anthony.scott138@example.com,Australia,2020-09-21,Standard,1168.98
139,Nancy Kim,nancy.kim139@example.com,Brazil,2022-02-28,Premium,3202.03
140,Carlos Gonzalez,carlos.gonzalez140@example.com,Australia,2025-07-22,Premium,9864.60
141,John Jones,john.jones141@example.com,Netherlands,2024-08-03,Standard,2952.36
142,Emily Wilson,emily.wilson142@example.com,Singapore,2021-09-25,Standard,1352.11
143,James Wilson,james.wilson143@example.com,Italy,2019-04-26,Basic,597.50
144,Hans Walker,hans.walker144@example.com,Italy,2024-10-11,Basic,563.01
145,Betty Thomas,betty.thomas145@example.com,Netherlands,2021-03-05,Standard,1646.51
146,Paul Kim,paul.kim146@example.com,France,2022-01-13,Standard,2148.70
147,Ashley Robinson,ashley.robinson147@example.com,Italy,2023-04-08,Premium,11901.18
148,Christopher Wilson,christopher.wilson148@example.com,Australia,2018-07-07,Standard,2337.59
149,Joseph Mueller,joseph.mueller149@example.com,France,2024-03-16,Premium,14151.86
150,Donna Rossi,donna.rossi150@example.com,United Kingdom,2020-03-14,Standard,1453.49
151,Matthew Torres,matthew.torres151@example.com,Brazil,2024-03-05,Basic,523.69
152,Yuki Perez,yuki.perez152@example.com,Singapore,2023-06-25,Standard,3872.73
153,Ananya Mueller,ananya.mueller153@example.com,United Kingdom,2021-12-13,Standard,843.21
154,Carlos Wright,carlos.wright154@example.com,United Arab Emirates,2024-01-30,Standard,3963.23
155,Patricia King,patricia.king155@example.com,Singapore,2018-11-01,Premium,14287.45
156,Wei Brown,wei.brown156@example.com,Australia,2019-07-18,Basic,674.04
157,Joseph Jones,joseph.jones157@example.com,United States,2020-06-14,Basic,404.59
158,Lisa Brown,lisa.brown158@example.com,Spain,2024-11-30,Standard,3668.46
159,Wei Young,wei.young159@example.com,Japan,2024-03-09,Premium,7347.40
160,Mary King,mary.king160@example.com,Japan,2021-03-20,Basic,13.71
161,Omar Singh,omar.singh161@example.com,United Arab Emirates,2020-01-05,Standard,606.66
162,Michael King,michael.king162@example.com,Germany,2024-12-13,Premium,8843.93
163,Daniel Moore,daniel.moore163@example.com,Canada,2022-03-09,Basic,767.44
164,Sandra Torres,sandra.torres164@example.com,Italy,2020-07-14,Standard,1339.90
165,Jennifer Kim,jennifer.kim165@example.com,Spain,2018-05-10,Basic,74.80
166,Matthew Harris,matthew.harris166@example.com,United States,2025-02-21,Standard,235.91
167,David Garcia,david.garcia167@example.com,Australia,2025-03-26,Standard,3180.63
168,Andrew Miller,andrew.miller168@example.com,United Arab Emirates,2018-06-24,Basic,183.81
169,Omar Torres,omar.torres169@example.com,United States,2018-11-01,Standard,2800.83
170,Sarah Wright,sarah.wright170@example.com,United States,2020-01-05,Standard,3729.31
171,Christopher Johnson,christopher.johnson171@example.com,Mexico,2019-08-14,Basic,601.80
172,Fatima Sanchez,fatima.sanchez172@example.com,France,2019-10-28,Basic,451.17
173,Andrew Harris,andrew.harris173@example.com,Japan,2021-09-20,Standard,1658.62
174,Sofia Rodriguez,sofia.rodriguez174@example.com,Italy,2018-11-18,Basic,400.63
175,Daniel Brown,daniel.brown175@example.com,Germany,2018-11-08,Premium,6427.71
176,Ingrid Flores,ingrid.flores176@example.com,Australia,2021-08-29,Basic,23.70
177,Sarah Lewis,sarah.lewis177@example.com,India,2024-03-15,Standard,3776.34
178,Margaret Lopez,margaret.lopez178@example.com,Spain,2022-04-06,Standard,525.64
179,Michelle Jackson,michelle.jackson179@example.com,Italy,2018-10-29,Basic,65.63
180,Elizabeth Harris,elizabeth.harris180@example.com,Spain,2019-09-24,Basic,591.72
181,Christopher White,christopher.white181@example.com,United States,2021-06-16,Premium,7781.57
182,Hans Moore,hans.moore182@example.com,Canada,2020-02-07,Premium,7602.73
183,Emily Scott,emily.scott183@example.com,Canada,2018-04-18,Standard,540.55
184,Emily Garcia,emily.garcia184@example.com,Netherlands,2021-08-21,Standard,3482.13
185,James Jackson,james.jackson185@example.com,Netherlands,2018-12-13,Standard,2954.41
186,Emily Thomas,emily.thomas186@example.com,United Kingdom,2025-09-08,Standard,1646.78
187,William Moore,william.moore187@example.com,Brazil,2019-08-21,Standard,440.42
188,Margaret Moore,margaret.moore188@example.com,Brazil,2018-11-12,Standard,1572.27
189,Jessica Rossi,jessica.rossi189@example.com,Mexico,2024-11-30,Standard,943.08
190,Michael Rodriguez,michael.rodriguez190@example.com,Australia,2021-09-22,Standard,3398.13
191,Matthew Perez,matthew.perez191@example.com,Australia,2025-04-20,Standard,3902.06
192,William Martin,william.martin192@example.com,Italy,2020-04-02,Standard,2020.24
193,Barbara Sanchez,barbara.sanchez193@example.com,France,2025-10-17,Basic,506.32
194,Andrew Thomas,andrew.thomas194@example.com,France,2022-05-29,Standard,1587.06
195,Andrew Gonzalez,andrew.gonzalez195@example.com,Japan,2020-01-07,Standard,2790.51
196,Emily Johnson,emily.johnson196@example.com,Brazil,2025-12-11,Basic,167.72
197,Charles Khan,charles.khan197@example.com,Singapore,2022-08-03,Premium,10748.71
198,William Patel,william.patel198@example.com,France,2025-05-21,Standard,785.74
199,Margaret Harris,margaret.harris199@example.com,Mexico,2023-05-17,Premium,9569.17
200,Paul Allen,paul.allen200@example.com,Singapore,2025-10-04,Basic,334.64
201,John White,john.white201@example.com,Netherlands,2024-01-09,Basic,475.06
202,Jennifer Miller,jennifer.miller202@example.com,Spain,2025-06-15,Basic,284.01
203,Ananya Flores,ananya.flores203@example.com,Spain,2025-08-06,Premium,10407.67
204,Hans Perez,hans.perez204@example.com,Australia,2019-03-10,Basic,8.44
205,Thomas Anderson,thomas.anderson205@example.com,Japan,2024-04-04,Standard,2405.97
206,Andrew Anderson,andrew.anderson206@example.com,Australia,2023-03-12,Standard,3134.90
207,Donna Khan,,India,2018-04-11,Standard,2034.53
208,Charles Clark,charles.clark208@example.com,Canada,2019-04-21,Basic,665.05
209,Carlos Martinez,carlos.martinez209@example.com,India,2023-02-09,Standard,3180.23
210,Kimberly Walker,kimberly.walker210@example.com,Canada,2022-11-30,Standard,2943.58
211,Mark Lee,mark.lee211@example.com,United States,2025-12-21,Premium,3496.11
212,Nancy Kim,nancy.kim212@example.com,Netherlands,2019-11-05,Premium,14088.99
213,Sofia Thomas,sofia.thomas213@example.com,Japan,2019-10-18,Standard,1457.76
214,Margaret Robinson,margaret.robinson214@example.com,Australia,2025-01-23,Standard,900.92
215,Aarav Chen,aarav.chen215@example.com,United States,2024-11-20,Standard,3555.77
216,Mark Nguyen,mark.nguyen216@example.com,United States,2025-11-26,Standard,1016.23
217,Sarah Silva,sarah.silva217@example.com,Netherlands,2018-09-14,Basic,461.88
218,Paul Lopez,paul.lopez218@example.com,Germany,2023-02-18,Standard,633.03
219,Wei Young,wei.young219@example.com,Spain,2021-07-07,Standard,2468.49
220,Michelle Sanchez,michelle.sanchez220@example.com,India,2021-12-12,Standard,3412.97
221,Michelle Lopez,michelle.lopez221@example.com,Italy,2021-05-03,Basic,734.95
222,Donna Garcia,donna.garcia222@example.com,India,2019-04-28,Standard,1106.58
223,Linda Lopez,linda.lopez223@example.com,United Kingdom,2023-09-24,Standard,1676.16
224,Joshua Rodriguez,joshua.rodriguez224@example.com,Australia,2020-01-31,Standard,2049.35
225,Paul Khan,paul.khan225@example.com,United Arab Emirates,2019-12-11,Basic,443.93
226,Ashley Jackson,ashley.jackson226@example.com,India,2023-01-22,Premium,10052.33
227,Daniel Smith,daniel.smith227@example.com,Germany,2022-04-22,Standard,3862.55
228,Steven Kim,steven.kim228@example.com,Spain,2023-07-08,Standard,1779.40
229,Mark Young,mark.young229@example.com,Mexico,2018-05-07,Standard,3224.35
230,Joseph Jackson,joseph.jackson230@example.com,Germany,2024-01-12,Premium,5752.71
231,Ingrid Robinson,ingrid.robinson231@example.com,Netherlands,2023-07-22,Standard,2288.96
232,Linda Torres,linda.torres232@example.com,Netherlands,2024-02-03,Premium,12702.68
233,Lisa Wright,lisa.wright233@example.com,United States,2022-12-13,Basic,437.08
234,Margaret Miller,margaret.miller234@example.com,Spain,2020-10-10,Basic,238.17
235,John Lewis,john.lewis235@example.com,Singapore,2018-12-23,Standard,1868.47
236,Linda Costa,linda.costa236@example.com,Germany,2024-08-05,Basic,551.31
237,Fatima Flores,fatima.flores237@example.com,United Kingdom,2024-11-28,Standard,729.09
238,Susan Wilson,susan.wilson238@example.com,Mexico,2021-12-07,Basic,425.82
239,Joshua Wright,joshua.wright239@example.com,Italy,2021-04-13,Standard,1299.47
240,Sarah Allen,sarah.allen240@example.com,Spain,2019-01-26,Basic,108.47
241,Hans Clark,hans.clark241@example.com,France,2025-05-10,Basic,101.51
242,William Thomas,william.thomas242@example.com,India,2020-10-10,Premium,11899.16
243,Yuki Sanchez,yuki.sanchez243@example.com,Mexico,2025-02-03,Standard,1221.13
244,Anthony Harris,anthony.harris244@example.com,Spain,2019-01-17,Standard,1730.83
245,Sofia Moore,sofia.moore245@example.com,United Arab Emirates,2022-02-20,Standard,1927.84
246,Ashley Lee,ashley.lee246@example.com,Singapore,2019-01-17,Standard,2977.54
247,Sandra Patel,sandra.patel247@example.com,India,2018-09-17,Standard,3223.58
248,Betty Wilson,betty.wilson248@example.com,Singapore,2020-05-17,Basic,395.77
249,Christopher Jackson,christopher.jackson249@example.com,Mexico,2019-06-19,Standard,2351.34
250,Ashley Perez,ashley.perez250@example.com,Netherlands,2018-07-18,Basic,36.75
251,Aarav Robinson,aarav.robinson251@example.com,United Arab Emirates,2019-10-10,Premium,7736.72
252,James Ramirez,james.ramirez252@example.com,Italy,2019-06-25,Standard,3552.16
253,Karen Hernandez,karen.hernandez253@example.com,United Arab Emirates,2021-01-27,Basic,74.67
254,Lisa Taylor,lisa.taylor254@example.com,Spain,2025-04-11,Premium,4151.83
255,Betty Patel,betty.patel255@example.com,Italy,2020-08-17,Standard,1831.08
256,Jennifer Ali,jennifer.ali256@example.com,Germany,2023-05-08,Premium,3013.20
257,Donna Anderson,donna.anderson257@example.com,Brazil,2018-02-08,Standard,230.64
258,Nancy Davis,nancy.davis258@example.com,Australia,2025-10-13,Basic,105.74
259,Robert Anderson,robert.anderson259@example.com,Italy,2019-02-24,Standard,592.17
260,Lisa Martin,lisa.martin260@example.com,Netherlands,2019-06-30,Premium,10340.49
261,Yuki Martinez,yuki.martinez261@example.com,Mexico,2018-02-04,Premium,9934.15
262,David Lewis,david.lewis262@example.com,Germany,2025-01-16,Standard,3043.42
263,Anthony Flores,anthony.flores263@example.com,Singapore,2020-06-08,Standard,529.41
264,Michael Rodriguez,michael.rodriguez264@example.com,Mexico,2022-04-22,Basic,281.23
265,Margaret Lee,margaret.lee265@example.com,Germany,2021-02-08,Basic,515.70
266,Jessica Scott,jessica.scott266@example.com,Italy,2024-10-24,Standard,1282.70
267,Omar Johnson,omar.johnson267@example.com,Spain,2021-05-20,Basic,164.36
268,Joshua Allen,joshua.allen268@example.com,Australia,2021-04-25,Standard,2655.45
269,Jessica Young,jessica.young269@example.com,Germany,2023-08-09,Standard,2624.71
270,Robert King,robert.king270@example.com,United States,2022-01-19,Basic,747.14
271,William Harris,william.harris271@example.com,Mexico,2022-09-20,Basic,292.33
272,Yuki Lopez,yuki.lopez272@example.com,Netherlands,2018-10-26,Basic,13.35
273,Robert Smith,robert.smith273@example.com,United States,2018-09-05,Standard,3804.98
274,Betty Allen,betty.allen274@example.com,Italy,2023-08-15,Standard,3115.02
275,Margaret Khan,margaret.khan275@example.com,Spain,2024-01-07,Standard,2243.09
276,Elizabeth Moore,elizabeth.moore276@example.com,Canada,2023-09-26,Premium,13972.02
277,Elizabeth Wright,elizabeth.wright277@example.com,Mexico,2025-02-11,Standard,3100.25
278,Ananya Singh,ananya.singh278@example.com,France,2025-11-01,Standard,1862.45
279,Jessica Brown,jessica.brown279@example.com,United Arab Emirates,2022-11-15,Standard,640.75
280,Michelle Hill,michelle.hill280@example.com,Spain,2025-05-19,Premium,11628.56
281,Linda Smith,linda.smith281@example.com,Italy,2018-02-16,Basic,131.07
282,Daniel King,daniel.king282@example.com,Singapore,2020-11-27,Standard,834.46
283,William Mueller,william.mueller283@example.com,France,2019-04-29,Basic,617.14
284,Mary Perez,mary.perez284@example.com,France,2023-11-16,Basic,51.10
285,Fatima Torres,fatima.torres285@example.com,Brazil,2023-02-08,Standard,2140.97
286,Patricia Young,patricia.young286@example.com,United Kingdom,2022-02-15,Basic,125.85
287,Ingrid Miller,ingrid.miller287@example.com,Spain,2019-04-18,Basic,182.72
288,Steven Smith,steven.smith288@example.com,Singapore,2018-02-20,Premium,5179.17
289,Donald White,donald.white289@example.com,United Kingdom,2020-01-04,Standard,3738.41
290,John Scott,john.scott290@example.com,Italy,2025-05-09,Basic,335.50
291,Christopher Thomas,christopher.thomas291@example.com,Italy,2021-08-03,Standard,1230.78
292,Robert Torres,robert.torres292@example.com,Japan,2025-07-20,Standard,3627.38
293,Barbara Anderson,barbara.anderson293@example.com,United States,2022-07-01,Basic,55.14
294,Sandra Jackson,sandra.jackson294@example.com,France,2021-09-02,Basic,69.11
295,Sandra Smith,sandra.smith295@example.com,France,2024-04-28,Standard,3181.13
296,Sofia Flores,sofia.flores296@example.com,India,2024-08-20,Standard,3893.06
297,Ingrid Costa,ingrid.costa297@example.com,United Arab Emirates,2024-02-17,Standard,3089.83
298,Jessica Martinez,jessica.martinez298@example.com,Australia,2018-04-08,Premium,5028.97
299,Daniel Patel,daniel.patel299@example.com,United Arab Emirates,2018-02-09,Basic,760.79
300,James Silva,james.silva300@example.com,Singapore,2021-06-13,Standard,595.01
301,Kimberly Thomas,kimberly.thomas301@example.com,United States,2019-08-07,Standard,2904.28
302,Jennifer Williams,jennifer.williams302@example.com,United Arab Emirates,2023-10-30,Basic,330.45
303,Lisa Robinson,lisa.robinson303@example.com,Canada,2024-07-06,Basic,76.46
304,William Patel,william.patel304@example.com,Canada,2024-08-21,Basic,454.26
305,Margaret Chen,margaret.chen305@example.com,Germany,2021-04-09,Basic,208.79
306,Christopher Sanchez,christopher.sanchez306@example.com,Italy,2021-08-29,Basic,254.45
307,Sarah Anderson,sarah.anderson307@example.com,Germany,2019-07-12,Premium,12139.18
308,Donna Miller,donna.miller308@example.com,United Kingdom,2023-01-16,Standard,1971.01
309,Anthony Davis,anthony.davis309@example.com,Netherlands,2020-04-30,Standard,1917.28
310,Sandra Taylor,sandra.taylor310@example.com,Canada,2019-10-08,Basic,646.08
311,Karen Ali,karen.ali311@example.com,United States,2020-05-30,Standard,3376.51
312,Christopher Martinez,christopher.martinez312@example.com,Germany,2021-12-28,Premium,7151.18
313,Patricia Singh,patricia.singh313@example.com,Singapore,2019-12-14,Standard,318.11
314,Betty Lewis,betty.lewis314@example.com,Japan,2020-10-20,Standard,559.96
315,Michael Rodriguez,michael.rodriguez315@example.com,United States,2020-06-29,Premium,3699.30
316,Betty White,betty.white316@example.com,Spain,2018-12-11,Standard,2412.83
317,Thomas Jones,thomas.jones317@example.com,Canada,2020-03-20,Premium,13732.45
318,Mark Rodriguez,mark.rodriguez318@example.com,Singapore,2021-09-20,Premium,3592.86
319,Sandra Brown,sandra.brown319@example.com,Mexico,2022-11-10,Standard,3322.40
320,Betty Young,betty.young320@example.com,Spain,2022-10-14,Premium,4246.49
321,Susan Lopez,susan.lopez321@example.com,Brazil,2019-09-01,Standard,331.67
322,Michelle Flores,michelle.flores322@example.com,France,2023-08-06,Standard,1765.57
323,Emily Walker,emily.walker323@example.com,France,2022-04-18,Premium,3784.07
324,Richard Kim,richard.kim324@example.com,Japan,2020-10-17,Basic,504.60
325,Paul Johnson,paul.johnson325@example.com,Netherlands,2025-12-31,Basic,287.29
326,Paul Young,paul.young326@example.com,Mexico,2023-08-20,Standard,1422.10
327,Sarah Lopez,sarah.lopez327@example.com,Mexico,2020-06-16,Premium,2380.94
328,Ingrid Moore,ingrid.moore328@example.com,Brazil,2023-12-09,Premium,6646.63
329,Donna Anderson,donna.anderson329@example.com,Canada,2020-10-12,Basic,525.49
330,Sarah Wright,sarah.wright330@example.com,United Arab Emirates,2018-08-18,Basic,611.24
331,Joseph Torres,joseph.torres331@example.com,Netherlands,2022-05-10,Basic,283.84
332,Barbara Lopez,barbara.lopez332@example.com,India,2025-10-28,Standard,1563.38
333,Donna Johnson,donna.johnson333@example.com,India,2024-05-14,Basic,450.89
334,Andrew Gonzalez,andrew.gonzalez334@example.com,Netherlands,2023-07-10,Basic,433.70
335,Barbara Young,barbara.young335@example.com,United States,2020-08-10,Premium,9821.62
336,Mary King,mary.king336@example.com,India,2024-11-20,Standard,965.56
337,William Perez,william.perez337@example.com,United Arab Emirates,2021-08-18,Basic,47.64
338,Elizabeth Nguyen,elizabeth.nguyen338@example.com,United Kingdom,2019-03-31,Basic,677.18
339,Lisa Jones,lisa.jones339@example.com,Spain,2022-06-09,Standard,2426.86
340,Nancy Martin,nancy.martin340@example.com,United Kingdom,2022-11-25,Standard,3209.00
341,Ashley Kim,ashley.kim341@example.com,Italy,2024-04-20,Standard,2835.53
342,Michelle Thompson,michelle.thompson342@example.com,Mexico,2019-12-20,Standard,1637.86
343,Carlos Khan,carlos.khan343@example.com,United Kingdom,2018-01-08,Standard,3805.39
344,Andrew Sanchez,andrew.sanchez344@example.com,Netherlands,2024-05-13,Basic,25.91
345,Joshua Lee,joshua.lee345@example.com,Mexico,2020-06-23,Basic,511.72
346,Michael Young,michael.young346@example.com,Italy,2018-11-15,Premium,5093.95
347,Christopher Hernandez,christopher.hernandez347@example.com,Canada,2025-12-13,Standard,2746.09
348,Carlos Perez,carlos.perez348@example.com,France,2020-05-08,Standard,1148.26
349,Robert Thompson,robert.thompson349@example.com,Canada,2018-01-06,Standard,382.96
350,Mark Rossi,mark.rossi350@example.com,United Kingdom,2022-08-23,Standard,2073.71
351,Matthew Thompson,matthew.thompson351@example.com,Canada,2023-05-18,Standard,3197.17
352,Andrew Kim,andrew.kim352@example.com,Germany,2019-10-29,Basic,361.03
353,John Jackson,john.jackson353@example.com,France,2019-03-05,Premium,2964.61
354,David Harris,david.harris354@example.com,Canada,2024-02-19,Standard,3778.97
355,Jennifer Perez,jennifer.perez355@example.com,Mexico,2023-06-01,Standard,2877.12
356,Margaret Kim,margaret.kim356@example.com,United Arab Emirates,2022-11-14,Standard,796.99
357,Michael Perez,michael.perez357@example.com,Germany,2022-08-04,Standard,2849.35
358,Carlos Rossi,carlos.rossi358@example.com,Spain,2021-02-27,Standard,1330.12
359,Michael Brown,michael.brown359@example.com,Japan,2023-07-04,Standard,783.64
360,Lisa Smith,lisa.smith360@example.com,France,2025-06-04,Standard,2575.35
361,Donald Gonzalez,donald.gonzalez361@example.com,Germany,2019-12-01,Premium,10296.48
362,Jennifer Walker,jennifer.walker362@example.com,France,2022-06-17,Basic,376.76
363,Wei Taylor,wei.taylor363@example.com,Japan,2022-05-07,Premium,4403.46
364,Matthew White,matthew.white364@example.com,United States,2020-12-14,Standard,1871.01
365,Thomas Anderson,thomas.anderson365@example.com,Mexico,2018-09-10,Basic,120.90
366,Omar Chen,omar.chen366@example.com,Spain,2021-11-09,Premium,12506.34
367,Anthony Silva,anthony.silva367@example.com,Japan,2018-09-07,Standard,3395.03
368,Kimberly Clark,kimberly.clark368@example.com,Spain,2023-04-29,Basic,458.17
369,Jessica Walker,jessica.walker369@example.com,Australia,2018-05-23,Standard,2107.99
370,Kimberly Torres,kimberly.torres370@example.com,Mexico,2019-08-27,Standard,657.07
371,Hans Lewis,hans.lewis371@example.com,United Kingdom,2020-05-17,Standard,3272.15
372,William Williams,william.williams372@example.com,Spain,2022-11-19,Standard,967.29
373,Aarav Martinez,aarav.martinez373@example.com,France,2021-08-02,Basic,728.64
374,Robert Garcia,robert.garcia374@example.com,Australia,2024-03-11,Standard,1439.28
375,Sarah King,sarah.king375@example.com,Singapore,2018-02-20,Standard,3188.89
376,Michelle Nguyen,michelle.nguyen376@example.com,Australia,2019-04-06,Standard,1774.88
377,Elizabeth Torres,elizabeth.torres377@example.com,Netherlands,2019-02-15,Standard,3714.73
378,Andrew Costa,andrew.costa378@example.com,France,2024-01-03,Premium,13441.77
379,Anthony Taylor,anthony.taylor379@example.com,Brazil,2024-06-01,Standard,2514.06
380,John Lopez,john.lopez380@example.com,United Kingdom,2024-12-07,Standard,2512.89
381,Omar Sanchez,omar.sanchez381@example.com,United Arab Emirates,2021-09-19,Premium,10976.68
382,Patricia Mueller,patricia.mueller382@example.com,France,2022-03-06,Standard,276.88
383,Karen Martin,karen.martin383@example.com,Brazil,2025-10-22,Standard,2802.44
384,Joseph Rodriguez,joseph.rodriguez384@example.com,Italy,2022-12-20,Standard,3141.32
385,Christopher Moore,christopher.moore385@example.com,Mexico,2025-03-29,Basic,71.43
386,Mark Wilson,mark.wilson386@example.com,Australia,2023-06-08,Basic,607.59
387,Lisa Brown,lisa.brown387@example.com,United Kingdom,2018-09-26,Standard,1382.27
388,Steven Sanchez,steven.sanchez388@example.com,Singapore,2023-11-18,Premium,13431.32
389,Mary Lopez,mary.lopez389@example.com,Singapore,2020-04-02,Standard,3380.51
390,Jessica Williams,jessica.williams390@example.com,United Arab Emirates,2022-01-16,Standard,2877.61
391,Sarah White,sarah.white391@example.com,Japan,2022-06-14,Basic,508.33
392,Linda Singh,linda.singh392@example.com,India,2023-06-26,Premium,9722.57
393,Barbara Walker,barbara.walker393@example.com,India,2021-11-11,Standard,821.35
394,Thomas Mueller,thomas.mueller394@example.com,Canada,2021-03-13,Basic,21.96
395,Patricia Hernandez,patricia.hernandez395@example.com,Netherlands,2020-05-27,Basic,685.69
396,Ananya Anderson,ananya.anderson396@example.com,France,2025-04-22,Standard,1756.13
397,Mary Costa,mary.costa397@example.com,Spain,2018-02-06,Basic,379.28
398,William Kim,william.kim398@example.com,Netherlands,2018-02-04,Standard,1050.33
399,Joshua Martin,joshua.martin399@example.com,Italy,2025-03-17,Basic,220.30
400,Matthew Thompson,matthew.thompson400@example.com,Germany,2023-03-27,Standard,1348.15
401,Kimberly Flores,kimberly.flores401@example.com,Canada,2018-01-31,Standard,2143.75
402,Wei White,wei.white402@example.com,Mexico,2024-10-30,Standard,1274.17
403,Yuki Miller,yuki.miller403@example.com,India,2021-02-06,Standard,2634.26
404,Sarah Taylor,sarah.taylor404@example.com,United Arab Emirates,2025-04-22,Standard,1335.41
405,Elizabeth King,elizabeth.king405@example.com,United Arab Emirates,2018-08-21,Basic,644.34
406,Joshua Sanchez,joshua.sanchez406@example.com,Spain,2019-07-28,Standard,2940.88
407,Ananya Young,ananya.young407@example.com,France,2022-09-11,Basic,323.68
408,Sofia Williams,sofia.williams408@example.com,Mexico,2020-02-17,Standard,1504.03
409,Fatima Anderson,fatima.anderson409@example.com,Spain,2023-05-03,Standard,3644.80
410,Wei Thompson,wei.thompson410@example.com,Singapore,2019-11-28,Standard,3394.43
411,Emily Lopez,emily.lopez411@example.com,Brazil,2019-06-09,Standard,3015.49
412,Carlos Scott,carlos.scott412@example.com,United Kingdom,2025-08-16,Basic,719.67
413,Ananya Garcia,ananya.garcia413@example.com,Germany,2021-06-11,Standard,1797.80
414,Nancy White,nancy.white414@example.com,France,2023-03-15,Standard,3434.61
415,Donald Brown,donald.brown415@example.com,Mexico,2024-07-04,Basic,755.44
416,Robert Walker,robert.walker416@example.com,Japan,2019-05-06,Basic,694.00
417,Matthew King,matthew.king417@example.com,United States,2019-09-10,Standard,721.99
418,Richard Perez,richard.perez418@example.com,Mexico,2023-02-18,Standard,744.25
419,Fatima Lopez,fatima.lopez419@example.com,Brazil,2021-09-24,Basic,504.83
420,Barbara Lee,barbara.lee420@example.com,United States,2023-01-26,Standard,1239.41
421,Hans Costa,hans.costa421@example.com,Netherlands,2019-10-11,Standard,2060.39
422,Hans Costa,hans.costa422@example.com,Mexico,2022-11-12,Premium,10235.34
423,Betty Ramirez,betty.ramirez423@example.com,Australia,2018-01-20,Basic,30.18
424,Richard Rossi,richard.rossi424@example.com,United States,2021-08-12,Standard,3076.02
425,Kimberly Gonzalez,kimberly.gonzalez425@example.com,United States,2025-01-10,Premium,11536.84
426,Joseph Khan,joseph.khan426@example.com,France,2019-06-13,Basic,82.17
427,Steven Nguyen,steven.nguyen427@example.com,Canada,2018-07-07,Standard,1333.17
428,Charles Robinson,charles.robinson428@example.com,Mexico,2023-11-17,Basic,270.27
429,Yuki Rodriguez,yuki.rodriguez429@example.com,United Arab Emirates,2023-07-01,Standard,1565.15
430,Richard Hernandez,richard.hernandez430@example.com,United Arab Emirates,2022-07-11,Basic,15.30
431,Joseph Rossi,joseph.rossi431@example.com,Germany,2018-03-31,Basic,471.75
432,David Davis,david.davis432@example.com,Spain,2018-06-03,Standard,1625.73
433,Aarav Taylor,aarav.taylor433@example.com,Mexico,2018-07-19,Basic,475.14
434,Patricia Chen,patricia.chen434@example.com,Singapore,2018-03-22,Premium,2627.06
435,Linda Clark,linda.clark435@example.com,Canada,2024-02-20,Standard,1160.41
436,Omar Martinez,omar.martinez436@example.com,Spain,2025-01-25,Standard,235.36
437,Anthony Chen,anthony.chen437@example.com,Japan,2021-01-10,Premium,10096.37
438,Omar Rodriguez,omar.rodriguez438@example.com,United Arab Emirates,2019-03-06,Standard,2144.02
439,Michelle Davis,michelle.davis439@example.com,Netherlands,2019-03-12,Standard,2091.41
440,Joshua Gonzalez,joshua.gonzalez440@example.com,Singapore,2023-11-13,Basic,778.50
441,Daniel Ali,daniel.ali441@example.com,United Kingdom,2018-06-11,Standard,2282.93
442,Susan Khan,susan.khan442@example.com,India,2020-08-18,Basic,2.19
443,Wei Garcia,wei.garcia443@example.com,Singapore,2024-06-09,Basic,535.22
444,Elizabeth Garcia,elizabeth.garcia444@example.com,Canada,2019-02-19,Basic,723.82
445,Ananya Anderson,ananya.anderson445@example.com,France,2020-12-17,Standard,1964.25
446,Michael Lopez,michael.lopez446@example.com,Singapore,2021-04-05,Basic,288.17
447,Yuki Lee,yuki.lee447@example.com,Canada,2019-01-25,Standard,3434.73
448,John Smith,john.smith448@example.com,Spain,2025-04-04,Basic,136.41
449,Daniel Lewis,daniel.lewis449@example.com,France,2019-01-16,Basic,298.10
450,Nancy Lopez,nancy.lopez450@example.com,Australia,2023-02-13,Premium,5533.83
451,Matthew Khan,matthew.khan451@example.com,Netherlands,2022-09-24,Basic,519.08
452,David Davis,david.davis452@example.com,Italy,2018-08-29,Premium,14760.40
453,David Miller,david.miller453@example.com,Mexico,2023-06-01,Standard,3248.61
454,Yuki Lewis,yuki.lewis454@example.com,Australia,2022-01-08,Standard,2523.16
455,Yuki Rossi,yuki.rossi455@example.com,United Kingdom,2023-06-02,Basic,736.32
456,Linda Clark,linda.clark456@example.com,Canada,2020-12-07,Standard,2688.90
457,James Ali,james.ali457@example.com,Japan,2024-06-19,Basic,579.02
458,Joseph Chen,joseph.chen458@example.com,Japan,2023-11-13,Basic,550.59
459,Michelle Miller,michelle.miller459@example.com,Italy,2020-10-15,Standard,2031.33
460,Wei Singh,wei.singh460@example.com,United Kingdom,2024-04-05,Standard,3589.84
461,Michelle Brown,michelle.brown461@example.com,United Arab Emirates,2019-10-05,Premium,8572.38
462,Donald Young,donald.young462@example.com,Canada,2023-07-07,Basic,256.51
463,Nancy Moore,nancy.moore463@example.com,Germany,2024-03-04,Premium,10363.13
464,Betty Thomas,betty.thomas464@example.com,Brazil,2024-06-05,Premium,7825.28
465,Ashley Lewis,ashley.lewis465@example.com,Brazil,2025-04-30,Standard,267.52
466,Betty Clark,betty.clark466@example.com,Japan,2018-01-01,Premium,12736.81
467,Joshua Flores,joshua.flores467@example.com,United Arab Emirates,2023-09-14,Standard,2336.86
468,Ananya Chen,ananya.chen468@example.com,India,2022-01-28,Standard,3336.18
469,Joseph Robinson,joseph.robinson469@example.com,Netherlands,2024-12-13,Standard,2479.81
470,Fatima Chen,fatima.chen470@example.com,Brazil,2019-04-13,Standard,570.26
471,Wei Anderson,wei.anderson471@example.com,India,2025-02-08,Premium,14537.64
472,Charles Scott,charles.scott472@example.com,Italy,2019-03-12,Standard,373.96
473,David Young,david.young473@example.com,Italy,2022-08-04,Premium,3390.50
474,Michelle Gonzalez,michelle.gonzalez474@example.com,United Arab Emirates,2022-05-29,Standard,1019.24
475,Richard Ali,richard.ali475@example.com,Netherlands,2022-08-25,Standard,376.70
476,Aarav Singh,aarav.singh476@example.com,Netherlands,2023-01-20,Standard,1938.07
477,Donna Allen,donna.allen477@example.com,Brazil,2018-01-18,Premium,8894.74
478,Patricia Scott,patricia.scott478@example.com,Singapore,2024-07-24,Basic,386.35
479,Steven Costa,steven.costa479@example.com,United Kingdom,2025-10-04,Basic,462.84
480,Carlos Rodriguez,carlos.rodriguez480@example.com,Spain,2024-09-25,Premium,9880.09
481,Christopher Allen,christopher.allen481@example.com,Australia,2024-10-30,Basic,732.73
482,Hans Thomas,hans.thomas482@example.com,India,2021-04-19,Standard,1920.81
483,William Rodriguez,william.rodriguez483@example.com,Italy,2023-09-30,Standard,1335.87
484,Omar Scott,omar.scott484@example.com,Italy,2024-03-17,Basic,506.07
485,Richard Wilson,richard.wilson485@example.com,France,2025-09-13,Standard,1512.12
486,Yuki Rodriguez,yuki.rodriguez486@example.com,Spain,2019-12-30,Basic,403.11
487,Omar Patel,omar.patel487@example.com,Canada,2021-12-13,Standard,2336.66
488,Donna Torres,donna.torres488@example.com,Italy,2022-09-06,Basic,539.39
489,Paul Jackson,paul.jackson489@example.com,Australia,2018-02-22,Basic,418.18
490,Mary Harris,mary.harris490@example.com,Spain,2018-08-20,Premium,4598.73
491,Hans Hernandez,hans.hernandez491@example.com,Spain,2020-10-23,Basic,117.14
492,Patricia Khan,patricia.khan492@example.com,Germany,2024-01-26,Basic,25.85
493,Mark Miller,mark.miller493@example.com,Spain,2024-04-20,Standard,3486.40
494,Sofia Kim,sofia.kim494@example.com,Germany,2023-09-24,Standard,3180.37
495,Omar Jackson,omar.jackson495@example.com,United States,2022-04-12,Standard,1672.71
496,Yuki Lee,yuki.lee496@example.com,United States,2018-02-23,Basic,594.94
497,Richard Flores,richard.flores497@example.com,Singapore,2022-12-20,Basic,663.99
498,Aarav Ali,aarav.ali498@example.com,India,2024-08-07,Basic,437.29
499,Joshua Gonzalez,joshua.gonzalez499@example.com,Germany,2021-04-19,Basic,359.05
500,Yuki Jones,yuki.jones500@example.com,United Kingdom,2023-10-06,Standard,653.54
501,John Ramirez,john.ramirez501@example.com,France,2019-06-17,Standard,811.53
502,Thomas Smith,thomas.smith502@example.com,Italy,2019-09-27,Standard,351.77
503,Christopher Hill,christopher.hill503@example.com,United Arab Emirates,2025-01-05,Premium,10002.91
504,Wei Martin,wei.martin504@example.com,Mexico,2024-03-03,Standard,1560.73
505,Fatima Lee,fatima.lee505@example.com,United Kingdom,2023-11-03,Standard,459.07
506,Steven Hernandez,steven.hernandez506@example.com,Japan,2022-07-11,Standard,549.39
507,Joseph Wilson,joseph.wilson507@example.com,India,2022-01-17,Standard,1315.58
508,Hans Flores,hans.flores508@example.com,Japan,2025-04-13,Standard,233.45
509,Wei Thompson,wei.thompson509@example.com,United Arab Emirates,2025-03-15,Standard,2532.06
510,Michelle Thomas,michelle.thomas510@example.com,Spain,2021-08-07,Basic,305.10
511,Linda Harris,linda.harris511@example.com,Italy,2021-03-04,Standard,293.88
512,Kimberly Costa,kimberly.costa512@example.com,Netherlands,2023-09-15,Standard,1893.12
513,John Jackson,john.jackson513@example.com,Germany,2021-08-05,Basic,411.12
514,Michael Hernandez,michael.hernandez514@example.com,Netherlands,2024-01-13,Basic,426.56
515,Aarav Jones,aarav.jones515@example.com,Spain,2020-05-23,Standard,3486.81
516,Margaret Miller,margaret.miller516@example.com,Singapore,2025-11-18,Standard,3538.82
517,Sofia Costa,sofia.costa517@example.com,Singapore,2018-10-23,Standard,3038.19
518,Elizabeth Johnson,elizabeth.johnson518@example.com,India,2018-06-05,Standard,532.58
519,Patricia Lopez,patricia.lopez519@example.com,Japan,2018-10-16,Basic,459.97
520,Joseph Taylor,joseph.taylor520@example.com,Brazil,2025-01-25,Standard,1736.90
521,Christopher Johnson,christopher.johnson521@example.com,Canada,2023-12-31,Standard,222.42
522,Carlos Flores,carlos.flores522@example.com,Italy,2024-07-26,Premium,2591.72
523,Robert Thompson,robert.thompson523@example.com,Canada,2021-04-02,Basic,629.51
524,Karen Hill,karen.hill524@example.com,Netherlands,2022-11-28,Premium,6958.38
525,Wei Johnson,wei.johnson525@example.com,Japan,2020-06-19,Standard,718.25
526,Betty Wright,betty.wright526@example.com,Spain,2019-08-14,Standard,1332.61
527,Carlos Kim,carlos.kim527@example.com,United States,2024-03-17,Standard,3524.11
528,Elizabeth Davis,elizabeth.davis528@example.com,Mexico,2024-09-09,Premium,7123.06
529,Emily Garcia,emily.garcia529@example.com,Italy,2021-11-09,Standard,1004.60
530,Ananya Allen,ananya.allen530@example.com,United Kingdom,2020-06-23,Premium,10019.50
531,Thomas Gonzalez,thomas.gonzalez531@example.com,Spain,2024-05-12,Premium,13079.26
532,Hans Scott,hans.scott532@example.com,Japan,2018-10-27,Standard,1304.48
533,Robert Taylor,robert.taylor533@example.com,Italy,2024-07-06,Premium,8333.48
534,Nancy Thompson,nancy.thompson534@example.com,Spain,2020-08-18,Premium,3300.59
535,Michelle Jones,michelle.jones535@example.com,India,2023-06-14,Basic,360.52
536,Michelle Chen,michelle.chen536@example.com,Mexico,2019-09-17,Standard,2349.10
537,Lisa Lee,lisa.lee537@example.com,United Kingdom,2018-01-20,Basic,250.57
538,Joseph Ali,joseph.ali538@example.com,Australia,2021-02-07,Basic,672.09
539,William Singh,william.singh539@example.com,United Arab Emirates,2023-05-20,Basic,370.28
540,Daniel Costa,daniel.costa540@example.com,Japan,2019-03-22,Standard,867.93
541,Joshua Garcia,joshua.garcia541@example.com,Singapore,2019-07-28,Basic,713.04
542,Richard Taylor,richard.taylor542@example.com,Spain,2018-11-10,Basic,581.94
543,Mary Allen,mary.allen543@example.com,Singapore,2024-07-11,Standard,2399.82
544,Ingrid Nguyen,ingrid.nguyen544@example.com,United States,2024-03-09,Standard,1190.34
545,Paul Walker,paul.walker545@example.com,United Kingdom,2022-02-07,Standard,1691.49
546,Ingrid Nguyen,ingrid.nguyen546@example.com,France,2019-07-03,Basic,371.76
547,Steven Garcia,steven.garcia547@example.com,Japan,2018-02-13,Standard,2718.18
548,Michelle Singh,michelle.singh548@example.com,Japan,2019-07-29,Standard,1895.64
549,Barbara Torres,barbara.torres549@example.com,Spain,2019-08-22,Basic,588.74
550,Donald Thompson,donald.thompson550@example.com,Netherlands,2023-06-21,Premium,5012.75
551,Thomas White,thomas.white551@example.com,Spain,2020-04-26,Standard,2167.96
552,Lisa Harris,lisa.harris552@example.com,Brazil,2018-07-10,Standard,351.64
553,Ananya Lee,ananya.lee553@example.com,Japan,2025-02-08,Premium,12785.41
554,Sofia Taylor,sofia.taylor554@example.com,Mexico,2019-12-14,Standard,1631.31
555,Matthew White,matthew.white555@example.com,United Arab Emirates,2018-11-15,Standard,2163.32
556,Matthew Anderson,matthew.anderson556@example.com,India,2021-11-14,Standard,2050.07
557,Donald Hill,donald.hill557@example.com,United Arab Emirates,2019-07-24,Premium,7718.68
558,Joseph Jones,joseph.jones558@example.com,France,2020-05-16,Standard,770.91
559,David White,david.white559@example.com,Singapore,2019-04-30,Standard,2712.22
560,Anthony Perez,anthony.perez560@example.com,Brazil,2025-07-28,Basic,383.05
561,Susan Nguyen,susan.nguyen561@example.com,Singapore,2022-08-11,Standard,285.29
562,John Rodriguez,john.rodriguez562@example.com,United Kingdom,2019-07-06,Standard,2592.25
563,John Torres,john.torres563@example.com,United Kingdom,2020-11-23,Premium,13991.81
564,Kimberly Sanchez,kimberly.sanchez564@example.com,Mexico,2025-02-24,Standard,270.76
565,Carlos Rossi,carlos.rossi565@example.com,France,2018-12-18,Standard,1023.05
566,Joshua Walker,joshua.walker566@example.com,United Kingdom,2020-06-17,Basic,664.29
567,Joshua Martinez,joshua.martinez567@example.com,Singapore,2020-01-15,Basic,498.57
568,Steven Taylor,steven.taylor568@example.com,Spain,2021-11-04,Standard,3704.94
569,Joshua Nguyen,joshua.nguyen569@example.com,Australia,2022-04-28,Premium,3718.77
570,Mary Gonzalez,mary.gonzalez570@example.com,United Arab Emirates,2023-08-28,Standard,2800.60
571,Elizabeth Hill,elizabeth.hill571@example.com,Brazil,2024-11-23,Premium,9797.58
572,Paul Allen,paul.allen572@example.com,Canada,2023-05-30,Basic,527.51
573,Joshua Wright,joshua.wright573@example.com,United Arab Emirates,2025-08-11,Basic,519.39
574,Kimberly Clark,kimberly.clark574@example.com,United States,2025-10-28,Standard,2213.30
575,Joseph Walker,joseph.walker575@example.com,Australia,2021-12-06,Basic,471.24
576,Sofia Silva,sofia.silva576@example.com,Mexico,2019-02-05,Basic,340.39
577,Thomas Walker,thomas.walker577@example.com,United Arab Emirates,2018-12-10,Basic,226.61
578,Paul Clark,paul.clark578@example.com,United States,2025-12-14,Standard,3025.85
579,James Torres,james.torres579@example.com,Japan,2018-01-30,Standard,1625.11
580,Susan Khan,susan.khan580@example.com,Australia,2022-01-23,Basic,85.27
581,Margaret Kim,margaret.kim581@example.com,France,2024-01-05,Standard,1809.53
582,Lisa Flores,lisa.flores582@example.com,Spain,2022-06-16,Standard,3068.89
583,Anthony Scott,anthony.scott583@example.com,Brazil,2020-01-03,Basic,296.17
584,Emily Walker,emily.walker584@example.com,France,2024-06-24,Standard,1508.55
585,Fatima Sanchez,fatima.sanchez585@example.com,Singapore,2025-05-24,Basic,95.27
586,Joseph Lewis,joseph.lewis586@example.com,United Kingdom,2019-02-15,Basic,171.57
587,Betty Perez,betty.perez587@example.com,Mexico,2025-10-26,Basic,547.65
588,Patricia Hernandez,patricia.hernandez588@example.com,Spain,2018-01-22,Standard,3256.60
589,Elizabeth Walker,elizabeth.walker589@example.com,Australia,2018-12-28,Basic,51.26
590,Joseph White,joseph.white590@example.com,United States,2022-04-24,Premium,14098.90
591,Betty Flores,betty.flores591@example.com,France,2025-12-24,Standard,3861.41
592,Patricia Costa,patricia.costa592@example.com,Spain,2023-07-18,Basic,351.18
593,Richard Chen,richard.chen593@example.com,Japan,2021-03-17,Basic,155.80
594,Joshua Allen,joshua.allen594@example.com,Germany,2024-11-24,Standard,844.03
595,John White,john.white595@example.com,United States,2019-10-07,Standard,530.00
596,Sarah Costa,sarah.costa596@example.com,Spain,2022-06-07,Standard,1740.71
597,Richard King,richard.king597@example.com,Italy,2018-10-09,Premium,13949.31
598,Emily Jackson,emily.jackson598@example.com,Japan,2024-07-15,Basic,278.48
599,Sarah Anderson,sarah.anderson599@example.com,Germany,2023-02-06,Standard,3732.91
600,Andrew Smith,andrew.smith600@example.com,Australia,2023-09-05,Standard,604.57
601,Robert Allen,robert.allen601@example.com,Canada,2023-10-04,Standard,3835.50
602,Paul Torres,paul.torres602@example.com,Brazil,2022-03-25,Standard,2340.04
603,Ingrid Thomas,ingrid.thomas603@example.com,Netherlands,2023-02-23,Basic,545.28
604,Donna Johnson,donna.johnson604@example.com,France,2018-10-04,Standard,1654.16
605,Joseph Singh,joseph.singh605@example.com,Netherlands,2021-07-17,Basic,329.94
606,Daniel King,daniel.king606@example.com,Italy,2020-12-14,Standard,1143.38
607,Jennifer Sanchez,jennifer.sanchez607@example.com,Singapore,2021-11-01,Standard,488.91
608,Barbara Walker,barbara.walker608@example.com,Germany,2024-06-07,Standard,1222.49
609,Sofia Singh,sofia.singh609@example.com,Germany,2023-08-06,Basic,589.69
610,Jessica Mueller,jessica.mueller610@example.com,France,2020-04-26,Standard,1070.99
611,Jessica Flores,jessica.flores611@example.com,Netherlands,2019-03-13,Standard,655.54
612,Jennifer Singh,jennifer.singh612@example.com,Brazil,2024-11-19,Basic,5.30
613,Paul Williams,paul.williams613@example.com,India,2024-12-17,Basic,252.33
614,Andrew Moore,andrew.moore614@example.com,Netherlands,2023-09-25,Standard,1265.01
615,Joseph Silva,joseph.silva615@example.com,United States,2023-11-24,Standard,3237.23
616,Donald Wright,donald.wright616@example.com,India,2022-06-01,Premium,13185.20
617,Ingrid Lopez,ingrid.lopez617@example.com,Canada,2025-10-31,Standard,2169.18
618,Christopher Khan,christopher.khan618@example.com,Spain,2020-05-13,Premium,6932.56
619,Michael Lee,michael.lee619@example.com,Singapore,2020-11-29,Standard,911.18
620,Thomas Thomas,thomas.thomas620@example.com,Mexico,2021-11-06,Standard,1590.51
621,Ashley Ramirez,ashley.ramirez621@example.com,Italy,2022-03-05,Standard,1587.30
622,Betty Moore,betty.moore622@example.com,Mexico,2019-06-22,Standard,3921.24
623,Yuki Anderson,yuki.anderson623@example.com,Italy,2021-01-10,Basic,643.27
624,Emily Ramirez,emily.ramirez624@example.com,Germany,2019-08-21,Basic,640.03
625,Sofia Martinez,sofia.martinez625@example.com,United States,2019-12-25,Standard,1801.78
626,William Patel,william.patel626@example.com,Italy,2021-07-17,Standard,3184.27
627,Karen Taylor,karen.taylor627@example.com,Mexico,2018-07-15,Standard,1713.93
628,Omar Hernandez,omar.hernandez628@example.com,Singapore,2020-11-07,Premium,8195.01
629,Aarav Miller,aarav.miller629@example.com,India,2020-11-30,Standard,1571.66
630,Emily Scott,emily.scott630@example.com,France,2021-11-10,Basic,15.87
631,Linda Thompson,linda.thompson631@example.com,Mexico,2020-03-25,Basic,461.48
632,Ananya Kim,ananya.kim632@example.com,Netherlands,2021-03-11,Standard,1549.41
633,Yuki Allen,yuki.allen633@example.com,Italy,2023-01-05,Standard,3580.60
634,Matthew Flores,matthew.flores634@example.com,Spain,2019-08-17,Standard,3499.38
635,Aarav Perez,aarav.perez635@example.com,Mexico,2024-05-30,Standard,1738.14
636,Robert Garcia,robert.garcia636@example.com,Germany,2021-07-08,Standard,1404.14
637,Charles Ali,charles.ali637@example.com,Spain,2022-06-08,Standard,1230.74
638,Mark Costa,mark.costa638@example.com,India,2024-08-01,Basic,416.75
639,Mark Clark,mark.clark639@example.com,Singapore,2018-04-05,Standard,675.15
640,Jessica Chen,jessica.chen640@example.com,Italy,2025-11-10,Standard,3049.01
641,Susan Hernandez,susan.hernandez641@example.com,Canada,2018-09-19,Standard,3759.82
642,Donald Scott,donald.scott642@example.com,Netherlands,2022-06-15,Premium,8811.78
643,Jennifer Miller,jennifer.miller643@example.com,United Kingdom,2018-12-12,Standard,2688.36
644,Matthew Martin,matthew.martin644@example.com,Italy,2021-03-09,Standard,1884.01
645,William Rodriguez,william.rodriguez645@example.com,United Kingdom,2018-04-28,Standard,333.59
646,Daniel Lee,daniel.lee646@example.com,Brazil,2024-01-24,Basic,747.89
647,Emily Lewis,emily.lewis647@example.com,Italy,2024-01-18,Premium,4301.48
648,Joshua Robinson,joshua.robinson648@example.com,Spain,2024-04-29,Standard,1852.91
649,Aarav Patel,aarav.patel649@example.com,United Arab Emirates,2021-11-23,Standard,2030.28
650,Joseph Garcia,joseph.garcia650@example.com,India,2022-08-16,Standard,1187.27
651,Karen Smith,karen.smith651@example.com,Singapore,2019-07-13,Premium,6470.50
652,Donald Wright,donald.wright652@example.com,United Arab Emirates,2023-07-08,Premium,14310.45
653,Donald Martin,donald.martin653@example.com,Australia,2021-04-14,Premium,9761.05
654,James Scott,james.scott654@example.com,Australia,2024-04-15,Standard,1861.00
655,Jessica Hernandez,jessica.hernandez655@example.com,Spain,2022-05-16,Basic,662.74
656,Joseph Taylor,joseph.taylor656@example.com,Spain,2020-09-08,Premium,8715.93
657,Michelle Khan,michelle.khan657@example.com,France,2025-04-10,Standard,3023.12
658,Sarah Clark,sarah.clark658@example.com,Canada,2020-01-18,Standard,719.17
659,Linda Patel,linda.patel659@example.com,Brazil,2021-01-19,Standard,2861.80
660,Ashley Gonzalez,ashley.gonzalez660@example.com,United Kingdom,2018-07-23,Standard,3884.92
661,Mary Lopez,mary.lopez661@example.com,France,2021-01-07,Basic,100.03
662,Mark Rossi,mark.rossi662@example.com,Canada,2019-09-10,Premium,2191.42
663,Susan Perez,susan.perez663@example.com,Netherlands,2023-08-04,Standard,3992.26
664,Sandra Khan,sandra.khan664@example.com,India,2018-11-25,Basic,674.84
665,Elizabeth Brown,elizabeth.brown665@example.com,Australia,2018-10-20,Standard,2264.13
666,Barbara Gonzalez,barbara.gonzalez666@example.com,France,2022-04-12,Basic,662.60
667,Linda Costa,linda.costa667@example.com,Australia,2022-12-20,Basic,197.73
668,John Gonzalez,,Netherlands,2019-01-20,Standard,2180.33
669,Susan Walker,susan.walker669@example.com,France,2021-08-16,Standard,802.72
670,Carlos Williams,carlos.williams670@example.com,Japan,2023-11-04,Basic,97.71
671,Donald Patel,donald.patel671@example.com,India,2018-08-02,Standard,3481.90
672,Susan Davis,susan.davis672@example.com,Australia,2021-08-22,Standard,257.26
673,Sarah Nguyen,sarah.nguyen673@example.com,Netherlands,2020-09-22,Premium,2116.09
674,John Nguyen,john.nguyen674@example.com,Brazil,2025-09-20,Basic,476.97
675,Lisa Costa,lisa.costa675@example.com,United Kingdom,2023-08-10,Premium,3188.22
676,Michelle Perez,michelle.perez676@example.com,Netherlands,2025-01-04,Basic,48.04
677,Daniel Kim,daniel.kim677@example.com,Japan,2019-03-16,Standard,678.14
678,Joseph Lee,joseph.lee678@example.com,Netherlands,2025-03-25,Basic,605.36
679,Mark Rossi,mark.rossi679@example.com,Italy,2022-03-28,Standard,1561.04
680,William Taylor,william.taylor680@example.com,Brazil,2025-12-04,Basic,350.00
681,Charles Wright,charles.wright681@example.com,Germany,2024-05-10,Standard,909.18
682,Daniel Lee,daniel.lee682@example.com,France,2024-09-18,Basic,731.58
683,Emily Hernandez,emily.hernandez683@example.com,United Kingdom,2023-01-15,Premium,5843.74
684,Thomas Wright,thomas.wright684@example.com,United States,2025-02-26,Standard,2122.64
685,Carlos Lopez,carlos.lopez685@example.com,Mexico,2022-01-31,Basic,620.81
686,Jessica Lee,jessica.lee686@example.com,Spain,2024-01-17,Basic,655.24
687,Richard King,richard.king687@example.com,Netherlands,2024-03-08,Standard,785.70
688,Charles Lee,charles.lee688@example.com,India,2019-03-29,Standard,565.77
689,Wei Jones,wei.jones689@example.com,United Kingdom,2020-01-02,Premium,13355.41
690,Richard Miller,richard.miller690@example.com,Canada,2018-05-11,Standard,2369.85
691,Matthew Chen,matthew.chen691@example.com,Mexico,2025-11-12,Standard,2443.14
692,Patricia White,patricia.white692@example.com,Italy,2018-10-18,Standard,249.73
693,Susan Kim,susan.kim693@example.com,United Arab Emirates,2018-11-24,Standard,1978.62
694,Aarav Brown,aarav.brown694@example.com,Italy,2022-08-31,Standard,3323.70
695,Fatima Brown,fatima.brown695@example.com,France,2023-12-07,Basic,32.52
696,Robert Martin,robert.martin696@example.com,Germany,2023-10-29,Premium,3262.55
697,Carlos Anderson,carlos.anderson697@example.com,Germany,2020-03-02,Standard,2199.53
698,Jessica Torres,jessica.torres698@example.com,United Kingdom,2024-04-06,Standard,3046.94
699,Anthony Mueller,anthony.mueller699@example.com,Spain,2024-06-19,Premium,6653.52
700,Sandra Khan,sandra.khan700@example.com,United Arab Emirates,2019-03-03,Standard,833.88
701,Barbara Scott,barbara.scott701@example.com,India,2025-05-17,Standard,801.07
702,Joshua Lewis,joshua.lewis702@example.com,United Arab Emirates,2021-07-14,Basic,440.07
703,Christopher White,christopher.white703@example.com,Spain,2022-10-30,Standard,3339.39
704,Christopher Hill,christopher.hill704@example.com,Japan,2020-05-26,Standard,1625.24
705,Emily Mueller,emily.mueller705@example.com,Brazil,2023-01-07,Standard,3847.33
706,James Rossi,james.rossi706@example.com,France,2024-09-06,Premium,2211.93
707,William Martin,william.martin707@example.com,Germany,2020-05-29,Premium,13124.37
708,Mary Costa,mary.costa708@example.com,Italy,2021-02-04,Basic,735.29
709,Steven Scott,steven.scott709@example.com,Mexico,2019-09-26,Standard,558.29
710,Sandra Thompson,sandra.thompson710@example.com,France,2022-02-12,Standard,3580.58
711,Jessica Anderson,jessica.anderson711@example.com,France,2019-01-12,Standard,2367.85
712,Andrew Wilson,andrew.wilson712@example.com,Italy,2021-08-22,Basic,634.32
713,Barbara Young,barbara.young713@example.com,Italy,2025-11-18,Basic,460.99
714,Michael Hill,michael.hill714@example.com,United States,2024-06-18,Standard,1649.88
715,Ingrid Brown,ingrid.brown715@example.com,India,2021-11-26,Basic,703.83
716,Margaret Clark,margaret.clark716@example.com,Canada,2020-07-17,Basic,598.14
717,Joshua Smith,joshua.smith717@example.com,Spain,2022-04-16,Standard,405.69
718,Kimberly Williams,kimberly.williams718@example.com,Mexico,2019-09-05,Standard,1441.96
719,Omar Anderson,omar.anderson719@example.com,Spain,2022-05-29,Standard,3889.95
720,Hans Hill,hans.hill720@example.com,Canada,2020-06-28,Standard,1841.36
721,Betty Martinez,betty.martinez721@example.com,Canada,2023-05-04,Premium,9428.73
722,Patricia Scott,patricia.scott722@example.com,Canada,2022-06-21,Standard,2106.93
723,Ingrid Khan,ingrid.khan723@example.com,United Kingdom,2023-05-24,Premium,9270.85
724,Ashley Sanchez,ashley.sanchez724@example.com,Germany,2024-04-17,Standard,2540.79
725,Sofia King,sofia.king725@example.com,Canada,2020-12-26,Standard,3151.73
726,Christopher Singh,christopher.singh726@example.com,Canada,2019-04-06,Basic,537.40
727,Margaret White,margaret.white727@example.com,India,2021-11-12,Standard,2456.73
728,Mary Costa,mary.costa728@example.com,India,2024-11-29,Standard,3322.02
729,Mark Flores,mark.flores729@example.com,United States,2020-08-14,Premium,4595.91
730,Lisa Martinez,lisa.martinez730@example.com,Singapore,2018-12-18,Basic,89.90
731,Patricia Thomas,patricia.thomas731@example.com,United Arab Emirates,2019-08-28,Basic,695.00
732,Charles Smith,charles.smith732@example.com,Netherlands,2019-04-01,Standard,1359.45
733,Donald Johnson,donald.johnson733@example.com,Italy,2024-01-13,Standard,1005.13
734,Paul King,paul.king734@example.com,Japan,2023-06-02,Basic,498.43
735,Elizabeth Khan,elizabeth.khan735@example.com,United States,2022-03-23,Standard,2415.42
736,Wei King,wei.king736@example.com,United Kingdom,2018-09-04,Premium,5692.18
737,Omar Flores,omar.flores737@example.com,Brazil,2025-05-05,Standard,3791.67
738,Robert Harris,robert.harris738@example.com,Spain,2025-05-27,Standard,1568.83
739,Michael Johnson,michael.johnson739@example.com,United Arab Emirates,2025-04-13,Standard,1668.79
740,Matthew Allen,matthew.allen740@example.com,Canada,2021-07-16,Basic,387.73
741,Joshua Wright,joshua.wright741@example.com,Germany,2023-08-13,Premium,14568.29
742,Emily Ali,emily.ali742@example.com,Germany,2023-12-09,Premium,5964.06
743,Ashley Sanchez,ashley.sanchez743@example.com,United States,2021-11-21,Basic,547.45
744,Daniel Patel,daniel.patel744@example.com,Japan,2021-02-03,Standard,3285.19
745,Aarav Taylor,aarav.taylor745@example.com,United Arab Emirates,2018-05-01,Basic,755.31
746,Sarah Anderson,sarah.anderson746@example.com,United Arab Emirates,2022-05-29,Standard,2696.34
747,Jennifer Rossi,jennifer.rossi747@example.com,Spain,2024-11-13,Standard,3516.27
748,Yuki Anderson,yuki.anderson748@example.com,Mexico,2019-09-18,Standard,1820.57
749,Karen Hill,karen.hill749@example.com,Japan,2019-06-24,Standard,985.68
750,William Nguyen,william.nguyen750@example.com,Netherlands,2020-04-08,Standard,3477.83
751,Karen Khan,karen.khan751@example.com,Japan,2019-07-08,Basic,344.05
752,Ingrid Martinez,ingrid.martinez752@example.com,Mexico,2019-10-10,Standard,1406.49
753,Emily Wright,emily.wright753@example.com,Canada,2020-01-25,Basic,254.08
754,Elizabeth Rossi,elizabeth.rossi754@example.com,India,2022-08-23,Premium,14495.55
755,Karen Lewis,karen.lewis755@example.com,Singapore,2025-02-21,Basic,746.60
756,Sarah Martinez,sarah.martinez756@example.com,Canada,2019-06-23,Basic,147.80
757,Hans Flores,hans.flores757@example.com,Mexico,2024-05-11,Standard,2526.98
758,Joshua Anderson,joshua.anderson758@example.com,United States,2022-01-11,Standard,502.01
759,Ingrid Walker,ingrid.walker759@example.com,Singapore,2024-10-12,Premium,8093.93
760,Ananya White,ananya.white760@example.com,Australia,2023-07-06,Standard,2000.62
761,David Gonzalez,david.gonzalez761@example.com,Australia,2018-03-03,Standard,3716.65
762,Anthony Anderson,anthony.anderson762@example.com,Germany,2020-04-17,Basic,52.91
763,Mark Flores,mark.flores763@example.com,India,2023-02-18,Standard,3572.83
764,Margaret Sanchez,margaret.sanchez764@example.com,Mexico,2022-04-08,Basic,576.16
765,Betty Flores,betty.flores765@example.com,Mexico,2024-08-29,Basic,428.93
766,Ananya Ali,ananya.ali766@example.com,Japan,2019-03-24,Basic,361.29
767,John Thomas,john.thomas767@example.com,Australia,2018-06-10,Standard,2319.26
768,Kimberly Silva,kimberly.silva768@example.com,United States,2020-02-17,Standard,1306.48
769,Betty Martin,betty.martin769@example.com,France,2023-03-05,Basic,133.19
770,Charles Flores,charles.flores770@example.com,Italy,2023-10-19,Basic,722.94
771,Sandra Kim,sandra.kim771@example.com,Italy,2023-08-13,Standard,630.05
772,Ingrid Nguyen,ingrid.nguyen772@example.com,Italy,2024-02-17,Basic,108.25
773,Anthony Lee,anthony.lee773@example.com,United Kingdom,2023-02-02,Standard,2443.20
774,Fatima Gonzalez,fatima.gonzalez774@example.com,Canada,2020-10-21,Basic,259.26
775,Ananya Ali,ananya.ali775@example.com,Italy,2019-05-22,Basic,72.95
776,Fatima Lewis,fatima.lewis776@example.com,Canada,2023-11-16,Standard,2887.66
777,Carlos Allen,carlos.allen777@example.com,United Kingdom,2022-04-01,Standard,2291.31
778,John Costa,john.costa778@example.com,India,2024-05-05,Standard,3510.96
779,Elizabeth Hernandez,elizabeth.hernandez779@example.com,United Kingdom,2025-12-26,Basic,41.05
780,Karen Martin,karen.martin780@example.com,Brazil,2021-03-28,Basic,501.16
781,Linda Rodriguez,linda.rodriguez781@example.com,United States,2024-12-25,Basic,612.32
782,James Robinson,james.robinson782@example.com,Brazil,2024-02-05,Standard,3268.33
783,Joshua Young,joshua.young783@example.com,Mexico,2025-05-25,Standard,2007.71
784,Anthony Lewis,anthony.lewis784@example.com,Mexico,2018-01-27,Premium,5181.27
785,Emily Moore,emily.moore785@example.com,Japan,2020-04-30,Standard,385.89
786,Elizabeth Brown,elizabeth.brown786@example.com,United States,2019-08-19,Standard,3444.55
787,Wei Torres,wei.torres787@example.com,France,2021-09-18,Basic,736.31
788,Patricia Miller,patricia.miller788@example.com,United Kingdom,2019-10-23,Standard,2753.94
789,Michelle Chen,michelle.chen789@example.com,Mexico,2024-06-02,Standard,3191.77
790,Barbara Robinson,barbara.robinson790@example.com,India,2018-05-27,Basic,74.50
791,Karen Lee,karen.lee791@example.com,Australia,2018-10-05,Standard,3082.08
792,Emily Jones,emily.jones792@example.com,United Kingdom,2019-05-15,Standard,2839.55
793,Sarah Perez,sarah.perez793@example.com,Japan,2020-05-09,Standard,2844.15
794,Michelle Brown,michelle.brown794@example.com,Italy,2025-01-20,Premium,8876.31
795,Jennifer Walker,jennifer.walker795@example.com,Mexico,2025-12-05,Basic,229.75
796,Joshua Lee,joshua.lee796@example.com,Mexico,2024-12-27,Standard,1544.64
797,William Flores,william.flores797@example.com,Japan,2025-02-01,Standard,2091.42
798,Barbara Flores,barbara.flores798@example.com,France,2020-03-03,Standard,206.01
799,Mary Robinson,mary.robinson799@example.com,Canada,2020-04-29,Standard,3238.34
800,Anthony Clark,anthony.clark800@example.com,India,2024-04-14,Premium,12478.57
801,Susan Smith,susan.smith801@example.com,Italy,2021-02-27,Standard,1166.79
802,Robert Martin,robert.martin802@example.com,Japan,2021-08-19,Standard,3114.72
803,Linda Singh,linda.singh803@example.com,Australia,2024-05-19,Standard,2540.77
804,Mary Lopez,mary.lopez804@example.com,Singapore,2021-10-16,Standard,3704.66
805,Donald Walker,donald.walker805@example.com,Spain,2019-07-11,Basic,385.20
806,Aarav Robinson,aarav.robinson806@example.com,Japan,2021-10-04,Basic,369.98
807,Anthony Mueller,anthony.mueller807@example.com,Japan,2021-05-11,Premium,9344.25
808,Yuki Lee,yuki.lee808@example.com,United States,2020-05-03,Standard,2394.11
809,Nancy Thompson,nancy.thompson809@example.com,United Kingdom,2021-02-22,Premium,12929.61
810,Nancy Harris,nancy.harris810@example.com,Singapore,2019-11-11,Standard,2369.73
811,Matthew Lopez,matthew.lopez811@example.com,Singapore,2021-06-16,Standard,2880.01
812,Christopher Ali,christopher.ali812@example.com,Australia,2018-12-22,Premium,8461.71
813,Jessica White,jessica.white813@example.com,France,2020-06-04,Standard,2195.38
814,Barbara Davis,barbara.davis814@example.com,United States,2020-04-07,Standard,3670.74
815,Mark Allen,mark.allen815@example.com,Brazil,2023-08-11,Premium,4003.01
816,Nancy Walker,nancy.walker816@example.com,Japan,2021-06-25,Basic,620.43
817,Elizabeth Costa,elizabeth.costa817@example.com,Singapore,2023-10-16,Basic,541.37
818,William Wilson,william.wilson818@example.com,Brazil,2022-05-07,Basic,570.94
819,Kimberly Davis,kimberly.davis819@example.com,United Arab Emirates,2018-06-30,Premium,10931.68
820,Joshua Garcia,joshua.garcia820@example.com,United Arab Emirates,2018-07-08,Standard,591.79
821,Ingrid Chen,ingrid.chen821@example.com,United States,2024-06-23,Basic,606.80
822,Aarav Wilson,aarav.wilson822@example.com,Germany,2021-03-19,Standard,1251.27
823,Christopher Costa,christopher.costa823@example.com,Canada,2021-01-21,Standard,767.42
824,Sarah Davis,sarah.davis824@example.com,Mexico,2024-04-11,Premium,8682.79
825,Susan Wright,susan.wright825@example.com,India,2021-01-15,Standard,737.92
826,Fatima Jackson,fatima.jackson826@example.com,United Kingdom,2018-10-19,Standard,1383.23
827,Nancy Wright,nancy.wright827@example.com,United Kingdom,2018-04-29,Standard,1988.80
828,Yuki Brown,yuki.brown828@example.com,United States,2018-12-19,Premium,7544.05
829,Barbara Ali,barbara.ali829@example.com,Mexico,2025-01-22,Standard,3377.46
830,Omar Lewis,omar.lewis830@example.com,France,2021-09-23,Standard,3306.28
831,Fatima Silva,fatima.silva831@example.com,Japan,2018-11-18,Standard,3899.99
832,Hans Silva,hans.silva832@example.com,United Kingdom,2019-01-16,Standard,3288.83
833,Omar Robinson,omar.robinson833@example.com,France,2025-09-04,Premium,10377.44
834,Ingrid Robinson,ingrid.robinson834@example.com,Germany,2019-08-12,Standard,3472.17
835,Michelle Taylor,michelle.taylor835@example.com,Australia,2020-01-22,Basic,559.69
836,Wei Perez,wei.perez836@example.com,United Arab Emirates,2021-08-23,Basic,362.63
837,Mary Jones,mary.jones837@example.com,India,2023-05-15,Standard,1952.72
838,David Jackson,david.jackson838@example.com,Mexico,2024-06-11,Basic,101.92
839,Michael Sanchez,michael.sanchez839@example.com,Netherlands,2019-03-15,Basic,260.70
840,Ananya Jones,ananya.jones840@example.com,Japan,2023-03-04,Basic,320.65
841,Anthony Thomas,anthony.thomas841@example.com,Japan,2019-10-14,Standard,3900.79
842,Matthew Jones,matthew.jones842@example.com,Singapore,2025-10-13,Standard,2445.69
843,Margaret Torres,margaret.torres843@example.com,Japan,2025-10-14,Basic,188.92
844,Wei Chen,wei.chen844@example.com,United Arab Emirates,2025-12-25,Premium,9464.45
845,Ashley Davis,ashley.davis845@example.com,Brazil,2021-08-25,Standard,2309.33
846,Mark Lopez,mark.lopez846@example.com,Australia,2018-10-13,Standard,2473.38
847,Yuki Hill,yuki.hill847@example.com,Australia,2021-09-03,Basic,395.44
848,Wei Brown,wei.brown848@example.com,Singapore,2019-07-24,Premium,13534.40
849,Hans Patel,hans.patel849@example.com,Netherlands,2019-08-24,Basic,528.71
850,Mark Wright,mark.wright850@example.com,Mexico,2024-06-25,Standard,1899.21
851,Susan Singh,susan.singh851@example.com,France,2024-05-24,Basic,635.48
852,Yuki Martin,yuki.martin852@example.com,United Arab Emirates,2022-11-16,Basic,574.23
853,Daniel Garcia,daniel.garcia853@example.com,Mexico,2023-09-22,Standard,1735.95
854,William Jackson,william.jackson854@example.com,United Arab Emirates,2024-02-27,Premium,14582.69
855,James Ali,james.ali855@example.com,India,2019-03-26,Standard,3472.74
856,Mary Thomas,mary.thomas856@example.com,Mexico,2022-06-03,Standard,2575.81
857,Fatima Harris,fatima.harris857@example.com,Australia,2024-02-11,Standard,1002.62
858,Barbara Walker,barbara.walker858@example.com,Japan,2022-04-25,Premium,12963.26
859,Lisa Clark,lisa.clark859@example.com,Singapore,2025-07-07,Standard,677.09
860,James Jones,james.jones860@example.com,United Kingdom,2023-06-17,Standard,2700.12
861,William Garcia,william.garcia861@example.com,Netherlands,2022-08-31,Premium,13181.99
862,Omar Hill,omar.hill862@example.com,Mexico,2020-01-07,Basic,363.52
863,Margaret Scott,margaret.scott863@example.com,Australia,2021-12-26,Basic,180.59
864,Margaret Hill,margaret.hill864@example.com,Brazil,2020-08-27,Premium,11257.69
865,Sarah Clark,sarah.clark865@example.com,Mexico,2022-02-12,Basic,26.77
866,John Torres,john.torres866@example.com,India,2019-04-09,Standard,2405.02
867,Omar Garcia,omar.garcia867@example.com,Italy,2023-11-27,Premium,14786.53
868,Hans Costa,hans.costa868@example.com,Japan,2018-11-17,Standard,2188.76
869,Michelle Garcia,michelle.garcia869@example.com,Spain,2025-06-11,Standard,3849.56
870,Robert Singh,robert.singh870@example.com,Netherlands,2024-07-02,Standard,1387.50
871,Patricia Perez,patricia.perez871@example.com,United States,2023-04-05,Standard,1925.33
872,Donald Torres,donald.torres872@example.com,Australia,2021-12-16,Basic,768.47
873,Charles Jackson,charles.jackson873@example.com,Italy,2024-09-13,Standard,3047.82
874,Carlos Torres,carlos.torres874@example.com,Spain,2023-04-23,Standard,2396.94
875,Andrew Brown,andrew.brown875@example.com,France,2025-01-01,Standard,303.73
876,Ashley Garcia,ashley.garcia876@example.com,Canada,2021-02-12,Premium,5276.66
877,Michelle Moore,michelle.moore877@example.com,France,2018-02-28,Standard,3017.43
878,Joshua Lopez,joshua.lopez878@example.com,Italy,2019-09-12,Basic,527.32
879,Lisa Lopez,lisa.lopez879@example.com,Italy,2020-08-25,Standard,2042.69
880,Kimberly Williams,kimberly.williams880@example.com,Canada,2019-08-18,Standard,2463.07
881,Elizabeth Young,elizabeth.young881@example.com,Australia,2022-04-19,Basic,190.36
882,Mark Rossi,mark.rossi882@example.com,Germany,2024-06-24,Standard,2990.57
883,Daniel Brown,daniel.brown883@example.com,Netherlands,2019-04-21,Standard,399.59
884,Sandra Sanchez,sandra.sanchez884@example.com,Brazil,2023-12-22,Standard,1087.91
885,Yuki Ali,yuki.ali885@example.com,France,2019-08-18,Standard,2215.68
886,Margaret Smith,margaret.smith886@example.com,Netherlands,2023-01-13,Standard,1651.62
887,Christopher King,christopher.king887@example.com,United States,2019-02-03,Standard,3687.31
888,Aarav Thompson,aarav.thompson888@example.com,Australia,2024-11-05,Basic,734.43
889,Sarah Perez,sarah.perez889@example.com,Netherlands,2019-02-07,Standard,1170.31
890,Donna Sanchez,donna.sanchez890@example.com,Spain,2020-09-17,Standard,2990.39
891,Donna Costa,donna.costa891@example.com,India,2025-08-07,Standard,2823.06
892,Barbara Lee,barbara.lee892@example.com,Spain,2018-02-04,Standard,3360.42
893,James Clark,james.clark893@example.com,Canada,2025-09-08,Premium,7797.25
894,Joseph Rossi,joseph.rossi894@example.com,Germany,2018-05-20,Standard,290.06
895,Jennifer Brown,jennifer.brown895@example.com,Spain,2020-06-07,Basic,760.39
896,Aarav Davis,aarav.davis896@example.com,Canada,2018-12-20,Basic,685.15
897,William Harris,william.harris897@example.com,United Arab Emirates,2025-04-07,Standard,2351.06
898,Barbara Davis,barbara.davis898@example.com,France,2021-04-21,Standard,1974.43
899,Robert Patel,robert.patel899@example.com,France,2022-10-15,Standard,2830.44
900,Wei Costa,wei.costa900@example.com,France,2019-10-26,Basic,624.59
901,Sarah Costa,sarah.costa901@example.com,Australia,2021-09-24,Premium,14947.46
902,Thomas Taylor,thomas.taylor902@example.com,Canada,2023-07-08,Standard,3921.80
903,Richard Flores,richard.flores903@example.com,Spain,2023-07-09,Standard,612.04
904,Paul Costa,paul.costa904@example.com,Mexico,2025-03-20,Standard,603.75
905,Mark Ali,mark.ali905@example.com,United States,2018-10-26,Standard,467.57
906,Carlos Taylor,carlos.taylor906@example.com,United States,2023-08-01,Basic,119.08
907,Aarav Smith,aarav.smith907@example.com,Spain,2022-05-19,Basic,213.15
908,Omar Perez,omar.perez908@example.com,Mexico,2018-01-16,Basic,412.31
909,Ingrid Young,ingrid.young909@example.com,Australia,2018-10-15,Standard,2252.49
910,James Harris,james.harris910@example.com,Singapore,2023-05-29,Basic,96.96
911,Paul Thompson,paul.thompson911@example.com,France,2022-06-29,Standard,409.74
912,Ananya Garcia,ananya.garcia912@example.com,Singapore,2021-10-24,Standard,505.74
913,Sandra Silva,sandra.silva913@example.com,Spain,2020-04-11,Basic,141.29
914,John Harris,john.harris914@example.com,France,2025-10-21,Standard,1682.40
915,Michael Patel,michael.patel915@example.com,Brazil,2018-12-14,Standard,3563.81
916,Mark Mueller,,United States,2020-03-01,Standard,296.39
917,Donna Thomas,donna.thomas917@example.com,Canada,2024-01-24,Standard,2644.95
918,Ashley Wright,ashley.wright918@example.com,Netherlands,2023-01-15,Basic,773.26
919,Mary Williams,mary.williams919@example.com,India,2018-06-25,Standard,1740.93
920,Susan Kim,susan.kim920@example.com,Brazil,2025-08-09,Standard,3506.76
921,Paul Martinez,paul.martinez921@example.com,Germany,2018-10-23,Basic,29.50
922,Elizabeth Young,elizabeth.young922@example.com,Brazil,2024-12-07,Standard,374.05
923,Omar Kim,omar.kim923@example.com,United Kingdom,2025-02-04,Premium,2649.45
924,Karen Miller,karen.miller924@example.com,United Kingdom,2024-08-17,Standard,443.04
925,Michael Davis,michael.davis925@example.com,Netherlands,2024-11-26,Standard,1038.18
926,Richard Ramirez,richard.ramirez926@example.com,Singapore,2025-08-10,Standard,1727.63
927,Linda Singh,linda.singh927@example.com,United Kingdom,2021-08-10,Standard,3378.42
928,Susan Silva,susan.silva928@example.com,United Kingdom,2021-10-06,Premium,2821.88
929,Sarah Martinez,sarah.martinez929@example.com,United Kingdom,2025-10-23,Basic,295.94
930,David Lewis,david.lewis930@example.com,Mexico,2018-06-16,Standard,706.81
931,Aarav Flores,aarav.flores931@example.com,United Kingdom,2018-03-06,Standard,3542.58
932,Jennifer Smith,jennifer.smith932@example.com,United Arab Emirates,2019-01-01,Premium,11187.64
933,Donna Jackson,donna.jackson933@example.com,Netherlands,2023-05-04,Standard,2830.96
934,Susan Martinez,susan.martinez934@example.com,Japan,2023-01-19,Standard,1765.72
935,Barbara Flores,barbara.flores935@example.com,Mexico,2020-01-08,Standard,2925.36
936,Michelle Garcia,michelle.garcia936@example.com,Netherlands,2021-05-18,Standard,1521.84
937,James Scott,james.scott937@example.com,Canada,2023-12-12,Standard,3911.81
938,Michelle White,michelle.white938@example.com,Japan,2023-09-10,Basic,175.42
939,Ingrid Patel,ingrid.patel939@example.com,France,2018-08-06,Standard,936.13
940,Elizabeth Singh,elizabeth.singh940@example.com,United Arab Emirates,2023-04-28,Basic,398.01
941,David Chen,david.chen941@example.com,United States,2025-03-26,Basic,291.35
942,Susan Ramirez,susan.ramirez942@example.com,Mexico,2023-01-31,Standard,364.61
943,Sofia Brown,sofia.brown943@example.com,United Kingdom,2019-10-10,Basic,628.39
944,Ashley Allen,ashley.allen944@example.com,United Arab Emirates,2020-08-21,Premium,11378.24
945,Donna Nguyen,donna.nguyen945@example.com,Germany,2025-08-04,Standard,3613.82
946,Joseph Costa,joseph.costa946@example.com,Germany,2019-02-06,Premium,5082.54
947,Anthony Gonzalez,anthony.gonzalez947@example.com,Germany,2018-10-29,Standard,1989.76
948,Ashley Brown,ashley.brown948@example.com,United Kingdom,2020-06-04,Basic,742.31
949,Sandra Lopez,sandra.lopez949@example.com,United Kingdom,2023-02-18,Standard,2935.32
950,Aarav Thompson,aarav.thompson950@example.com,Germany,2021-10-07,Basic,101.77
951,Omar Torres,omar.torres951@example.com,United Kingdom,2019-04-01,Premium,13071.47
952,Sandra Clark,sandra.clark952@example.com,India,2020-06-19,Standard,3568.35
953,Joshua Hernandez,joshua.hernandez953@example.com,Spain,2024-11-09,Basic,724.46
954,Andrew Scott,andrew.scott954@example.com,Canada,2022-08-14,Basic,685.58
955,Ashley Wilson,ashley.wilson955@example.com,Singapore,2023-03-11,Standard,1260.85
956,Carlos Ramirez,carlos.ramirez956@example.com,Germany,2020-10-12,Basic,261.84
957,Donna Anderson,donna.anderson957@example.com,Mexico,2019-09-03,Basic,731.00
958,James Clark,james.clark958@example.com,United States,2023-04-12,Basic,586.78
959,Steven Williams,steven.williams959@example.com,Australia,2023-05-18,Standard,3276.92
960,Omar Miller,omar.miller960@example.com,Germany,2018-12-07,Standard,2322.25
961,James Khan,james.khan961@example.com,Germany,2019-06-28,Basic,286.72
962,Jessica Kim,jessica.kim962@example.com,United States,2023-05-20,Basic,535.23
963,David Ali,david.ali963@example.com,Mexico,2024-07-18,Standard,292.77
964,Sandra Robinson,sandra.robinson964@example.com,Singapore,2025-11-20,Basic,324.29
965,Lisa Patel,lisa.patel965@example.com,Spain,2018-01-06,Standard,3469.45
966,Robert Harris,robert.harris966@example.com,India,2023-12-15,Basic,26.17
967,Margaret Silva,margaret.silva967@example.com,Mexico,2024-01-31,Standard,2385.87
968,Susan Singh,susan.singh968@example.com,United Arab Emirates,2021-10-07,Premium,11564.89
969,Patricia Allen,patricia.allen969@example.com,Spain,2022-01-30,Basic,710.38
970,Linda Harris,linda.harris970@example.com,Mexico,2018-06-17,Standard,1589.17
971,Barbara Kim,barbara.kim971@example.com,Canada,2024-04-15,Standard,2895.48
972,Susan Rodriguez,susan.rodriguez972@example.com,Germany,2024-01-20,Basic,90.85
973,Donald Mueller,donald.mueller973@example.com,Mexico,2025-11-18,Basic,167.84
974,Sofia Silva,sofia.silva974@example.com,India,2020-12-31,Standard,2113.55
975,Margaret Moore,margaret.moore975@example.com,India,2021-11-15,Premium,7881.34
976,Steven King,steven.king976@example.com,Brazil,2025-12-17,Basic,425.52
977,Paul Jackson,paul.jackson977@example.com,India,2025-07-20,Standard,3792.39
978,Robert Gonzalez,robert.gonzalez978@example.com,Brazil,2018-12-24,Basic,64.14
979,Barbara Jackson,barbara.jackson979@example.com,Canada,2019-03-24,Basic,131.81
980,Linda Khan,linda.khan980@example.com,United Kingdom,2020-04-16,Premium,8768.94
981,Aarav Johnson,aarav.johnson981@example.com,Spain,2024-01-27,Standard,3740.54
982,Donald Thompson,donald.thompson982@example.com,Italy,2025-03-25,Standard,281.63
983,Richard Jones,richard.jones983@example.com,Netherlands,2020-08-09,Premium,12854.32
984,Kimberly Kim,kimberly.kim984@example.com,Mexico,2021-11-05,Standard,2691.89
985,Christopher Young,christopher.young985@example.com,Italy,2023-12-12,Standard,3399.25
986,Mark Robinson,mark.robinson986@example.com,United Kingdom,2021-06-09,Standard,852.60
987,Thomas Anderson,thomas.anderson987@example.com,France,2018-07-13,Standard,763.69
988,Charles Robinson,charles.robinson988@example.com,Mexico,2019-10-21,Basic,569.45
989,Charles Lopez,charles.lopez989@example.com,Singapore,2025-12-10,Basic,554.29
990,Wei Martinez,wei.martinez990@example.com,Canada,2018-06-18,Standard,3976.34
991,Andrew Rodriguez,andrew.rodriguez991@example.com,India,2020-01-26,Standard,979.59
992,Fatima Williams,fatima.williams992@example.com,India,2019-08-29,Standard,1617.08
993,Paul Hernandez,paul.hernandez993@example.com,Canada,2018-04-13,Standard,1737.34
994,Ashley Costa,ashley.costa994@example.com,Brazil,2021-08-04,Premium,4028.69
995,Sofia Wright,sofia.wright995@example.com,India,2025-04-05,Basic,564.36
996,Donald Jackson,donald.jackson996@example.com,Netherlands,2024-06-07,Basic,533.51
997,Andrew Rossi,andrew.rossi997@example.com,Brazil,2021-10-19,Basic,551.32
998,Carlos Walker,carlos.walker998@example.com,United Kingdom,2025-08-09,Basic,440.77
999,Karen Johnson,karen.johnson999@example.com,Singapore,2020-06-21,Standard,1894.70
1000,Jennifer Lee,jennifer.lee1000@example.com,Spain,2020-03-10,Premium,9584.61
1001,Joseph Costa,joseph.costa1001@example.com,United States,2018-12-09,Standard,2245.97
1002,Mark Singh,mark.singh1002@example.com,Canada,2023-09-28,Standard,1698.81
1003,Ashley Lee,ashley.lee1003@example.com,Japan,2018-08-18,Standard,3652.10
1004,Lisa Sanchez,lisa.sanchez1004@example.com,Singapore,2022-10-18,Premium,6805.19
1005,Lisa Smith,lisa.smith1005@example.com,India,2021-06-15,Standard,3914.59
1006,Emily Garcia,emily.garcia1006@example.com,United Arab Emirates,2022-12-25,Standard,3017.81
1007,Anthony Lewis,anthony.lewis1007@example.com,Netherlands,2022-10-03,Standard,2968.70
1008,Anthony Rodriguez,anthony.rodriguez1008@example.com,Mexico,2018-12-19,Basic,114.91
1009,Karen Walker,karen.walker1009@example.com,Japan,2021-10-05,Basic,52.89
1010,Donna Silva,donna.silva1010@example.com,United States,2022-08-05,Standard,2627.46
1011,Sarah Clark,sarah.clark1011@example.com,Brazil,2025-12-19,Standard,2358.08
1012,William Gonzalez,william.gonzalez1012@example.com,Australia,2021-03-31,Standard,2304.69
1013,John Martin,john.martin1013@example.com,France,2023-07-17,Basic,447.42
1014,Sandra Anderson,sandra.anderson1014@example.com,United States,2019-09-23,Premium,5414.80
1015,Aarav Patel,aarav.patel1015@example.com,Spain,2025-06-20,Standard,3592.21
1016,Anthony Lopez,anthony.lopez1016@example.com,Italy,2025-03-26,Standard,1130.05
1017,Linda Silva,linda.silva1017@example.com,Canada,2024-09-19,Standard,3033.15
1018,Donna Walker,donna.walker1018@example.com,Singapore,2020-11-22,Standard,2586.38
1019,Donald Khan,donald.khan1019@example.com,India,2023-10-01,Basic,586.37
1020,Mary Taylor,mary.taylor1020@example.com,United States,2019-08-22,Standard,1414.79
1021,Omar Rodriguez,omar.rodriguez1021@example.com,United States,2021-01-21,Standard,1572.42
1022,Aarav Thompson,aarav.thompson1022@example.com,France,2023-12-10,Premium,10306.30
1023,Robert Allen,robert.allen1023@example.com,Spain,2020-01-21,Standard,3105.82
1024,Joshua Silva,joshua.silva1024@example.com,India,2021-07-19,Standard,3341.92
1025,Yuki Martin,yuki.martin1025@example.com,Italy,2025-09-20,Standard,1577.59
1026,Paul Nguyen,paul.nguyen1026@example.com,United Kingdom,2018-02-22,Standard,720.41
1027,Charles White,charles.white1027@example.com,Australia,2021-10-25,Basic,736.73
1028,David Miller,david.miller1028@example.com,Japan,2020-06-24,Standard,3359.98
1029,Emily Flores,emily.flores1029@example.com,Japan,2023-12-20,Standard,2907.68
1030,Omar Silva,omar.silva1030@example.com,Australia,2023-03-02,Basic,732.82
1031,Linda Rodriguez,linda.rodriguez1031@example.com,Brazil,2021-11-27,Basic,249.26
1032,Lisa Rodriguez,lisa.rodriguez1032@example.com,United Arab Emirates,2024-09-13,Basic,418.50
1033,Nancy Lopez,nancy.lopez1033@example.com,United States,2019-05-01,Basic,177.89
1034,Omar Martinez,omar.martinez1034@example.com,France,2019-05-29,Standard,997.40
1035,Jennifer Ramirez,jennifer.ramirez1035@example.com,Netherlands,2019-04-03,Standard,495.39
1036,Ingrid Walker,ingrid.walker1036@example.com,United States,2020-03-15,Basic,86.25
1037,Wei Allen,wei.allen1037@example.com,Brazil,2019-05-03,Standard,3652.41
1038,John Jones,john.jones1038@example.com,United States,2019-01-31,Standard,3173.01
1039,Joshua Wilson,joshua.wilson1039@example.com,Germany,2020-01-27,Standard,2748.28
1040,Mary Garcia,mary.garcia1040@example.com,Italy,2021-02-10,Premium,14334.29
1041,Daniel Thompson,daniel.thompson1041@example.com,Japan,2024-11-15,Standard,1118.93
1042,Andrew Jones,andrew.jones1042@example.com,Mexico,2018-02-27,Premium,8874.90
1043,Fatima Gonzalez,fatima.gonzalez1043@example.com,United Kingdom,2024-01-10,Basic,3.46
1044,Carlos Miller,carlos.miller1044@example.com,United Arab Emirates,2023-08-28,Basic,681.04
1045,Donald White,donald.white1045@example.com,United Kingdom,2022-12-06,Standard,2759.40
1046,Michael Lopez,michael.lopez1046@example.com,Australia,2022-10-04,Basic,171.42
1047,Joseph Clark,joseph.clark1047@example.com,India,2019-05-22,Premium,8056.72
1048,Kimberly Rodriguez,kimberly.rodriguez1048@example.com,India,2025-11-26,Standard,1295.43
1049,Carlos Williams,carlos.williams1049@example.com,Brazil,2019-04-19,Premium,7002.15
1050,Sandra Hill,sandra.hill1050@example.com,Spain,2022-12-24,Basic,180.70
1051,Anthony Jackson,anthony.jackson1051@example.com,Australia,2020-02-13,Basic,685.42
1052,Donald Singh,donald.singh1052@example.com,United States,2025-07-24,Standard,2068.26
1053,Michael Sanchez,michael.sanchez1053@example.com,Spain,2025-08-03,Standard,523.02
1054,Elizabeth Sanchez,elizabeth.sanchez1054@example.com,Mexico,2019-02-21,Standard,3017.44
1055,David Jones,david.jones1055@example.com,Germany,2021-10-19,Standard,961.00
1056,Betty Davis,betty.davis1056@example.com,Australia,2023-08-07,Standard,1258.37
1057,Fatima Costa,fatima.costa1057@example.com,France,2025-03-22,Standard,3784.26
1058,Daniel Walker,daniel.walker1058@example.com,Australia,2023-06-08,Standard,2143.38
1059,Elizabeth Costa,elizabeth.costa1059@example.com,Canada,2020-10-23,Standard,2059.50
1060,Joseph Patel,joseph.patel1060@example.com,United States,2019-02-12,Basic,590.24
1061,Robert Young,robert.young1061@example.com,United Kingdom,2022-04-17,Standard,2497.42
1062,Christopher Martinez,christopher.martinez1062@example.com,Mexico,2019-01-30,Standard,3088.65
1063,Wei Silva,wei.silva1063@example.com,Brazil,2023-03-24,Standard,967.34
1064,Wei Young,wei.young1064@example.com,France,2024-01-31,Standard,1505.74
1065,Paul Wright,paul.wright1065@example.com,Netherlands,2018-05-10,Premium,14879.25
1066,Linda Harris,linda.harris1066@example.com,Singapore,2022-03-22,Standard,1881.71
1067,John Williams,john.williams1067@example.com,Spain,2021-05-26,Standard,3561.86
1068,David Young,david.young1068@example.com,France,2022-05-13,Standard,2052.33
1069,Linda Torres,linda.torres1069@example.com,Spain,2024-03-18,Standard,2804.42
1070,Andrew Walker,andrew.walker1070@example.com,Singapore,2019-10-03,Standard,2125.40
1071,Betty Taylor,betty.taylor1071@example.com,Australia,2024-12-01,Standard,2770.65
1072,Ingrid Jackson,ingrid.jackson1072@example.com,United States,2024-08-15,Standard,371.45
1073,Lisa Thompson,lisa.thompson1073@example.com,Mexico,2018-04-21,Basic,612.16
1074,Aarav Perez,aarav.perez1074@example.com,Australia,2021-11-14,Standard,3969.39
1075,Anthony Thompson,anthony.thompson1075@example.com,Germany,2020-10-11,Premium,5050.09
1076,Karen Nguyen,karen.nguyen1076@example.com,Italy,2018-09-26,Premium,13296.22
1077,Linda Perez,linda.perez1077@example.com,Japan,2021-08-28,Standard,342.03
1078,Wei Ramirez,wei.ramirez1078@example.com,United Arab Emirates,2022-09-22,Standard,1213.15
1079,Omar Walker,omar.walker1079@example.com,India,2022-03-28,Standard,2367.34
1080,Christopher Torres,christopher.torres1080@example.com,Brazil,2019-02-14,Premium,10981.23
1081,Susan Perez,susan.perez1081@example.com,Netherlands,2025-06-26,Standard,1490.25
1082,Michelle Martin,michelle.martin1082@example.com,Australia,2020-04-06,Standard,2088.42
1083,Robert Wright,robert.wright1083@example.com,France,2018-07-14,Standard,1329.82
1084,Andrew Sanchez,andrew.sanchez1084@example.com,Mexico,2019-01-12,Basic,574.17
1085,Donna Miller,donna.miller1085@example.com,France,2018-10-03,Standard,2352.43
1086,Kimberly Walker,kimberly.walker1086@example.com,India,2018-11-11,Standard,2675.84
1087,Karen Allen,karen.allen1087@example.com,Australia,2025-06-10,Basic,431.96
1088,Richard Clark,richard.clark1088@example.com,Mexico,2023-10-12,Standard,1922.27
1089,Hans Scott,hans.scott1089@example.com,United States,2025-01-15,Standard,2872.66
1090,Barbara Torres,barbara.torres1090@example.com,Spain,2023-03-30,Standard,1218.16
1091,Aarav Wright,aarav.wright1091@example.com,Singapore,2022-11-12,Basic,747.71
1092,Carlos Patel,carlos.patel1092@example.com,Germany,2022-02-01,Premium,8012.33
1093,Jessica Martinez,jessica.martinez1093@example.com,Netherlands,2021-05-14,Basic,675.30
1094,Anthony Lee,anthony.lee1094@example.com,United Arab Emirates,2018-09-21,Basic,507.14
1095,Anthony Moore,anthony.moore1095@example.com,Spain,2019-10-20,Basic,205.16
1096,Joshua Thomas,joshua.thomas1096@example.com,Canada,2019-09-07,Standard,929.28
1097,Jessica Martin,jessica.martin1097@example.com,Japan,2022-11-22,Standard,1803.67
1098,John Gonzalez,john.gonzalez1098@example.com,United Kingdom,2018-04-30,Standard,1181.91
1099,Sarah Chen,sarah.chen1099@example.com,Spain,2018-06-22,Standard,3862.39
1100,Ashley Johnson,ashley.johnson1100@example.com,United Arab Emirates,2018-12-10,Premium,6080.76
1101,Karen Jones,karen.jones1101@example.com,Australia,2022-01-28,Basic,537.34
1102,Jennifer Sanchez,jennifer.sanchez1102@example.com,Italy,2019-07-30,Basic,188.83
1103,Andrew Mueller,andrew.mueller1103@example.com,Canada,2023-11-08,Standard,2724.03
1104,Donna Costa,donna.costa1104@example.com,France,2023-07-27,Basic,707.65
1105,Jessica Hill,jessica.hill1105@example.com,Netherlands,2021-07-07,Premium,6280.72
1106,Donna Mueller,donna.mueller1106@example.com,Italy,2020-08-24,Standard,3754.90
1107,Susan Martinez,susan.martinez1107@example.com,Germany,2021-01-29,Premium,7713.18
1108,Thomas Nguyen,thomas.nguyen1108@example.com,Japan,2022-03-15,Premium,11095.03
1109,Linda Lee,linda.lee1109@example.com,Brazil,2025-08-28,Standard,1136.12
1110,Sarah Martinez,sarah.martinez1110@example.com,Italy,2022-02-15,Standard,3321.19
1111,Mary Kim,mary.kim1111@example.com,Mexico,2018-05-23,Basic,673.18
1112,Wei Brown,wei.brown1112@example.com,Netherlands,2025-07-13,Standard,1110.77
1113,Emily Harris,emily.harris1113@example.com,Italy,2022-01-26,Standard,3632.00
1114,Yuki Davis,yuki.davis1114@example.com,Germany,2022-12-18,Standard,1676.19
1115,Betty Taylor,betty.taylor1115@example.com,United Arab Emirates,2020-08-22,Standard,1330.21
1116,David Lewis,david.lewis1116@example.com,United Arab Emirates,2025-03-24,Standard,1743.90
1117,John Moore,john.moore1117@example.com,Singapore,2023-07-07,Basic,376.87
1118,Anthony Perez,anthony.perez1118@example.com,United Arab Emirates,2019-02-16,Basic,659.52
1119,Omar Taylor,omar.taylor1119@example.com,India,2022-09-20,Standard,2488.04
1120,Emily Mueller,emily.mueller1120@example.com,Italy,2018-04-23,Standard,3095.51
1121,Ananya Kim,ananya.kim1121@example.com,Brazil,2025-03-10,Standard,717.15
1122,Betty Gonzalez,betty.gonzalez1122@example.com,India,2024-06-16,Standard,512.48
1123,David Thomas,david.thomas1123@example.com,Netherlands,2025-04-13,Standard,3100.02
1124,Joshua Singh,joshua.singh1124@example.com,India,2023-01-24,Standard,2017.79
1125,Sofia Rodriguez,sofia.rodriguez1125@example.com,Spain,2024-08-26,Standard,3341.72
1126,Charles Gonzalez,charles.gonzalez1126@example.com,India,2020-01-16,Premium,7115.42
1127,Matthew Torres,matthew.torres1127@example.com,United States,2024-04-06,Standard,2659.01
1128,Aarav Anderson,aarav.anderson1128@example.com,Brazil,2020-03-23,Basic,209.43
1129,David Brown,david.brown1129@example.com,Australia,2024-09-25,Standard,1188.60
1130,Jennifer White,jennifer.white1130@example.com,Mexico,2019-04-26,Standard,253.64
1131,Kimberly Ramirez,kimberly.ramirez1131@example.com,United Arab Emirates,2023-02-02,Basic,661.81
1132,Ashley Davis,ashley.davis1132@example.com,Germany,2020-02-20,Standard,3795.00
1133,Sarah Jackson,sarah.jackson1133@example.com,Australia,2019-06-18,Basic,345.05
1134,Susan Hill,susan.hill1134@example.com,Singapore,2021-03-05,Standard,2961.49
1135,Richard Clark,richard.clark1135@example.com,Netherlands,2019-08-21,Standard,309.34
1136,Thomas Thomas,thomas.thomas1136@example.com,United Arab Emirates,2020-10-14,Standard,1604.62
1137,Yuki Kim,yuki.kim1137@example.com,United States,2023-04-05,Standard,706.18
1138,Christopher Khan,christopher.khan1138@example.com,Germany,2025-12-31,Standard,1657.28
1139,Margaret Mueller,margaret.mueller1139@example.com,Canada,2019-01-26,Standard,2316.60
1140,Patricia Perez,patricia.perez1140@example.com,Brazil,2021-12-22,Basic,797.39
1141,Wei Hill,wei.hill1141@example.com,Netherlands,2018-07-06,Basic,4.29
1142,Steven Flores,steven.flores1142@example.com,Australia,2025-07-12,Standard,1609.42
1143,Emily Williams,emily.williams1143@example.com,France,2019-11-27,Standard,2114.24
1144,Nancy Robinson,nancy.robinson1144@example.com,India,2025-12-19,Premium,8895.51
1145,Elizabeth Taylor,elizabeth.taylor1145@example.com,United States,2019-06-08,Premium,8489.74
1146,Sarah Mueller,sarah.mueller1146@example.com,Australia,2021-03-04,Standard,3630.61
1147,Thomas Flores,thomas.flores1147@example.com,United Arab Emirates,2020-12-16,Basic,413.58
1148,Margaret Hernandez,margaret.hernandez1148@example.com,Brazil,2019-09-12,Standard,2311.56
1149,Wei Patel,wei.patel1149@example.com,United States,2020-02-13,Basic,118.90
1150,Joseph Lopez,joseph.lopez1150@example.com,France,2019-11-01,Premium,11177.52
1151,Margaret Davis,margaret.davis1151@example.com,United Arab Emirates,2023-07-21,Basic,32.63
1152,Daniel Ali,daniel.ali1152@example.com,Brazil,2023-07-13,Standard,627.47
1153,Carlos Martinez,carlos.martinez1153@example.com,Canada,2020-04-14,Premium,13286.25
1154,Barbara Hernandez,barbara.hernandez1154@example.com,Singapore,2021-01-22,Basic,450.60
1155,Wei Nguyen,wei.nguyen1155@example.com,United States,2023-11-25,Standard,3114.02
1156,Barbara Clark,barbara.clark1156@example.com,Germany,2023-08-03,Basic,541.53
1157,Nancy Johnson,nancy.johnson1157@example.com,Spain,2019-05-15,Standard,1697.85
1158,Donna Miller,donna.miller1158@example.com,United Kingdom,2018-04-29,Basic,64.85
1159,Fatima Chen,fatima.chen1159@example.com,Spain,2021-01-08,Standard,2457.98
1160,James Perez,james.perez1160@example.com,Spain,2024-12-24,Basic,760.72
1161,Christopher Rossi,christopher.rossi1161@example.com,United Arab Emirates,2024-05-20,Basic,103.46
1162,Patricia Kim,patricia.kim1162@example.com,Netherlands,2018-08-16,Standard,3026.44
1163,Emily Hill,emily.hill1163@example.com,Australia,2020-11-11,Standard,876.44
1164,Ingrid Sanchez,ingrid.sanchez1164@example.com,Singapore,2020-05-02,Premium,4118.23
1165,Ingrid Sanchez,ingrid.sanchez1165@example.com,Netherlands,2025-05-03,Standard,785.71
1166,Karen Young,karen.young1166@example.com,Italy,2021-06-24,Basic,722.99
1167,Joshua Rodriguez,joshua.rodriguez1167@example.com,Canada,2022-02-14,Standard,2148.08
1168,Ashley Lewis,ashley.lewis1168@example.com,Brazil,2021-01-04,Basic,450.45
1169,Margaret Garcia,margaret.garcia1169@example.com,Netherlands,2022-02-17,Basic,491.09
1170,Margaret Patel,margaret.patel1170@example.com,United States,2023-10-04,Standard,1498.63
1171,Sandra Singh,sandra.singh1171@example.com,Spain,2019-09-28,Standard,3736.54
1172,Kimberly Patel,kimberly.patel1172@example.com,Canada,2021-04-05,Standard,1979.23
1173,Jennifer Walker,jennifer.walker1173@example.com,United Kingdom,2025-09-03,Standard,3631.03
1174,Jessica King,jessica.king1174@example.com,Mexico,2018-07-15,Standard,2293.78
1175,John Allen,john.allen1175@example.com,Australia,2022-08-19,Premium,3228.30
1176,Wei Rossi,wei.rossi1176@example.com,France,2021-12-26,Standard,1168.47
1177,Jennifer Costa,jennifer.costa1177@example.com,Canada,2025-06-02,Standard,1958.94
1178,Barbara Sanchez,barbara.sanchez1178@example.com,Australia,2025-11-25,Premium,5869.42
1179,Donna Rossi,donna.rossi1179@example.com,Spain,2023-01-17,Standard,2570.48
1180,Thomas Perez,thomas.perez1180@example.com,Singapore,2020-02-06,Basic,168.85
1181,Jennifer Mueller,jennifer.mueller1181@example.com,France,2025-07-21,Basic,85.06
1182,Paul Johnson,paul.johnson1182@example.com,Canada,2018-02-24,Premium,4232.56
1183,Donald Robinson,donald.robinson1183@example.com,Singapore,2025-05-18,Standard,3870.05
1184,Joshua Rossi,joshua.rossi1184@example.com,Mexico,2024-12-01,Standard,1570.77
1185,Yuki Khan,yuki.khan1185@example.com,Netherlands,2021-05-24,Standard,533.01
1186,William Smith,william.smith1186@example.com,Singapore,2018-03-07,Standard,2844.92
1187,Richard Johnson,richard.johnson1187@example.com,Spain,2019-08-18,Standard,2669.01
1188,Margaret Patel,margaret.patel1188@example.com,Japan,2020-02-21,Basic,68.87
1189,Ingrid Robinson,ingrid.robinson1189@example.com,Australia,2018-03-31,Premium,3513.96
1190,Elizabeth Mueller,elizabeth.mueller1190@example.com,Brazil,2023-04-16,Basic,15.70
1191,Mark Nguyen,mark.nguyen1191@example.com,France,2024-05-21,Standard,3351.91
1192,Betty Brown,betty.brown1192@example.com,Canada,2025-01-26,Standard,3420.99
1193,Margaret Clark,margaret.clark1193@example.com,Italy,2024-06-28,Basic,476.67
1194,Emily Jackson,emily.jackson1194@example.com,Australia,2023-06-15,Premium,8673.62
1195,Carlos Flores,carlos.flores1195@example.com,United Arab Emirates,2023-06-22,Basic,185.52
1196,Patricia King,patricia.king1196@example.com,Mexico,2021-07-17,Premium,9192.32
1197,Sarah Kim,sarah.kim1197@example.com,Brazil,2019-04-24,Standard,2080.20
1198,Ananya Thompson,ananya.thompson1198@example.com,Australia,2018-03-27,Standard,813.07
1199,Carlos Gonzalez,carlos.gonzalez1199@example.com,Brazil,2020-08-08,Standard,2129.02
1200,Donna Singh,donna.singh1200@example.com,Mexico,2025-05-14,Standard,1980.18
1201,Charles Rossi,charles.rossi1201@example.com,Australia,2025-07-20,Basic,522.00
1202,Lisa Walker,lisa.walker1202@example.com,Singapore,2019-10-26,Basic,497.47
1203,Charles Khan,charles.khan1203@example.com,Spain,2023-06-01,Basic,103.28
1204,Richard Hernandez,richard.hernandez1204@example.com,Canada,2022-08-31,Standard,3783.61
1205,Ashley Martin,ashley.martin1205@example.com,Japan,2018-07-12,Standard,3997.19
1206,Daniel Taylor,daniel.taylor1206@example.com,United Kingdom,2019-12-17,Standard,3346.21
1207,Steven Williams,steven.williams1207@example.com,India,2022-10-30,Basic,91.18
1208,Joseph Davis,joseph.davis1208@example.com,Brazil,2020-11-22,Standard,3975.92
1209,Daniel Costa,daniel.costa1209@example.com,United Arab Emirates,2024-03-31,Premium,5477.39
1210,Elizabeth Khan,elizabeth.khan1210@example.com,Mexico,2025-07-05,Basic,83.31
1211,Patricia Lewis,patricia.lewis1211@example.com,Singapore,2019-03-31,Basic,779.73
1212,Michelle Flores,michelle.flores1212@example.com,Canada,2024-04-22,Basic,33.58
1213,Michael Hernandez,michael.hernandez1213@example.com,Singapore,2020-04-21,Standard,3661.75
1214,David Rossi,david.rossi1214@example.com,Brazil,2023-09-04,Standard,2093.89
1215,Michael Martinez,michael.martinez1215@example.com,India,2019-07-19,Standard,667.34
1216,Richard Lewis,richard.lewis1216@example.com,Netherlands,2018-01-27,Basic,196.25
1217,Donald Perez,donald.perez1217@example.com,United Kingdom,2018-12-16,Standard,1210.86
1218,Fatima Silva,fatima.silva1218@example.com,Spain,2025-06-16,Standard,1132.71
1219,Hans Silva,hans.silva1219@example.com,Netherlands,2020-07-23,Standard,724.38
1220,Margaret Clark,margaret.clark1220@example.com,United Arab Emirates,2023-02-23,Basic,761.47
1221,Kimberly Singh,kimberly.singh1221@example.com,United States,2022-12-18,Standard,753.22
1222,James Ali,james.ali1222@example.com,Canada,2018-12-14,Basic,270.64
1223,Betty Costa,betty.costa1223@example.com,United States,2022-05-30,Standard,3084.93
1224,Wei Kim,wei.kim1224@example.com,Mexico,2018-08-25,Standard,3915.39
1225,Fatima Chen,fatima.chen1225@example.com,France,2022-09-14,Basic,321.60
1226,Yuki Khan,yuki.khan1226@example.com,France,2021-07-08,Standard,3655.08
1227,James Moore,james.moore1227@example.com,Mexico,2019-08-25,Basic,560.24
1228,Mark Kim,mark.kim1228@example.com,Japan,2025-01-01,Standard,3195.70
1229,Ananya Lewis,ananya.lewis1229@example.com,United Arab Emirates,2025-04-11,Standard,1737.12
1230,Richard Martin,richard.martin1230@example.com,Japan,2021-10-02,Premium,7069.92
1231,Carlos Mueller,carlos.mueller1231@example.com,Japan,2024-01-25,Basic,227.14
1232,Jennifer Allen,jennifer.allen1232@example.com,Japan,2021-10-27,Standard,3076.78
1233,David Johnson,david.johnson1233@example.com,Netherlands,2024-01-21,Premium,9702.55
1234,Jessica Costa,jessica.costa1234@example.com,Australia,2023-09-01,Standard,619.68
1235,Patricia White,patricia.white1235@example.com,Japan,2021-12-22,Standard,670.49
1236,Hans Kim,hans.kim1236@example.com,Brazil,2021-05-05,Basic,457.95
1237,James Robinson,james.robinson1237@example.com,Germany,2024-07-10,Standard,2349.27
1238,Aarav Chen,aarav.chen1238@example.com,Mexico,2020-08-15,Standard,1531.28
1239,Charles Chen,charles.chen1239@example.com,Italy,2024-06-04,Basic,537.95
1240,Fatima Harris,fatima.harris1240@example.com,Germany,2019-03-08,Standard,1445.82
1241,Donna Gonzalez,donna.gonzalez1241@example.com,India,2023-02-04,Basic,78.39
1242,Fatima Ramirez,fatima.ramirez1242@example.com,Canada,2019-01-13,Basic,49.75
1243,William Walker,william.walker1243@example.com,Canada,2022-02-21,Standard,2771.93
1244,Betty Nguyen,betty.nguyen1244@example.com,Netherlands,2022-06-06,Standard,3513.66
1245,Donna Young,donna.young1245@example.com,Brazil,2025-09-23,Standard,3737.94
1246,Ashley Rossi,ashley.rossi1246@example.com,Singapore,2019-10-30,Basic,115.48
1247,William Young,william.young1247@example.com,United Kingdom,2025-11-25,Basic,410.55
1248,Kimberly Davis,kimberly.davis1248@example.com,Brazil,2023-04-23,Standard,323.91
1249,David Scott,david.scott1249@example.com,Canada,2024-09-30,Standard,3438.81
1250,Linda Davis,linda.davis1250@example.com,France,2018-06-14,Standard,2186.55
1251,Linda White,linda.white1251@example.com,India,2021-05-27,Standard,1317.13
1252,Mary Martinez,mary.martinez1252@example.com,Mexico,2022-09-24,Premium,2632.46
1253,Karen Jackson,karen.jackson1253@example.com,Singapore,2023-06-26,Standard,207.93
1254,Emily Thompson,emily.thompson1254@example.com,United States,2022-09-07,Premium,8255.29
1255,Karen Torres,karen.torres1255@example.com,India,2022-03-26,Standard,2005.86
1256,Carlos Hill,carlos.hill1256@example.com,United Kingdom,2023-08-30,Premium,10273.98
1257,Hans Lewis,hans.lewis1257@example.com,United Kingdom,2021-08-25,Standard,539.40
1258,Michelle Chen,michelle.chen1258@example.com,Australia,2020-08-11,Standard,3620.93
1259,Nancy Wright,nancy.wright1259@example.com,Spain,2022-12-20,Premium,11566.87
1260,Ananya Garcia,ananya.garcia1260@example.com,Italy,2018-04-12,Basic,457.60
1261,Ingrid Ali,ingrid.ali1261@example.com,Spain,2019-05-23,Standard,2646.87
1262,Jennifer Gonzalez,jennifer.gonzalez1262@example.com,Japan,2024-06-20,Basic,606.09
1263,Andrew King,andrew.king1263@example.com,Brazil,2023-08-21,Standard,3608.08
1264,Linda Chen,linda.chen1264@example.com,United Kingdom,2018-03-19,Basic,219.97
1265,Susan Thomas,susan.thomas1265@example.com,Singapore,2024-07-01,Basic,355.38
1266,Paul Hill,paul.hill1266@example.com,Mexico,2018-07-04,Standard,2067.60
1267,Mary Perez,mary.perez1267@example.com,Australia,2018-04-09,Standard,3466.66
1268,Christopher Harris,christopher.harris1268@example.com,Canada,2019-02-11,Standard,2258.76
1269,Charles Martinez,charles.martinez1269@example.com,Netherlands,2019-01-03,Standard,786.06
1270,Anthony Singh,anthony.singh1270@example.com,Mexico,2021-08-25,Standard,889.54
1271,Fatima Brown,fatima.brown1271@example.com,Canada,2021-08-03,Standard,741.35
1272,Christopher Taylor,christopher.taylor1272@example.com,Singapore,2019-05-11,Standard,397.14
1273,Jessica Silva,jessica.silva1273@example.com,Germany,2023-07-13,Standard,2132.76
1274,Steven Harris,steven.harris1274@example.com,France,2018-09-06,Basic,254.67
1275,Emily Clark,emily.clark1275@example.com,United States,2022-07-28,Premium,10236.04
1276,Mary Moore,mary.moore1276@example.com,Mexico,2025-07-28,Standard,585.74
1277,Hans Scott,hans.scott1277@example.com,United Kingdom,2021-06-01,Standard,2359.33
1278,Mark Garcia,mark.garcia1278@example.com,Japan,2020-04-13,Basic,626.31
1279,Elizabeth White,elizabeth.white1279@example.com,United Kingdom,2020-10-01,Standard,2242.64
1280,Margaret Scott,margaret.scott1280@example.com,United States,2023-03-19,Standard,3852.23
1281,Michelle Jackson,michelle.jackson1281@example.com,United Kingdom,2018-01-03,Standard,428.67
1282,Donald Moore,donald.moore1282@example.com,Singapore,2025-08-17,Standard,1644.58
1283,Daniel Patel,daniel.patel1283@example.com,Singapore,2023-09-22,Standard,1268.98
1284,David Mueller,david.mueller1284@example.com,Canada,2021-05-16,Standard,540.92
1285,Omar Davis,omar.davis1285@example.com,Italy,2024-03-29,Basic,799.06
1286,Margaret Wilson,margaret.wilson1286@example.com,Netherlands,2021-07-27,Standard,3558.94
1287,Nancy Patel,nancy.patel1287@example.com,Netherlands,2025-12-08,Standard,1920.33
1288,Jessica Chen,jessica.chen1288@example.com,India,2020-05-12,Basic,367.84
1289,Joshua Perez,,Italy,2019-07-02,Premium,10403.76
1290,James Hill,james.hill1290@example.com,United Arab Emirates,2018-02-09,Standard,2756.28
1291,Anthony Scott,anthony.scott1291@example.com,Italy,2023-06-26,Basic,609.97
1292,Paul Garcia,paul.garcia1292@example.com,Spain,2025-04-21,Basic,62.02
1293,Mary Chen,mary.chen1293@example.com,Canada,2021-12-16,Standard,3893.75
1294,Matthew Hill,matthew.hill1294@example.com,United Kingdom,2025-10-26,Standard,3938.42
1295,Linda Robinson,linda.robinson1295@example.com,Germany,2022-12-26,Standard,235.58
1296,Sofia Johnson,sofia.johnson1296@example.com,Spain,2025-12-14,Basic,286.26
1297,Jennifer Flores,jennifer.flores1297@example.com,Netherlands,2020-06-24,Standard,1090.18
1298,Ashley White,ashley.white1298@example.com,Brazil,2025-11-23,Premium,11190.58
1299,Susan Smith,susan.smith1299@example.com,Singapore,2025-02-28,Standard,1705.13
1300,Sarah Torres,sarah.torres1300@example.com,United Kingdom,2024-03-10,Standard,936.33
1301,Sofia Torres,sofia.torres1301@example.com,Mexico,2024-05-03,Standard,867.01
1302,Donna Rodriguez,donna.rodriguez1302@example.com,United Kingdom,2020-11-29,Basic,746.85
1303,Joseph King,joseph.king1303@example.com,France,2020-02-25,Basic,678.13
1304,Mary Khan,mary.khan1304@example.com,Mexico,2020-11-01,Standard,2786.59
1305,Sandra Smith,sandra.smith1305@example.com,Spain,2025-07-20,Basic,754.46
1306,Patricia Lee,patricia.lee1306@example.com,Australia,2021-01-27,Standard,662.53
1307,Kimberly Robinson,kimberly.robinson1307@example.com,Japan,2018-06-28,Standard,3558.45
1308,Joseph Brown,joseph.brown1308@example.com,Australia,2023-12-21,Standard,1905.67
1309,James Sanchez,james.sanchez1309@example.com,Canada,2024-05-31,Standard,3269.16
1310,Sofia Anderson,sofia.anderson1310@example.com,Australia,2018-11-01,Basic,733.60
1311,Richard Hernandez,richard.hernandez1311@example.com,Canada,2025-01-08,Standard,2576.12
1312,Mary Walker,mary.walker1312@example.com,United States,2024-08-24,Standard,3229.44
1313,Nancy Taylor,nancy.taylor1313@example.com,Brazil,2020-09-03,Standard,3843.45
1314,Patricia Perez,patricia.perez1314@example.com,Germany,2018-10-26,Standard,3147.85
1315,Michelle Lewis,michelle.lewis1315@example.com,Spain,2023-01-03,Basic,463.15
1316,Jennifer Brown,jennifer.brown1316@example.com,Australia,2021-07-07,Basic,712.07
1317,Omar Jones,omar.jones1317@example.com,United States,2022-12-16,Basic,43.83
1318,Michelle Patel,michelle.patel1318@example.com,Canada,2025-08-07,Standard,412.00
1319,Patricia Jackson,patricia.jackson1319@example.com,Australia,2019-01-28,Basic,493.84
1320,Anthony Anderson,anthony.anderson1320@example.com,Netherlands,2025-05-26,Basic,499.21
1321,Sandra Harris,sandra.harris1321@example.com,Australia,2024-12-15,Standard,2553.08
1322,Nancy Kim,nancy.kim1322@example.com,Netherlands,2018-04-17,Basic,363.26
1323,Nancy Nguyen,nancy.nguyen1323@example.com,Canada,2018-02-20,Standard,2461.67
1324,Robert Nguyen,robert.nguyen1324@example.com,Germany,2024-06-05,Basic,100.79
1325,Steven Taylor,steven.taylor1325@example.com,Brazil,2024-12-18,Standard,1889.57
1326,Jessica Rodriguez,jessica.rodriguez1326@example.com,United States,2019-06-07,Basic,249.33
1327,Margaret Allen,margaret.allen1327@example.com,Netherlands,2022-01-05,Basic,248.95
1328,Paul Costa,paul.costa1328@example.com,Brazil,2021-06-18,Premium,9843.28
1329,Charles White,charles.white1329@example.com,Japan,2024-07-30,Basic,526.14
1330,Elizabeth Brown,elizabeth.brown1330@example.com,Singapore,2024-04-10,Standard,3463.07
1331,Margaret Thompson,margaret.thompson1331@example.com,Germany,2025-03-08,Standard,3652.30
1332,Robert Perez,robert.perez1332@example.com,Brazil,2025-10-16,Standard,2829.00
1333,Sandra Hill,sandra.hill1333@example.com,Singapore,2024-06-27,Standard,2351.17
1334,Nancy Flores,nancy.flores1334@example.com,India,2019-10-27,Standard,598.42
1335,John Young,john.young1335@example.com,United States,2025-03-01,Standard,1047.50
1336,Joseph Robinson,joseph.robinson1336@example.com,Germany,2023-05-24,Standard,2991.43
1337,Nancy Mueller,nancy.mueller1337@example.com,Australia,2020-01-25,Standard,3339.12
1338,James White,james.white1338@example.com,India,2018-05-03,Premium,9210.99
1339,Elizabeth Jackson,elizabeth.jackson1339@example.com,Spain,2024-07-26,Standard,3668.29
1340,Lisa Williams,lisa.williams1340@example.com,Germany,2020-03-21,Basic,227.28
1341,Joseph Taylor,joseph.taylor1341@example.com,India,2024-03-21,Basic,196.77
1342,Richard Johnson,richard.johnson1342@example.com,France,2019-02-19,Standard,279.78
1343,Yuki Rodriguez,yuki.rodriguez1343@example.com,Netherlands,2019-03-31,Standard,1485.86
1344,Susan Martin,susan.martin1344@example.com,India,2022-03-06,Standard,2711.45
1345,Kimberly Flores,kimberly.flores1345@example.com,United Arab Emirates,2025-12-22,Basic,52.30
1346,Elizabeth Rodriguez,elizabeth.rodriguez1346@example.com,Germany,2023-12-22,Basic,302.56
1347,Lisa Lee,lisa.lee1347@example.com,Spain,2020-09-28,Standard,3699.85
1348,Hans Flores,hans.flores1348@example.com,Singapore,2024-01-03,Standard,1317.89
1349,Elizabeth Lee,elizabeth.lee1349@example.com,Spain,2021-02-21,Standard,3516.84
1350,Steven Nguyen,steven.nguyen1350@example.com,Germany,2018-11-30,Basic,627.73
1351,Wei Flores,wei.flores1351@example.com,Japan,2022-05-09,Premium,11767.00
1352,Ananya Silva,ananya.silva1352@example.com,Brazil,2023-10-27,Standard,1964.22
1353,Christopher Ali,christopher.ali1353@example.com,Italy,2023-06-03,Standard,2919.47
1354,Ashley Walker,ashley.walker1354@example.com,Australia,2025-02-26,Standard,3700.50
1355,Donna Kim,donna.kim1355@example.com,Germany,2020-04-11,Premium,7877.04
1356,Jessica Sanchez,jessica.sanchez1356@example.com,Australia,2022-03-25,Standard,2371.21
1357,Lisa Taylor,lisa.taylor1357@example.com,United Kingdom,2018-12-11,Standard,1321.18
1358,Kimberly Thompson,kimberly.thompson1358@example.com,United States,2023-03-21,Standard,2146.60
1359,Nancy Ramirez,nancy.ramirez1359@example.com,Australia,2022-08-03,Standard,1596.55
1360,Ashley Lee,ashley.lee1360@example.com,United States,2020-01-06,Standard,1878.42
1361,Thomas Kim,thomas.kim1361@example.com,United Arab Emirates,2018-12-04,Premium,5828.73
1362,Steven Allen,steven.allen1362@example.com,Canada,2021-02-06,Standard,3721.10
1363,Michael Davis,michael.davis1363@example.com,United States,2024-02-15,Premium,4603.99
1364,Richard Singh,richard.singh1364@example.com,France,2025-08-31,Standard,3412.70
1365,Richard Ali,richard.ali1365@example.com,United Kingdom,2024-02-03,Standard,3667.05
1366,James Costa,james.costa1366@example.com,Singapore,2021-11-20,Standard,3175.89
1367,Betty Sanchez,betty.sanchez1367@example.com,Netherlands,2025-05-08,Basic,9.51
1368,Ananya Allen,ananya.allen1368@example.com,United Kingdom,2022-06-17,Basic,182.06
1369,Carlos Mueller,carlos.mueller1369@example.com,Germany,2023-10-14,Standard,2430.61
1370,Emily Silva,emily.silva1370@example.com,Singapore,2023-03-05,Standard,1494.51
1371,Jennifer Lee,jennifer.lee1371@example.com,Australia,2025-10-29,Basic,334.15
1372,Mark Lewis,mark.lewis1372@example.com,United States,2022-03-15,Basic,111.16
1373,William Martin,william.martin1373@example.com,United States,2023-08-10,Basic,648.32
1374,Daniel Perez,daniel.perez1374@example.com,Australia,2025-09-09,Standard,3059.98
1375,Hans Costa,hans.costa1375@example.com,France,2021-08-28,Standard,2430.43
1376,Andrew Williams,andrew.williams1376@example.com,United Kingdom,2021-09-14,Basic,454.55
1377,Joshua Hill,joshua.hill1377@example.com,Australia,2022-04-11,Standard,975.98
1378,Betty Jones,betty.jones1378@example.com,Germany,2023-04-29,Standard,612.83
1379,Andrew Lewis,andrew.lewis1379@example.com,France,2019-01-17,Standard,851.41
1380,Yuki Scott,yuki.scott1380@example.com,Singapore,2025-09-23,Standard,2492.78
1381,Mary Lopez,mary.lopez1381@example.com,United Arab Emirates,2022-04-30,Standard,1278.51
1382,Joseph Jackson,joseph.jackson1382@example.com,Canada,2023-02-06,Standard,418.32
1383,Kimberly Smith,kimberly.smith1383@example.com,Singapore,2022-08-10,Standard,1686.20
1384,Linda Rodriguez,linda.rodriguez1384@example.com,Brazil,2018-10-09,Standard,1678.17
1385,Susan Rodriguez,susan.rodriguez1385@example.com,France,2022-11-06,Basic,654.32
1386,Wei Walker,wei.walker1386@example.com,Mexico,2021-06-25,Standard,2432.47
1387,Steven Ali,steven.ali1387@example.com,France,2020-04-06,Standard,228.28
1388,Elizabeth Lewis,elizabeth.lewis1388@example.com,Australia,2024-10-13,Premium,12498.36
1389,Kimberly Perez,kimberly.perez1389@example.com,United Arab Emirates,2023-07-04,Basic,368.16
1390,Andrew Williams,andrew.williams1390@example.com,France,2025-04-01,Basic,704.80
1391,Sandra Thompson,sandra.thompson1391@example.com,Italy,2021-05-03,Basic,312.87
1392,Barbara Clark,barbara.clark1392@example.com,United Arab Emirates,2024-12-05,Standard,2986.33
1393,Sandra Harris,sandra.harris1393@example.com,United Kingdom,2025-11-01,Basic,454.89
1394,Betty Khan,betty.khan1394@example.com,Germany,2019-10-09,Basic,219.02
1395,Aarav Wright,aarav.wright1395@example.com,United Arab Emirates,2018-10-01,Standard,2852.57
1396,Carlos Wilson,carlos.wilson1396@example.com,Australia,2024-03-14,Basic,96.98
1397,Lisa Jones,lisa.jones1397@example.com,Japan,2021-08-28,Basic,328.08
1398,David Taylor,david.taylor1398@example.com,United States,2023-03-09,Standard,301.53
1399,Aarav Khan,aarav.khan1399@example.com,Brazil,2022-04-11,Standard,1505.90
1400,Betty Gonzalez,betty.gonzalez1400@example.com,United States,2020-10-23,Standard,635.79
1401,William Lee,william.lee1401@example.com,Brazil,2023-06-09,Standard,1953.16
1402,Jennifer Scott,jennifer.scott1402@example.com,Italy,2022-11-28,Standard,732.97
1403,Sarah Hernandez,sarah.hernandez1403@example.com,United States,2024-10-22,Standard,581.96
1404,Charles Davis,charles.davis1404@example.com,Australia,2019-11-21,Standard,494.82
1405,Hans Smith,hans.smith1405@example.com,United Kingdom,2022-12-10,Standard,1560.73
1406,Susan Ali,susan.ali1406@example.com,Spain,2023-12-21,Premium,4810.16
1407,Omar Brown,omar.brown1407@example.com,Netherlands,2023-11-12,Basic,512.81
1408,Fatima Chen,fatima.chen1408@example.com,Australia,2025-09-28,Basic,246.66
1409,Patricia Hill,patricia.hill1409@example.com,Netherlands,2022-03-26,Premium,11972.49
1410,Jessica White,jessica.white1410@example.com,Germany,2019-01-10,Basic,12.83
1411,Mary Smith,mary.smith1411@example.com,Germany,2025-08-17,Standard,2742.01
1412,Joseph Miller,joseph.miller1412@example.com,Singapore,2025-06-13,Basic,134.31
1413,David Williams,david.williams1413@example.com,Canada,2021-09-01,Standard,1426.18
1414,Aarav Gonzalez,aarav.gonzalez1414@example.com,United Arab Emirates,2024-01-28,Standard,1701.24
1415,Margaret Davis,margaret.davis1415@example.com,Canada,2021-12-31,Standard,1428.80
1416,James Sanchez,james.sanchez1416@example.com,United States,2022-05-14,Standard,1008.52
1417,Joseph Jones,joseph.jones1417@example.com,France,2025-04-16,Standard,2570.86
1418,John Jones,john.jones1418@example.com,Australia,2021-05-20,Basic,614.04
1419,Ashley Miller,ashley.miller1419@example.com,Netherlands,2024-05-20,Basic,137.17
1420,Michael Hill,michael.hill1420@example.com,Spain,2025-10-23,Standard,1676.55
1421,Ingrid Khan,ingrid.khan1421@example.com,United Kingdom,2025-02-15,Premium,11902.31
1422,Omar Lee,omar.lee1422@example.com,Spain,2023-05-29,Basic,54.01
1423,Mary Hill,mary.hill1423@example.com,Brazil,2022-04-16,Basic,408.82
1424,Sofia Anderson,sofia.anderson1424@example.com,Italy,2018-02-24,Standard,1083.90
1425,Michelle Silva,michelle.silva1425@example.com,France,2020-08-26,Basic,590.33
1426,Hans Thomas,hans.thomas1426@example.com,United States,2019-07-18,Standard,1623.19
1427,Charles Gonzalez,charles.gonzalez1427@example.com,Germany,2025-03-14,Standard,344.05
1428,Carlos Hill,carlos.hill1428@example.com,Brazil,2021-09-08,Basic,107.41
1429,Christopher Kim,christopher.kim1429@example.com,United States,2023-11-04,Basic,633.42
1430,Anthony Kim,anthony.kim1430@example.com,Netherlands,2018-04-08,Basic,183.21
1431,Carlos Perez,carlos.perez1431@example.com,Germany,2024-01-19,Standard,405.48
1432,Wei Thomas,wei.thomas1432@example.com,Italy,2020-06-30,Basic,486.45
1433,Matthew King,matthew.king1433@example.com,Brazil,2025-01-23,Standard,222.96
1434,Ashley Jones,ashley.jones1434@example.com,United States,2025-02-11,Basic,793.61
1435,Susan Rodriguez,susan.rodriguez1435@example.com,Mexico,2024-02-27,Premium,12805.87
1436,Susan Thomas,susan.thomas1436@example.com,Australia,2023-03-29,Standard,1383.56
1437,Carlos Gonzalez,carlos.gonzalez1437@example.com,United Kingdom,2024-10-17,Standard,1146.08
1438,Charles Torres,charles.torres1438@example.com,Spain,2020-04-04,Standard,1233.07
1439,Donald Garcia,donald.garcia1439@example.com,India,2022-06-20,Basic,302.17
1440,Donald Lewis,donald.lewis1440@example.com,Mexico,2022-11-11,Standard,3089.23
1441,Donald Johnson,donald.johnson1441@example.com,Australia,2018-12-07,Basic,607.09
1442,Karen Hill,karen.hill1442@example.com,Japan,2019-12-21,Standard,1177.71
1443,Sandra Martin,sandra.martin1443@example.com,Australia,2024-04-21,Standard,2502.90
1444,Robert Perez,robert.perez1444@example.com,Brazil,2020-03-12,Premium,4011.42
1445,Richard Smith,richard.smith1445@example.com,Japan,2022-03-13,Premium,8388.90
1446,Anthony Sanchez,anthony.sanchez1446@example.com,India,2022-04-23,Basic,391.64
1447,Ananya Nguyen,ananya.nguyen1447@example.com,United Arab Emirates,2018-06-09,Premium,14902.14
1448,Linda Harris,linda.harris1448@example.com,United Kingdom,2020-03-06,Basic,610.36
1449,Thomas Costa,thomas.costa1449@example.com,Italy,2021-11-28,Basic,407.69
1450,Ashley Patel,ashley.patel1450@example.com,Italy,2018-08-25,Standard,2673.44
1451,Margaret Mueller,margaret.mueller1451@example.com,Brazil,2018-05-22,Standard,3701.58
1452,Lisa Patel,lisa.patel1452@example.com,United States,2025-10-27,Basic,532.54
1453,Elizabeth Taylor,elizabeth.taylor1453@example.com,Spain,2019-08-27,Standard,1166.29
1454,Joshua Nguyen,joshua.nguyen1454@example.com,Singapore,2019-10-24,Basic,9.87
1455,Ingrid Garcia,ingrid.garcia1455@example.com,United Arab Emirates,2022-04-24,Standard,1711.13
1456,Donna Garcia,donna.garcia1456@example.com,Germany,2022-09-29,Standard,830.13
1457,Margaret Taylor,margaret.taylor1457@example.com,Japan,2023-12-24,Standard,2702.25
1458,Matthew Nguyen,matthew.nguyen1458@example.com,Australia,2018-12-31,Standard,615.24
1459,Andrew Costa,andrew.costa1459@example.com,Singapore,2019-08-08,Basic,215.22
1460,Susan Mueller,susan.mueller1460@example.com,France,2018-01-27,Standard,3950.70
1461,Ashley Smith,ashley.smith1461@example.com,Netherlands,2025-10-23,Premium,7431.91
1462,Anthony Kim,anthony.kim1462@example.com,Australia,2019-11-30,Standard,870.32
1463,Barbara Ali,barbara.ali1463@example.com,Brazil,2020-01-16,Premium,8533.98
1464,Linda Lewis,linda.lewis1464@example.com,Germany,2020-01-31,Standard,963.58
1465,Sofia Lopez,sofia.lopez1465@example.com,Germany,2020-11-28,Basic,786.36
1466,Anthony Lewis,anthony.lewis1466@example.com,Mexico,2019-03-24,Standard,3499.78
1467,David Garcia,david.garcia1467@example.com,Australia,2019-05-26,Standard,1251.70
1468,Nancy Johnson,nancy.johnson1468@example.com,Brazil,2023-06-11,Standard,2756.66
1469,Michael Smith,michael.smith1469@example.com,Netherlands,2018-01-30,Premium,10649.19
1470,John Miller,john.miller1470@example.com,Netherlands,2018-01-30,Standard,1627.53
1471,Kimberly Silva,kimberly.silva1471@example.com,Brazil,2023-04-23,Standard,3076.26
1472,Joshua Ramirez,joshua.ramirez1472@example.com,Spain,2021-11-06,Standard,3997.89
1473,Jessica White,jessica.white1473@example.com,Australia,2024-11-06,Standard,417.52
1474,Daniel Perez,daniel.perez1474@example.com,United States,2023-02-15,Basic,696.43
1475,Betty Rossi,betty.rossi1475@example.com,United Arab Emirates,2019-07-23,Basic,20.54
1476,Linda King,linda.king1476@example.com,Italy,2020-10-15,Standard,1600.03
1477,Michelle Singh,michelle.singh1477@example.com,Brazil,2023-10-11,Standard,1769.88
1478,Richard Smith,richard.smith1478@example.com,Singapore,2021-08-12,Basic,13.30
1479,Lisa Williams,lisa.williams1479@example.com,Italy,2021-08-26,Basic,542.34
1480,Joseph Hill,joseph.hill1480@example.com,Italy,2024-11-14,Standard,3217.05
1481,Daniel Ramirez,daniel.ramirez1481@example.com,United Arab Emirates,2023-05-05,Basic,789.50
1482,Omar Miller,omar.miller1482@example.com,France,2024-10-22,Basic,156.06
1483,Elizabeth King,elizabeth.king1483@example.com,Netherlands,2023-08-29,Basic,25.40
1484,Ashley Garcia,ashley.garcia1484@example.com,Spain,2024-02-26,Standard,3951.43
1485,Sandra Hernandez,sandra.hernandez1485@example.com,Canada,2023-05-29,Basic,530.11
1486,Jessica Thomas,jessica.thomas1486@example.com,Netherlands,2025-05-26,Standard,2859.65
1487,Michael Ramirez,michael.ramirez1487@example.com,United States,2019-10-19,Basic,743.20
1488,Christopher Harris,christopher.harris1488@example.com,Germany,2020-11-21,Basic,532.75
1489,Wei Davis,wei.davis1489@example.com,United Arab Emirates,2023-12-30,Standard,2607.48
1490,Ashley Garcia,ashley.garcia1490@example.com,India,2020-07-05,Basic,745.42
1491,Ingrid Hill,ingrid.hill1491@example.com,India,2022-03-25,Premium,13832.17
1492,Sofia Mueller,sofia.mueller1492@example.com,Spain,2025-03-15,Basic,628.07
1493,Margaret Anderson,margaret.anderson1493@example.com,Canada,2021-04-06,Standard,533.19
1494,Jennifer Perez,jennifer.perez1494@example.com,United Arab Emirates,2020-02-10,Basic,595.69
1495,Linda Torres,linda.torres1495@example.com,Singapore,2021-07-07,Standard,3825.46
1496,Andrew Mueller,andrew.mueller1496@example.com,United States,2024-08-13,Premium,8962.84
1497,Matthew Ramirez,matthew.ramirez1497@example.com,India,2025-08-14,Standard,3748.92
1498,William King,william.king1498@example.com,Mexico,2020-06-28,Standard,605.03
1499,James Wright,james.wright1499@example.com,India,2019-08-16,Basic,652.92
1500,Charles Anderson,charles.anderson1500@example.com,Brazil,2019-08-27,Standard,2485.57
1501,Elizabeth Mueller,elizabeth.mueller1501@example.com,Netherlands,2025-11-19,Standard,330.51
1502,Christopher Martin,christopher.martin1502@example.com,Italy,2019-05-21,Standard,1239.12
1503,Fatima Torres,fatima.torres1503@example.com,Singapore,2020-06-02,Standard,2081.10
1504,Fatima Harris,fatima.harris1504@example.com,Netherlands,2021-09-26,Premium,3985.13
1505,Fatima Wilson,fatima.wilson1505@example.com,United Arab Emirates,2020-07-10,Basic,560.33
1506,Patricia Costa,patricia.costa1506@example.com,Brazil,2022-05-24,Standard,1336.59
1507,Wei Hernandez,wei.hernandez1507@example.com,Japan,2022-05-26,Basic,269.93
1508,Yuki Walker,yuki.walker1508@example.com,Netherlands,2022-05-23,Basic,312.85
1509,Kimberly Rossi,kimberly.rossi1509@example.com,Italy,2020-03-10,Standard,2864.21
1510,Emily Sanchez,emily.sanchez1510@example.com,India,2024-07-05,Premium,13256.12
1511,Patricia Ali,patricia.ali1511@example.com,Spain,2019-11-02,Standard,2393.20
1512,Mark Khan,mark.khan1512@example.com,United Arab Emirates,2019-08-17,Standard,997.11
1513,Sofia Gonzalez,sofia.gonzalez1513@example.com,United States,2022-01-23,Basic,580.77
1514,Andrew Miller,andrew.miller1514@example.com,Singapore,2019-08-28,Standard,1630.91
1515,Margaret Singh,margaret.singh1515@example.com,United Arab Emirates,2018-08-19,Basic,76.84
1516,Donald Lopez,donald.lopez1516@example.com,Canada,2023-10-13,Basic,520.08
1517,Donna Ramirez,donna.ramirez1517@example.com,Spain,2022-07-13,Basic,196.00
1518,Linda Thomas,linda.thomas1518@example.com,France,2025-09-18,Standard,2465.39
1519,Barbara Kim,barbara.kim1519@example.com,Netherlands,2025-10-04,Basic,792.93
1520,Wei Chen,wei.chen1520@example.com,Brazil,2025-04-17,Premium,6967.31
1521,Aarav Kim,aarav.kim1521@example.com,United States,2019-05-07,Standard,643.19
1522,Linda Young,linda.young1522@example.com,United Arab Emirates,2023-09-19,Standard,1054.75
1523,Donna Torres,donna.torres1523@example.com,Brazil,2021-01-26,Basic,554.98
1524,Michael Nguyen,michael.nguyen1524@example.com,Brazil,2025-03-25,Standard,2870.40
1525,Karen Torres,karen.torres1525@example.com,India,2018-09-18,Premium,11278.99
1526,Paul Lopez,paul.lopez1526@example.com,Italy,2018-03-22,Standard,1696.43
1527,Paul King,paul.king1527@example.com,Japan,2024-07-23,Standard,2248.13
1528,Ananya Davis,ananya.davis1528@example.com,Germany,2025-05-21,Basic,718.08
1529,Barbara Hill,barbara.hill1529@example.com,United States,2024-03-22,Standard,1899.48
1530,Christopher Davis,christopher.davis1530@example.com,Mexico,2020-04-24,Premium,10484.33
1531,Jennifer Scott,jennifer.scott1531@example.com,Netherlands,2018-05-24,Standard,521.52
1532,Linda Allen,linda.allen1532@example.com,Japan,2019-12-04,Standard,1807.60
1533,Wei Smith,wei.smith1533@example.com,United States,2023-10-29,Standard,3637.55
1534,Charles Chen,charles.chen1534@example.com,United Kingdom,2024-06-21,Standard,2063.68
1535,Christopher King,christopher.king1535@example.com,India,2024-10-18,Basic,430.57
1536,Susan Khan,susan.khan1536@example.com,Singapore,2018-07-03,Premium,5082.30
1537,Richard Martinez,richard.martinez1537@example.com,Singapore,2020-05-31,Standard,3838.21
1538,Joshua Scott,joshua.scott1538@example.com,India,2021-02-10,Standard,688.27
1539,Michelle Ramirez,michelle.ramirez1539@example.com,France,2020-12-03,Premium,6963.17
1540,David Sanchez,david.sanchez1540@example.com,France,2025-08-03,Standard,1816.30
1541,Omar Martinez,omar.martinez1541@example.com,Canada,2025-01-22,Standard,2984.16
1542,Aarav Khan,aarav.khan1542@example.com,Italy,2022-03-05,Standard,2341.84
1543,Ananya Allen,ananya.allen1543@example.com,Australia,2019-09-21,Standard,1402.17
1544,Margaret Harris,margaret.harris1544@example.com,Mexico,2020-10-10,Premium,3007.82
1545,Linda Wright,linda.wright1545@example.com,Japan,2022-07-25,Premium,2857.47
1546,Aarav Garcia,aarav.garcia1546@example.com,India,2021-01-24,Standard,756.05
1547,Joseph Moore,joseph.moore1547@example.com,Australia,2020-06-29,Premium,6922.22
1548,Michael Davis,michael.davis1548@example.com,Italy,2021-06-09,Standard,2437.54
1549,Ashley Miller,ashley.miller1549@example.com,Italy,2024-06-01,Standard,3488.51
1550,Emily Moore,emily.moore1550@example.com,United Arab Emirates,2018-07-16,Standard,848.84
1551,Hans Harris,hans.harris1551@example.com,Netherlands,2025-08-08,Standard,3878.40
1552,Paul Scott,paul.scott1552@example.com,Singapore,2022-07-08,Standard,2012.08
1553,William Taylor,william.taylor1553@example.com,Japan,2025-12-31,Premium,4021.39
1554,William Martinez,william.martinez1554@example.com,Italy,2020-12-31,Standard,400.89
1555,Carlos Patel,carlos.patel1555@example.com,Italy,2020-10-17,Basic,542.57
1556,Anthony Ali,anthony.ali1556@example.com,Brazil,2021-12-20,Standard,3234.18
1557,Steven Jackson,steven.jackson1557@example.com,Australia,2023-11-03,Standard,3778.37
1558,Joseph Martin,joseph.martin1558@example.com,Canada,2021-06-05,Standard,1744.76
1559,Christopher Garcia,christopher.garcia1559@example.com,Canada,2020-09-10,Standard,3790.49
1560,David Torres,david.torres1560@example.com,Italy,2021-03-16,Premium,9204.08
1561,Ashley Smith,ashley.smith1561@example.com,Australia,2025-08-05,Basic,406.95
1562,Carlos Rodriguez,carlos.rodriguez1562@example.com,Japan,2025-09-07,Standard,3992.23
1563,Paul Khan,paul.khan1563@example.com,United States,2024-11-29,Premium,4472.39
1564,Sofia Smith,sofia.smith1564@example.com,Italy,2023-12-29,Basic,599.73
1565,Jessica Mueller,jessica.mueller1565@example.com,United Arab Emirates,2023-12-04,Standard,2799.50
1566,John Hill,john.hill1566@example.com,United Kingdom,2025-07-25,Standard,3734.70
1567,Hans King,hans.king1567@example.com,United Kingdom,2018-11-04,Basic,293.64
1568,William Allen,william.allen1568@example.com,United States,2022-09-28,Standard,2082.93
1569,David White,david.white1569@example.com,India,2025-08-13,Basic,199.81
1570,Paul Costa,paul.costa1570@example.com,France,2021-05-10,Basic,386.50
1571,Thomas Wilson,thomas.wilson1571@example.com,Spain,2024-05-18,Premium,7117.08
1572,Karen Kim,karen.kim1572@example.com,United Arab Emirates,2018-05-26,Standard,3754.57
1573,Michelle Young,michelle.young1573@example.com,United States,2024-11-26,Premium,7984.60
1574,Karen Thompson,karen.thompson1574@example.com,India,2020-02-02,Premium,7226.89
1575,James Miller,james.miller1575@example.com,Germany,2018-12-14,Standard,2210.57
1576,Elizabeth Clark,elizabeth.clark1576@example.com,Brazil,2018-01-29,Premium,4023.20
1577,Wei Taylor,wei.taylor1577@example.com,Australia,2022-03-14,Standard,1337.28
1578,Margaret Lopez,margaret.lopez1578@example.com,France,2019-03-22,Standard,3959.60
1579,Wei Lewis,wei.lewis1579@example.com,India,2022-11-13,Standard,222.08
1580,Fatima Gonzalez,fatima.gonzalez1580@example.com,France,2018-06-14,Premium,3737.84
1581,Anthony Mueller,anthony.mueller1581@example.com,United States,2019-10-19,Standard,2731.58
1582,Donald Chen,donald.chen1582@example.com,Canada,2022-09-21,Basic,391.25
1583,Ashley Singh,ashley.singh1583@example.com,India,2022-06-26,Basic,401.49
1584,Sofia Harris,sofia.harris1584@example.com,Canada,2018-03-28,Premium,3639.61
1585,Daniel Allen,daniel.allen1585@example.com,Spain,2020-08-26,Premium,2676.52
1586,Nancy Ramirez,nancy.ramirez1586@example.com,Italy,2018-02-02,Basic,347.46
1587,Charles Jackson,charles.jackson1587@example.com,Netherlands,2022-10-23,Standard,1141.44
1588,Elizabeth Rossi,elizabeth.rossi1588@example.com,Germany,2021-02-25,Standard,3113.56
1589,Thomas Khan,thomas.khan1589@example.com,Singapore,2022-10-24,Standard,953.97
1590,Fatima Miller,fatima.miller1590@example.com,Japan,2024-11-08,Basic,144.95
1591,Donna Patel,donna.patel1591@example.com,Germany,2019-05-09,Standard,702.72
1592,John Moore,john.moore1592@example.com,United Arab Emirates,2019-08-22,Basic,341.04
1593,Michelle Gonzalez,michelle.gonzalez1593@example.com,United States,2022-04-07,Premium,7294.86
1594,Karen Khan,karen.khan1594@example.com,Germany,2020-06-27,Standard,1477.48
1595,Donald Brown,donald.brown1595@example.com,Spain,2018-07-31,Standard,1356.30
1596,Sarah White,sarah.white1596@example.com,India,2025-12-24,Standard,1788.68
1597,Christopher Brown,christopher.brown1597@example.com,United States,2018-08-02,Standard,2709.64
1598,Christopher Wilson,christopher.wilson1598@example.com,France,2024-10-20,Standard,582.89
1599,Barbara Taylor,barbara.taylor1599@example.com,India,2021-10-01,Basic,243.49
1600,Michael Chen,michael.chen1600@example.com,Japan,2019-06-18,Premium,6305.75
1601,Sofia White,sofia.white1601@example.com,Mexico,2023-12-07,Basic,483.77
1602,Jessica Kim,jessica.kim1602@example.com,Mexico,2022-04-23,Standard,531.48
1603,Michael Rodriguez,,Mexico,2019-05-08,Standard,355.95
1604,Ananya Gonzalez,ananya.gonzalez1604@example.com,Brazil,2019-02-09,Standard,484.54
1605,Paul Flores,paul.flores1605@example.com,Italy,2023-04-27,Standard,3960.65
1606,Richard Wright,richard.wright1606@example.com,United States,2019-06-08,Basic,153.37
1607,Emily Ali,emily.ali1607@example.com,United Arab Emirates,2024-04-14,Standard,3905.48
1608,Lisa Lewis,lisa.lewis1608@example.com,Canada,2022-11-22,Standard,457.29
1609,Anthony King,anthony.king1609@example.com,Japan,2018-03-31,Basic,133.55
1610,Sarah Khan,sarah.khan1610@example.com,France,2018-07-06,Basic,764.64
1611,Patricia Khan,patricia.khan1611@example.com,Singapore,2022-06-17,Standard,2081.10
1612,Paul Allen,paul.allen1612@example.com,United Kingdom,2022-11-29,Basic,600.58
1613,Matthew Scott,matthew.scott1613@example.com,Australia,2024-10-23,Basic,217.20
1614,Barbara Smith,barbara.smith1614@example.com,Germany,2024-08-22,Standard,2847.54
1615,Steven Robinson,steven.robinson1615@example.com,Italy,2023-11-21,Standard,1183.57
1616,Joseph Jackson,joseph.jackson1616@example.com,Japan,2019-05-03,Basic,136.89
1617,John Wright,john.wright1617@example.com,United States,2025-03-04,Standard,762.93
1618,Sarah Rodriguez,sarah.rodriguez1618@example.com,Netherlands,2018-07-31,Standard,2641.17
1619,Jessica Wilson,jessica.wilson1619@example.com,United States,2025-04-10,Standard,1520.36
1620,Joshua White,joshua.white1620@example.com,Italy,2024-02-28,Standard,1203.35
1621,William Clark,william.clark1621@example.com,France,2021-08-22,Basic,788.21
1622,Aarav Smith,aarav.smith1622@example.com,Germany,2021-02-19,Basic,141.39
1623,Mary Wright,mary.wright1623@example.com,Singapore,2024-07-17,Standard,604.48
1624,Sofia Khan,sofia.khan1624@example.com,Spain,2020-11-20,Standard,3506.10
1625,Aarav Hill,aarav.hill1625@example.com,Singapore,2022-12-17,Standard,1038.43
1626,Sarah Wilson,sarah.wilson1626@example.com,Netherlands,2022-06-08,Standard,791.44
1627,Joseph Rossi,joseph.rossi1627@example.com,India,2019-08-31,Basic,721.73
1628,Jennifer Young,jennifer.young1628@example.com,United Kingdom,2019-12-23,Standard,917.67
1629,Ashley Rossi,ashley.rossi1629@example.com,France,2018-03-28,Standard,1378.61
1630,Barbara Sanchez,barbara.sanchez1630@example.com,Germany,2018-10-12,Standard,745.38
1631,Margaret Thomas,margaret.thomas1631@example.com,Spain,2022-07-07,Standard,580.89
1632,Kimberly Rodriguez,kimberly.rodriguez1632@example.com,Netherlands,2018-02-18,Basic,482.63
1633,Matthew Harris,matthew.harris1633@example.com,Singapore,2018-02-25,Premium,11924.79
1634,Ananya Williams,ananya.williams1634@example.com,Netherlands,2018-12-09,Premium,5479.53
1635,Aarav Hill,aarav.hill1635@example.com,United States,2019-03-12,Premium,9050.81
1636,Nancy Ali,nancy.ali1636@example.com,United Kingdom,2023-05-22,Premium,11875.73
1637,Mark Hernandez,mark.hernandez1637@example.com,Brazil,2019-09-25,Standard,1126.47
1638,Paul Khan,paul.khan1638@example.com,Japan,2019-05-20,Standard,280.59
1639,John Miller,john.miller1639@example.com,Canada,2023-09-27,Standard,3568.54
1640,Anthony Martinez,anthony.martinez1640@example.com,Germany,2018-04-09,Premium,4946.78
1641,Matthew Martinez,matthew.martinez1641@example.com,France,2020-07-14,Standard,3702.43
1642,Yuki Harris,yuki.harris1642@example.com,Italy,2019-04-06,Standard,2068.92
1643,Linda Anderson,linda.anderson1643@example.com,France,2022-01-03,Premium,2991.77
1644,Nancy Davis,nancy.davis1644@example.com,United Arab Emirates,2018-12-14,Standard,3603.23
1645,Joshua Martinez,joshua.martinez1645@example.com,Japan,2021-10-03,Standard,2478.52
1646,Yuki Ramirez,yuki.ramirez1646@example.com,Spain,2025-09-15,Standard,1345.94
1647,Charles Thompson,charles.thompson1647@example.com,France,2023-08-07,Basic,529.39
1648,Thomas Ali,thomas.ali1648@example.com,Netherlands,2018-01-09,Basic,689.37
1649,Elizabeth Costa,elizabeth.costa1649@example.com,India,2019-08-29,Standard,1684.28
1650,Carlos Walker,carlos.walker1650@example.com,Canada,2024-06-24,Basic,341.96
1651,Carlos Moore,carlos.moore1651@example.com,India,2019-06-07,Premium,4364.34
1652,Matthew Thompson,matthew.thompson1652@example.com,Australia,2023-05-26,Standard,2835.00
1653,Anthony Hill,anthony.hill1653@example.com,India,2019-07-21,Basic,641.71
1654,Ananya Thomas,ananya.thomas1654@example.com,Japan,2023-07-30,Standard,2247.24
1655,Ashley Wright,ashley.wright1655@example.com,Germany,2022-04-25,Standard,517.75
1656,Fatima Clark,fatima.clark1656@example.com,Netherlands,2025-10-11,Standard,3282.91
1657,Joseph Khan,joseph.khan1657@example.com,India,2018-01-12,Premium,4642.64
1658,Mary White,mary.white1658@example.com,United Kingdom,2019-03-28,Standard,426.39
1659,Daniel White,daniel.white1659@example.com,Singapore,2019-07-25,Basic,235.76
1660,Elizabeth Scott,elizabeth.scott1660@example.com,United Arab Emirates,2022-09-21,Basic,194.00
1661,Joseph Brown,joseph.brown1661@example.com,Canada,2025-10-20,Basic,563.17
1662,Matthew Rossi,matthew.rossi1662@example.com,Australia,2022-03-03,Premium,2703.08
1663,Michael Chen,michael.chen1663@example.com,Brazil,2024-08-29,Standard,3507.81
1664,Mary Martinez,mary.martinez1664@example.com,Canada,2020-09-30,Standard,492.85
1665,Andrew Clark,andrew.clark1665@example.com,United Kingdom,2023-04-09,Premium,11666.25
1666,Sofia King,sofia.king1666@example.com,France,2023-04-10,Standard,1763.79
1667,Nancy Lewis,nancy.lewis1667@example.com,Italy,2018-02-24,Basic,229.42
1668,Elizabeth Brown,elizabeth.brown1668@example.com,United States,2024-10-10,Basic,600.91
1669,Steven Hernandez,steven.hernandez1669@example.com,Singapore,2022-10-02,Premium,10838.75
1670,Sandra Scott,sandra.scott1670@example.com,France,2024-06-01,Basic,401.50
1671,Fatima Anderson,fatima.anderson1671@example.com,United Kingdom,2021-01-18,Standard,3897.86
1672,Kimberly Harris,kimberly.harris1672@example.com,United Kingdom,2020-05-17,Basic,320.32
1673,Patricia Anderson,patricia.anderson1673@example.com,Singapore,2024-04-09,Standard,2499.32
1674,Robert Khan,robert.khan1674@example.com,India,2025-04-27,Standard,2639.19
1675,Matthew Hernandez,matthew.hernandez1675@example.com,India,2025-04-02,Premium,7514.88
1676,Sarah Miller,sarah.miller1676@example.com,India,2024-10-06,Premium,12124.36
1677,Nancy Johnson,nancy.johnson1677@example.com,United Kingdom,2024-01-28,Standard,604.57
1678,Susan Hill,susan.hill1678@example.com,United Arab Emirates,2021-06-20,Premium,4440.67
1679,Richard Patel,richard.patel1679@example.com,Germany,2021-01-07,Basic,68.03
1680,Andrew Torres,andrew.torres1680@example.com,Netherlands,2023-06-05,Premium,2593.85
1681,Christopher Garcia,christopher.garcia1681@example.com,United States,2021-12-31,Basic,601.34
1682,Betty Allen,betty.allen1682@example.com,Netherlands,2022-05-20,Standard,2957.61
1683,William Khan,william.khan1683@example.com,India,2022-07-27,Standard,3606.74
1684,Steven Miller,steven.miller1684@example.com,Netherlands,2019-09-08,Standard,290.00
1685,Matthew Walker,matthew.walker1685@example.com,Singapore,2018-06-03,Standard,1302.45
1686,Elizabeth Singh,elizabeth.singh1686@example.com,United Arab Emirates,2025-01-07,Standard,554.51
1687,Fatima Anderson,fatima.anderson1687@example.com,Netherlands,2025-08-23,Basic,523.38
1688,Ingrid Ali,ingrid.ali1688@example.com,Japan,2023-10-16,Standard,3970.66
1689,Joshua Kim,joshua.kim1689@example.com,Netherlands,2021-10-30,Standard,1900.42
1690,William Perez,william.perez1690@example.com,Mexico,2022-10-31,Standard,352.05
1691,Fatima Costa,fatima.costa1691@example.com,Germany,2020-05-05,Standard,3988.64
1692,Joshua Jones,joshua.jones1692@example.com,Mexico,2025-01-15,Basic,795.52
1693,Michael Smith,michael.smith1693@example.com,Singapore,2021-06-21,Premium,9112.77
1694,Jennifer Young,jennifer.young1694@example.com,India,2019-11-27,Premium,14142.73
1695,David Jones,david.jones1695@example.com,India,2021-12-18,Standard,539.07
1696,Barbara Ali,barbara.ali1696@example.com,France,2023-04-23,Basic,782.79
1697,Hans Lewis,hans.lewis1697@example.com,United Kingdom,2019-05-23,Standard,3892.39
1698,Ashley Williams,ashley.williams1698@example.com,France,2022-07-01,Standard,1754.33
1699,Michelle Singh,michelle.singh1699@example.com,India,2023-10-01,Premium,12982.86
1700,Christopher White,christopher.white1700@example.com,Australia,2023-09-04,Premium,7851.20
1701,Yuki Williams,yuki.williams1701@example.com,Spain,2018-08-22,Standard,3015.96
1702,Jessica Khan,jessica.khan1702@example.com,United States,2019-09-26,Basic,682.45
1703,Charles Harris,charles.harris1703@example.com,Australia,2018-10-26,Standard,1047.59
1704,Sandra Chen,sandra.chen1704@example.com,Brazil,2023-04-03,Premium,10352.30
1705,Sandra Miller,sandra.miller1705@example.com,Italy,2019-03-20,Premium,13926.98
1706,Betty Costa,betty.costa1706@example.com,Australia,2021-09-08,Standard,444.99
1707,Nancy Hill,nancy.hill1707@example.com,Italy,2023-05-05,Standard,634.44
1708,Sandra Williams,sandra.williams1708@example.com,Brazil,2019-08-20,Standard,2632.82
1709,Christopher Torres,christopher.torres1709@example.com,Mexico,2022-04-07,Premium,2811.20
1710,Lisa Ramirez,lisa.ramirez1710@example.com,Germany,2018-08-10,Basic,169.19
1711,Mary Silva,mary.silva1711@example.com,France,2020-10-29,Standard,2615.61
1712,Jennifer Martinez,jennifer.martinez1712@example.com,Australia,2018-12-01,Premium,5878.38
1713,Fatima Lewis,fatima.lewis1713@example.com,Japan,2020-05-26,Basic,535.72
1714,Thomas Lopez,thomas.lopez1714@example.com,Canada,2022-10-22,Basic,273.62
1715,Hans Martin,hans.martin1715@example.com,India,2022-09-13,Standard,2030.18
1716,Paul Khan,paul.khan1716@example.com,Italy,2022-11-25,Basic,283.75
1717,Omar Torres,omar.torres1717@example.com,United States,2024-04-16,Standard,3175.68
1718,Joshua Gonzalez,joshua.gonzalez1718@example.com,Spain,2024-06-27,Premium,10014.66
1719,Christopher Chen,christopher.chen1719@example.com,Italy,2021-07-20,Basic,11.35
1720,Sandra Martinez,sandra.martinez1720@example.com,India,2019-04-11,Standard,3209.66
1721,Yuki Clark,yuki.clark1721@example.com,Italy,2018-01-16,Standard,3955.31
1722,William Patel,william.patel1722@example.com,Mexico,2019-02-04,Standard,338.65
1723,Sofia Gonzalez,sofia.gonzalez1723@example.com,Japan,2019-11-12,Standard,2483.58
1724,Susan Thompson,susan.thompson1724@example.com,Germany,2025-08-15,Standard,2391.98
1725,James White,james.white1725@example.com,United States,2021-05-21,Basic,717.32
1726,Steven Davis,steven.davis1726@example.com,Spain,2023-02-11,Standard,1773.40
1727,Daniel Thompson,daniel.thompson1727@example.com,Australia,2023-11-13,Basic,779.26
1728,Nancy Davis,nancy.davis1728@example.com,Brazil,2022-10-21,Basic,298.50
1729,Emily Hill,emily.hill1729@example.com,Australia,2022-04-12,Standard,1283.11
1730,Wei Khan,wei.khan1730@example.com,Spain,2021-03-06,Standard,2867.95
1731,Michael Garcia,michael.garcia1731@example.com,Canada,2019-01-03,Basic,519.70
1732,Michelle Clark,michelle.clark1732@example.com,Italy,2024-12-30,Premium,14053.98
1733,Michael Patel,michael.patel1733@example.com,Mexico,2018-05-14,Standard,2737.30
1734,Anthony Wilson,anthony.wilson1734@example.com,Brazil,2024-03-09,Standard,1648.10
1735,Richard Walker,richard.walker1735@example.com,India,2023-03-16,Basic,330.35
1736,Ananya Ali,ananya.ali1736@example.com,Australia,2018-02-01,Basic,751.69
1737,Joseph Allen,joseph.allen1737@example.com,United Arab Emirates,2025-05-21,Standard,1205.10
1738,Anthony Singh,anthony.singh1738@example.com,United Arab Emirates,2022-08-26,Standard,324.16
1739,Mary Martinez,mary.martinez1739@example.com,Singapore,2023-10-27,Basic,656.03
1740,Joshua Lee,joshua.lee1740@example.com,Mexico,2022-10-28,Standard,1118.96
1741,Betty Gonzalez,betty.gonzalez1741@example.com,Australia,2018-07-31,Standard,3245.06
1742,Andrew Ramirez,andrew.ramirez1742@example.com,Spain,2022-05-19,Premium,14705.62
1743,Barbara Sanchez,barbara.sanchez1743@example.com,Japan,2019-10-11,Basic,349.92
1744,Michael Ali,michael.ali1744@example.com,Japan,2019-04-30,Basic,505.15
1745,Betty Silva,betty.silva1745@example.com,France,2024-03-14,Standard,804.40
1746,Christopher Wilson,christopher.wilson1746@example.com,United States,2022-11-27,Premium,2150.00
1747,Ingrid Nguyen,ingrid.nguyen1747@example.com,Mexico,2025-12-08,Standard,2265.96
1748,Jennifer Torres,jennifer.torres1748@example.com,Italy,2019-06-19,Standard,3936.97
1749,Aarav Patel,aarav.patel1749@example.com,United Kingdom,2020-09-08,Basic,522.02
1750,Joseph Martin,joseph.martin1750@example.com,Singapore,2020-10-01,Standard,2959.99
1751,Matthew Costa,matthew.costa1751@example.com,United States,2021-01-31,Standard,515.26
1752,Elizabeth Patel,elizabeth.patel1752@example.com,Mexico,2019-02-28,Premium,3442.11
1753,Joshua Davis,joshua.davis1753@example.com,France,2020-12-09,Premium,13629.86
1754,Jennifer Jones,jennifer.jones1754@example.com,India,2020-05-01,Standard,1685.04
1755,Ashley Johnson,ashley.johnson1755@example.com,Brazil,2025-01-06,Standard,489.99
1756,Yuki Clark,yuki.clark1756@example.com,India,2025-02-08,Standard,3651.55
1757,David Lopez,david.lopez1757@example.com,United Arab Emirates,2020-01-02,Standard,2706.73
1758,Aarav Hill,aarav.hill1758@example.com,Canada,2021-11-05,Basic,794.99
1759,Donald Flores,donald.flores1759@example.com,United States,2019-10-11,Standard,2182.64
1760,Thomas Davis,thomas.davis1760@example.com,United States,2024-01-05,Standard,287.55
1761,Steven Silva,steven.silva1761@example.com,Singapore,2022-02-03,Standard,636.20
1762,Susan Johnson,susan.johnson1762@example.com,Germany,2018-12-08,Standard,2965.43
1763,William Moore,william.moore1763@example.com,Germany,2019-01-12,Standard,1524.50
1764,Emily Kim,emily.kim1764@example.com,Italy,2023-07-24,Standard,1857.04
1765,Betty Gonzalez,betty.gonzalez1765@example.com,Germany,2025-09-15,Standard,3414.94
1766,Fatima Moore,fatima.moore1766@example.com,Canada,2024-07-18,Basic,634.52
1767,Donna Martin,donna.martin1767@example.com,Germany,2023-06-22,Standard,1847.19
1768,Mark Ramirez,mark.ramirez1768@example.com,France,2021-07-29,Standard,2567.06
1769,Joshua Harris,joshua.harris1769@example.com,Mexico,2021-12-16,Standard,1621.05
1770,Aarav Jones,aarav.jones1770@example.com,United Arab Emirates,2018-05-19,Standard,3840.77
1771,Thomas Nguyen,thomas.nguyen1771@example.com,Mexico,2025-03-27,Standard,3811.44
1772,Kimberly Thompson,kimberly.thompson1772@example.com,Canada,2020-01-07,Standard,3274.35
1773,Margaret Lopez,margaret.lopez1773@example.com,Canada,2020-05-31,Standard,2696.43
1774,Lisa Martinez,lisa.martinez1774@example.com,Canada,2018-02-09,Basic,254.87
1775,James Ali,james.ali1775@example.com,Brazil,2024-05-13,Standard,3221.91
1776,Joseph Scott,joseph.scott1776@example.com,France,2024-09-30,Premium,4758.28
1777,Susan Miller,susan.miller1777@example.com,Italy,2024-10-25,Standard,3795.83
1778,Wei Jones,wei.jones1778@example.com,Spain,2022-09-24,Standard,2792.10
1779,Margaret Lee,margaret.lee1779@example.com,Germany,2020-03-18,Basic,39.73
1780,Ashley Young,ashley.young1780@example.com,France,2022-09-22,Premium,3550.37
1781,Mark Hernandez,mark.hernandez1781@example.com,Mexico,2022-04-18,Standard,1098.40
1782,Mary Jackson,mary.jackson1782@example.com,Netherlands,2024-06-16,Premium,14843.41
1783,Sandra Jackson,sandra.jackson1783@example.com,Australia,2018-06-01,Premium,13645.78
1784,Kimberly Williams,kimberly.williams1784@example.com,United States,2018-10-12,Standard,1985.59
1785,Anthony Rossi,anthony.rossi1785@example.com,India,2021-11-17,Standard,1721.31
1786,Emily Costa,emily.costa1786@example.com,Mexico,2018-07-12,Standard,1694.64
1787,Omar Robinson,omar.robinson1787@example.com,Spain,2019-05-13,Standard,3403.69
1788,Michelle Miller,michelle.miller1788@example.com,United States,2018-02-12,Premium,3803.55
1789,Christopher Khan,christopher.khan1789@example.com,Germany,2019-11-29,Basic,70.41
1790,Carlos White,carlos.white1790@example.com,Japan,2018-01-21,Basic,747.29
1791,Patricia Taylor,patricia.taylor1791@example.com,United States,2019-03-30,Basic,38.40
1792,Karen Jones,karen.jones1792@example.com,Italy,2024-11-14,Standard,3208.19
1793,Matthew Moore,matthew.moore1793@example.com,United Arab Emirates,2019-07-19,Standard,2417.12
1794,Linda Rodriguez,linda.rodriguez1794@example.com,United Kingdom,2024-07-20,Standard,3573.63
1795,Anthony Patel,anthony.patel1795@example.com,Canada,2023-11-08,Standard,2204.84
1796,Andrew Walker,andrew.walker1796@example.com,France,2021-08-11,Standard,3136.05
1797,Donald Anderson,donald.anderson1797@example.com,Netherlands,2021-04-28,Premium,11247.96
1798,Daniel Scott,daniel.scott1798@example.com,Germany,2025-05-25,Basic,517.71
1799,Susan Khan,susan.khan1799@example.com,Brazil,2018-09-04,Premium,4762.18
1800,Wei Wilson,wei.wilson1800@example.com,Australia,2020-02-09,Standard,2053.05
1801,Nancy Wilson,nancy.wilson1801@example.com,Netherlands,2023-12-02,Basic,411.14
1802,Christopher Silva,christopher.silva1802@example.com,Italy,2023-02-03,Basic,524.23
1803,Steven Miller,steven.miller1803@example.com,Germany,2022-01-29,Basic,308.46
1804,Mark Flores,mark.flores1804@example.com,Netherlands,2022-06-28,Standard,914.22
1805,Sarah Ramirez,sarah.ramirez1805@example.com,France,2024-06-22,Standard,2663.86
1806,Elizabeth Robinson,elizabeth.robinson1806@example.com,Italy,2019-03-28,Basic,192.45
1807,Sandra Lopez,sandra.lopez1807@example.com,Brazil,2025-06-04,Standard,2217.36
1808,Daniel Taylor,daniel.taylor1808@example.com,Japan,2018-12-11,Premium,6607.55
1809,Susan Martinez,susan.martinez1809@example.com,Australia,2023-09-12,Standard,1468.21
1810,Mark Moore,mark.moore1810@example.com,United States,2025-04-10,Standard,1653.59
1811,Margaret Gonzalez,margaret.gonzalez1811@example.com,Australia,2019-12-25,Standard,2457.39
1812,Kimberly Hill,kimberly.hill1812@example.com,Australia,2019-03-24,Standard,2788.41
1813,Ananya Thomas,ananya.thomas1813@example.com,Germany,2019-04-17,Basic,42.51
1814,John Torres,john.torres1814@example.com,Canada,2023-12-20,Standard,583.92
1815,Joseph Flores,joseph.flores1815@example.com,Australia,2022-05-25,Standard,1692.96
1816,Joseph Rossi,joseph.rossi1816@example.com,Italy,2021-01-03,Basic,396.14
1817,David Wilson,david.wilson1817@example.com,France,2025-12-01,Standard,2465.99
1818,Carlos Smith,carlos.smith1818@example.com,Japan,2025-11-09,Premium,10087.54
1819,Sofia Martin,sofia.martin1819@example.com,Italy,2020-09-04,Basic,136.19
1820,Yuki Jones,yuki.jones1820@example.com,India,2023-02-08,Standard,738.97
1821,James Chen,james.chen1821@example.com,India,2018-03-27,Standard,874.56
1822,Thomas Jones,thomas.jones1822@example.com,Netherlands,2018-02-09,Standard,2457.22
1823,Donald Nguyen,donald.nguyen1823@example.com,Singapore,2020-10-10,Premium,8143.39
1824,John Johnson,john.johnson1824@example.com,France,2020-07-24,Standard,2196.02
1825,David Silva,david.silva1825@example.com,Canada,2019-02-14,Premium,5959.83
1826,Sofia Perez,sofia.perez1826@example.com,Italy,2021-12-07,Standard,3961.21
1827,Thomas Chen,thomas.chen1827@example.com,India,2023-02-23,Standard,251.53
1828,Daniel Martin,daniel.martin1828@example.com,United Arab Emirates,2023-10-23,Basic,619.62
1829,Joshua Walker,joshua.walker1829@example.com,Spain,2023-10-29,Premium,11466.80
1830,Mary Martinez,mary.martinez1830@example.com,Singapore,2020-06-21,Basic,527.49
1831,Elizabeth Thompson,elizabeth.thompson1831@example.com,Germany,2024-06-23,Standard,3015.85
1832,Margaret White,margaret.white1832@example.com,Canada,2020-03-04,Standard,3698.46
1833,Matthew Patel,matthew.patel1833@example.com,France,2025-01-11,Premium,10824.42
1834,Mark King,mark.king1834@example.com,United Arab Emirates,2025-08-13,Standard,1525.61
1835,Nancy Sanchez,nancy.sanchez1835@example.com,France,2021-06-20,Standard,924.18
1836,Donna King,donna.king1836@example.com,Singapore,2024-11-13,Basic,98.37
1837,Sandra Torres,sandra.torres1837@example.com,Netherlands,2021-11-22,Basic,230.73
1838,James Young,james.young1838@example.com,United Kingdom,2023-03-26,Basic,544.74
1839,Kimberly Jackson,kimberly.jackson1839@example.com,Spain,2019-10-29,Standard,1353.85
1840,Charles Jones,charles.jones1840@example.com,United States,2023-02-03,Basic,32.76
1841,Charles Nguyen,charles.nguyen1841@example.com,Brazil,2021-06-06,Premium,2066.17
1842,Daniel Chen,daniel.chen1842@example.com,United States,2020-10-26,Basic,110.18
1843,Charles Allen,charles.allen1843@example.com,Netherlands,2024-04-15,Standard,789.14
1844,Jennifer Ali,jennifer.ali1844@example.com,Italy,2020-03-16,Standard,1841.79
1845,Jennifer Jackson,jennifer.jackson1845@example.com,Brazil,2021-12-23,Standard,1145.17
1846,Yuki Patel,yuki.patel1846@example.com,Australia,2019-02-06,Standard,3593.53
1847,Karen Hill,karen.hill1847@example.com,Mexico,2022-11-21,Standard,2779.91
1848,Christopher Nguyen,christopher.nguyen1848@example.com,Netherlands,2020-03-28,Premium,5250.27
1849,Anthony Scott,anthony.scott1849@example.com,France,2018-12-17,Standard,1329.87
1850,Aarav Robinson,aarav.robinson1850@example.com,Australia,2022-11-25,Standard,564.96
1851,Kimberly Lewis,kimberly.lewis1851@example.com,Japan,2025-09-07,Standard,2907.87
1852,Sandra Thompson,sandra.thompson1852@example.com,Australia,2022-08-08,Standard,1952.88
1853,Emily Johnson,emily.johnson1853@example.com,Australia,2018-12-29,Basic,604.69
1854,Michelle Martin,michelle.martin1854@example.com,Mexico,2023-09-29,Basic,298.49
1855,Michelle Wright,michelle.wright1855@example.com,United Arab Emirates,2021-04-16,Basic,42.83
1856,Betty Rodriguez,betty.rodriguez1856@example.com,United States,2023-03-11,Standard,3268.43
1857,Kimberly Robinson,kimberly.robinson1857@example.com,Canada,2018-08-13,Basic,216.14
1858,Ananya Miller,ananya.miller1858@example.com,Canada,2021-04-05,Standard,2348.68
1859,Omar Perez,omar.perez1859@example.com,Canada,2024-07-22,Basic,539.53
1860,Sofia Ali,sofia.ali1860@example.com,Germany,2023-10-16,Premium,3873.97
1861,Sofia Young,sofia.young1861@example.com,United Arab Emirates,2025-07-30,Premium,10315.69
1862,Elizabeth Martin,elizabeth.martin1862@example.com,Italy,2018-01-27,Standard,3261.34
1863,Michelle Khan,michelle.khan1863@example.com,Canada,2018-01-01,Standard,781.48
1864,Linda King,linda.king1864@example.com,Germany,2019-03-01,Premium,8158.65
1865,Steven Lewis,steven.lewis1865@example.com,United Arab Emirates,2019-05-14,Standard,1339.71
1866,Donald Lopez,donald.lopez1866@example.com,Singapore,2024-02-18,Basic,208.22
1867,Michelle Singh,michelle.singh1867@example.com,Spain,2024-12-02,Standard,668.15
1868,Elizabeth Patel,elizabeth.patel1868@example.com,United Kingdom,2025-05-16,Premium,5128.86
1869,Steven Mueller,steven.mueller1869@example.com,Germany,2023-05-05,Standard,2025.77
1870,Charles Chen,charles.chen1870@example.com,Mexico,2023-07-13,Premium,6775.41
1871,Sarah Sanchez,sarah.sanchez1871@example.com,Netherlands,2019-03-16,Standard,1963.06
1872,Margaret Martinez,margaret.martinez1872@example.com,Brazil,2019-05-08,Premium,9334.72
1873,James Nguyen,james.nguyen1873@example.com,Spain,2025-04-18,Standard,3594.24
1874,Michelle Lewis,michelle.lewis1874@example.com,United Arab Emirates,2021-12-23,Premium,14516.35
1875,Sandra Rossi,sandra.rossi1875@example.com,United States,2019-10-11,Standard,1559.44
1876,Steven Wilson,steven.wilson1876@example.com,Italy,2023-11-21,Standard,1684.37
1877,Robert Lopez,robert.lopez1877@example.com,India,2025-05-10,Standard,2932.99
1878,Nancy Robinson,nancy.robinson1878@example.com,Netherlands,2019-07-28,Basic,222.67
1879,Hans Chen,hans.chen1879@example.com,Australia,2018-10-07,Standard,3681.41
1880,Ananya Walker,ananya.walker1880@example.com,Brazil,2024-10-17,Standard,2704.09
1881,Andrew Ali,andrew.ali1881@example.com,Netherlands,2025-05-22,Basic,420.35
1882,William Khan,william.khan1882@example.com,Mexico,2021-11-26,Standard,2421.07
1883,Betty Jones,betty.jones1883@example.com,Singapore,2019-10-14,Premium,5012.16
1884,Wei Miller,wei.miller1884@example.com,Spain,2023-05-06,Standard,1429.91
1885,Joseph Costa,joseph.costa1885@example.com,Italy,2020-08-27,Basic,84.35
1886,Barbara Rossi,barbara.rossi1886@example.com,Netherlands,2022-09-17,Basic,737.90
1887,Patricia Flores,patricia.flores1887@example.com,United States,2018-10-26,Standard,1877.81
1888,Lisa Hill,lisa.hill1888@example.com,United States,2019-12-14,Standard,1420.41
1889,Omar Lewis,omar.lewis1889@example.com,Spain,2024-06-08,Standard,2314.58
1890,Richard Taylor,richard.taylor1890@example.com,Spain,2021-03-17,Standard,1056.89
1891,Sofia Hernandez,sofia.hernandez1891@example.com,Japan,2020-02-27,Standard,526.87
1892,Mary Patel,mary.patel1892@example.com,Canada,2020-04-13,Basic,26.59
1893,William Smith,william.smith1893@example.com,Australia,2024-05-16,Standard,2277.01
1894,Robert Perez,robert.perez1894@example.com,Italy,2025-03-15,Standard,2206.99
1895,Richard Wilson,richard.wilson1895@example.com,Brazil,2023-08-14,Standard,1538.00
1896,Michelle Scott,michelle.scott1896@example.com,Netherlands,2018-10-03,Basic,351.10
1897,Aarav Harris,aarav.harris1897@example.com,Mexico,2018-11-17,Basic,101.75
1898,Kimberly Martin,kimberly.martin1898@example.com,Brazil,2020-08-02,Premium,2669.23
1899,Paul Perez,paul.perez1899@example.com,Singapore,2021-04-02,Premium,13989.55
1900,Thomas Harris,thomas.harris1900@example.com,Canada,2019-10-09,Basic,774.49
1901,Robert Wright,robert.wright1901@example.com,Singapore,2023-10-22,Standard,3740.87
1902,Steven Martin,steven.martin1902@example.com,United States,2024-02-15,Standard,2850.57
1903,Linda Nguyen,linda.nguyen1903@example.com,United Arab Emirates,2020-12-13,Standard,2682.28
1904,John Perez,john.perez1904@example.com,Germany,2021-10-02,Standard,3574.51
1905,Patricia Rodriguez,patricia.rodriguez1905@example.com,Singapore,2021-09-12,Standard,3711.86
1906,Wei Brown,wei.brown1906@example.com,Canada,2024-04-28,Standard,3636.43
1907,Omar Silva,omar.silva1907@example.com,India,2018-10-17,Basic,759.93
1908,Joshua Mueller,joshua.mueller1908@example.com,Canada,2024-03-08,Standard,2019.33
1909,William Moore,william.moore1909@example.com,Canada,2018-05-26,Basic,397.28
1910,Joseph Kim,joseph.kim1910@example.com,Brazil,2021-05-27,Standard,3169.86
1911,Joseph Johnson,joseph.johnson1911@example.com,United States,2020-03-14,Basic,427.35
1912,Matthew Singh,matthew.singh1912@example.com,United States,2024-03-13,Standard,2032.26
1913,Matthew Costa,matthew.costa1913@example.com,United Kingdom,2022-10-27,Standard,2865.08
1914,Emily Rodriguez,emily.rodriguez1914@example.com,Canada,2024-11-26,Premium,14772.95
1915,Lisa Thompson,lisa.thompson1915@example.com,Australia,2018-08-26,Standard,1105.05
1916,Jennifer Nguyen,jennifer.nguyen1916@example.com,Australia,2024-01-06,Premium,9384.63
1917,James Rossi,james.rossi1917@example.com,United States,2018-11-10,Standard,415.29
1918,Mark Lopez,mark.lopez1918@example.com,India,2021-12-03,Standard,2489.18
1919,Jessica Jackson,jessica.jackson1919@example.com,Australia,2023-05-15,Premium,10548.58
1920,Wei Jones,wei.jones1920@example.com,Japan,2020-04-23,Premium,8434.08
1921,Sofia Thompson,sofia.thompson1921@example.com,Singapore,2020-06-21,Basic,354.83
1922,Karen White,karen.white1922@example.com,France,2025-05-01,Basic,195.36
1923,Sarah Lee,sarah.lee1923@example.com,Japan,2019-03-04,Standard,405.19
1924,Anthony Ali,anthony.ali1924@example.com,Brazil,2021-02-19,Basic,62.76
1925,William King,william.king1925@example.com,Italy,2024-03-14,Standard,1000.92
1926,Lisa Rossi,lisa.rossi1926@example.com,United Kingdom,2018-05-27,Basic,782.33
1927,Omar Lewis,omar.lewis1927@example.com,Brazil,2019-04-13,Standard,280.90
1928,John Moore,john.moore1928@example.com,Australia,2021-05-15,Standard,3343.28
1929,Jennifer Brown,jennifer.brown1929@example.com,Mexico,2022-04-22,Standard,2082.36
1930,Matthew Harris,matthew.harris1930@example.com,Germany,2020-04-22,Standard,1641.44
1931,Wei Ramirez,wei.ramirez1931@example.com,Spain,2021-06-03,Standard,318.96
1932,Hans Thompson,hans.thompson1932@example.com,United Arab Emirates,2024-10-29,Basic,603.58
1933,Nancy Taylor,nancy.taylor1933@example.com,Mexico,2020-06-05,Basic,605.80
1934,Nancy Rossi,nancy.rossi1934@example.com,Australia,2022-10-18,Basic,626.09
1935,Sofia Silva,sofia.silva1935@example.com,Canada,2024-03-16,Premium,7045.44
1936,Carlos Singh,carlos.singh1936@example.com,Japan,2023-03-14,Standard,1810.57
1937,Carlos Torres,carlos.torres1937@example.com,France,2019-10-28,Basic,768.24
1938,Sandra Mueller,sandra.mueller1938@example.com,Germany,2019-06-25,Basic,726.17
1939,Sarah Singh,sarah.singh1939@example.com,Canada,2020-10-20,Basic,617.07
1940,Charles Perez,charles.perez1940@example.com,United States,2024-11-26,Standard,1242.23
1941,Sarah Chen,sarah.chen1941@example.com,Spain,2024-10-26,Standard,246.89
1942,Karen Torres,karen.torres1942@example.com,Singapore,2020-12-19,Standard,3420.85
1943,Mark Robinson,mark.robinson1943@example.com,United States,2023-03-26,Premium,2481.05
1944,Daniel Walker,daniel.walker1944@example.com,Japan,2020-06-11,Standard,1752.72
1945,Donna Garcia,donna.garcia1945@example.com,Mexico,2024-03-08,Standard,1393.30
1946,Robert Lewis,robert.lewis1946@example.com,Netherlands,2021-02-05,Standard,1186.26
1947,Ashley Rodriguez,ashley.rodriguez1947@example.com,United Kingdom,2019-08-25,Standard,3510.71
1948,Ananya Brown,ananya.brown1948@example.com,Spain,2018-06-07,Standard,900.17
1949,Steven Lewis,steven.lewis1949@example.com,United States,2024-03-16,Standard,2925.96
1950,Patricia Ali,patricia.ali1950@example.com,France,2018-03-08,Basic,542.71
1951,Daniel Wright,daniel.wright1951@example.com,Mexico,2020-08-19,Basic,279.78
1952,Robert Allen,robert.allen1952@example.com,Japan,2018-11-14,Standard,1100.52
1953,Christopher Torres,christopher.torres1953@example.com,Singapore,2025-08-21,Standard,1780.68
1954,Ananya Ramirez,ananya.ramirez1954@example.com,United Kingdom,2018-04-12,Basic,261.23
1955,Lisa Perez,lisa.perez1955@example.com,United Arab Emirates,2025-04-24,Basic,299.77
1956,Charles Flores,charles.flores1956@example.com,India,2018-07-02,Premium,5781.34
1957,Elizabeth Nguyen,elizabeth.nguyen1957@example.com,Mexico,2020-05-16,Premium,12504.44
1958,Steven Ali,steven.ali1958@example.com,Japan,2024-07-09,Basic,570.27
1959,Susan Harris,susan.harris1959@example.com,United States,2025-05-15,Basic,581.01
1960,Matthew Silva,matthew.silva1960@example.com,Canada,2018-11-13,Basic,766.90
1961,Joseph Torres,joseph.torres1961@example.com,Mexico,2025-01-25,Standard,2283.29
1962,Anthony Wright,anthony.wright1962@example.com,Singapore,2023-12-02,Basic,638.56
1963,Joshua Walker,joshua.walker1963@example.com,Japan,2022-12-12,Standard,1404.37
1964,Richard Torres,richard.torres1964@example.com,Germany,2021-09-08,Standard,1123.68
1965,Ingrid White,ingrid.white1965@example.com,India,2019-04-18,Standard,2833.68
1966,Mark Rossi,mark.rossi1966@example.com,Australia,2022-01-22,Basic,63.75
1967,Emily Allen,emily.allen1967@example.com,India,2025-04-30,Premium,8294.01
1968,Joseph Lewis,joseph.lewis1968@example.com,Germany,2024-05-21,Basic,662.26
1969,William Wright,william.wright1969@example.com,United Arab Emirates,2022-07-28,Standard,2761.60
1970,Wei Rodriguez,wei.rodriguez1970@example.com,Netherlands,2021-03-21,Standard,1497.97
1971,Linda Garcia,linda.garcia1971@example.com,Japan,2019-08-31,Standard,2388.84
1972,Aarav Costa,aarav.costa1972@example.com,United Kingdom,2023-02-03,Standard,258.95
1973,Linda Clark,linda.clark1973@example.com,Japan,2025-12-23,Standard,3734.48
1974,Sofia Miller,sofia.miller1974@example.com,United States,2022-11-03,Premium,2311.11
1975,David Jones,david.jones1975@example.com,Singapore,2023-12-09,Premium,13942.10
1976,Margaret Thompson,margaret.thompson1976@example.com,Italy,2024-03-31,Premium,5138.65
1977,Charles Davis,charles.davis1977@example.com,Singapore,2021-10-10,Standard,2447.62
1978,Michelle Miller,michelle.miller1978@example.com,United States,2018-10-30,Basic,591.00
1979,Daniel Lewis,daniel.lewis1979@example.com,Spain,2023-01-17,Basic,592.56
1980,Margaret Jackson,margaret.jackson1980@example.com,Italy,2019-07-06,Basic,586.75
1981,Carlos Costa,carlos.costa1981@example.com,Singapore,2023-09-18,Standard,518.40
1982,James Nguyen,james.nguyen1982@example.com,Spain,2025-04-13,Standard,1923.40
1983,Christopher Lewis,christopher.lewis1983@example.com,Italy,2024-08-05,Standard,1261.34
1984,Ingrid Miller,ingrid.miller1984@example.com,Brazil,2021-10-29,Standard,383.49
1985,Kimberly King,kimberly.king1985@example.com,Singapore,2022-10-14,Standard,1283.98
1986,Matthew Lee,matthew.lee1986@example.com,United Kingdom,2018-06-21,Basic,651.19
1987,Sofia Rossi,sofia.rossi1987@example.com,Japan,2021-02-13,Standard,2385.52
1988,Michelle Lee,michelle.lee1988@example.com,France,2019-11-10,Premium,3541.16
1989,Sarah Young,sarah.young1989@example.com,United Arab Emirates,2019-11-25,Standard,1296.22
1990,Thomas Hill,thomas.hill1990@example.com,United Arab Emirates,2020-08-06,Basic,533.15
1991,Elizabeth Miller,elizabeth.miller1991@example.com,Singapore,2023-09-15,Standard,3068.49
1992,Mary Hill,mary.hill1992@example.com,United Arab Emirates,2024-01-21,Basic,430.33
1993,Richard Smith,,Singapore,2018-04-16,Standard,1604.25
1994,Charles Torres,charles.torres1994@example.com,Brazil,2023-11-04,Standard,679.48
1995,Sandra Jackson,sandra.jackson1995@example.com,Italy,2025-12-03,Basic,735.35
1996,Linda Lewis,linda.lewis1996@example.com,Brazil,2020-12-13,Basic,69.49
1997,William Moore,,Canada,2021-12-19,Basic,642.91
1998,Sofia Anderson,sofia.anderson1998@example.com,India,2019-10-04,Basic,405.65
1999,Sarah Robinson,sarah.robinson1999@example.com,Japan,2025-07-15,Standard,3152.77
2000,Fatima Khan,fatima.khan2000@example.com,United Arab Emirates,2018-06-07,Standard,1846.83
2001,Fatima King,fatima.king2001@example.com,Singapore,2024-04-05,Standard,2712.30
2002,Aarav Williams,aarav.williams2002@example.com,Spain,2018-02-02,Basic,196.73
2003,Donna Harris,donna.harris2003@example.com,Germany,2025-07-21,Basic,156.54
2004,Donald Martinez,donald.martinez2004@example.com,United Kingdom,2023-07-28,Standard,1273.88
2005,Richard Patel,richard.patel2005@example.com,Japan,2020-05-27,Basic,2.56
2006,Robert Young,robert.young2006@example.com,Germany,2025-12-18,Standard,876.84
2007,Anthony Khan,anthony.khan2007@example.com,Australia,2025-01-28,Standard,2418.82
2008,Aarav Thompson,aarav.thompson2008@example.com,Spain,2020-01-08,Standard,3535.98
2009,Joseph Jackson,joseph.jackson2009@example.com,Brazil,2025-01-24,Standard,1690.40
2010,Daniel Wright,daniel.wright2010@example.com,Canada,2020-06-15,Standard,627.00
2011,Hans Silva,hans.silva2011@example.com,Brazil,2021-08-25,Standard,1140.11
2012,Margaret Davis,margaret.davis2012@example.com,India,2025-05-29,Standard,631.44
2013,Omar Sanchez,omar.sanchez2013@example.com,Netherlands,2023-06-05,Basic,672.10
2014,Ashley Hill,ashley.hill2014@example.com,Germany,2018-04-29,Standard,1305.53
2015,Steven Wilson,steven.wilson2015@example.com,Netherlands,2022-08-03,Basic,48.64
2016,Ingrid Lee,ingrid.lee2016@example.com,India,2022-08-12,Standard,1687.24
2017,Mark Ramirez,mark.ramirez2017@example.com,United Arab Emirates,2018-08-12,Standard,1219.61
2018,Carlos Anderson,carlos.anderson2018@example.com,Singapore,2018-07-06,Standard,1372.34
2019,Anthony Anderson,anthony.anderson2019@example.com,United Kingdom,2024-01-05,Standard,983.56
2020,Aarav Davis,aarav.davis2020@example.com,Mexico,2024-11-06,Basic,263.75
2021,Joshua Wright,joshua.wright2021@example.com,Italy,2018-03-28,Premium,12431.37
2022,Jennifer Costa,jennifer.costa2022@example.com,United Arab Emirates,2021-12-15,Basic,613.47
2023,Emily Jones,emily.jones2023@example.com,Japan,2020-05-12,Standard,1575.97
2024,Richard Hernandez,richard.hernandez2024@example.com,Australia,2020-07-28,Basic,232.15
2025,David White,david.white2025@example.com,Germany,2024-03-14,Standard,2986.67
2026,James Williams,james.williams2026@example.com,Netherlands,2023-11-27,Basic,82.02
2027,Betty Young,betty.young2027@example.com,France,2021-05-19,Premium,2315.18
2028,Aarav Costa,aarav.costa2028@example.com,United States,2021-01-20,Standard,3049.68
2029,Matthew Kim,matthew.kim2029@example.com,Singapore,2021-01-10,Standard,3475.54
2030,Robert Jones,robert.jones2030@example.com,Italy,2022-08-29,Standard,276.59
2031,Sofia Wright,sofia.wright2031@example.com,United Kingdom,2019-01-27,Standard,2996.32
2032,Betty Gonzalez,betty.gonzalez2032@example.com,Singapore,2021-07-02,Basic,627.82
2033,Margaret Allen,margaret.allen2033@example.com,France,2021-01-27,Basic,367.12
2034,Michael Taylor,michael.taylor2034@example.com,Mexico,2023-04-15,Basic,301.26
2035,Margaret Garcia,margaret.garcia2035@example.com,Australia,2024-04-16,Standard,1258.52
2036,Charles Khan,charles.khan2036@example.com,Germany,2022-04-16,Standard,265.41
2037,Ashley Rossi,ashley.rossi2037@example.com,India,2024-02-17,Standard,2915.40
2038,Mark Anderson,mark.anderson2038@example.com,United States,2022-06-16,Standard,3130.58
2039,Mark White,mark.white2039@example.com,Canada,2025-03-17,Standard,1380.32
2040,Elizabeth Patel,elizabeth.patel2040@example.com,Canada,2024-04-16,Basic,135.40
2041,Ashley Nguyen,ashley.nguyen2041@example.com,United Kingdom,2022-07-10,Standard,2542.66
2042,Donald King,donald.king2042@example.com,Mexico,2020-08-10,Basic,47.15
2043,Ashley Taylor,ashley.taylor2043@example.com,Italy,2021-10-15,Standard,3370.43
2044,John Lee,john.lee2044@example.com,Mexico,2022-07-24,Standard,3511.43
2045,Sarah Khan,sarah.khan2045@example.com,Japan,2023-06-25,Standard,2273.24
2046,Christopher Kim,christopher.kim2046@example.com,Brazil,2025-12-13,Standard,2035.39
2047,Emily Mueller,emily.mueller2047@example.com,Canada,2019-03-07,Basic,340.56
2048,Robert Harris,robert.harris2048@example.com,United States,2019-10-26,Premium,8759.21
2049,Linda Hernandez,linda.hernandez2049@example.com,Singapore,2019-04-11,Standard,348.44
2050,Margaret Young,margaret.young2050@example.com,Netherlands,2023-11-19,Standard,2051.33
2051,Sofia Scott,sofia.scott2051@example.com,United States,2021-04-30,Standard,646.82
2052,Charles Rossi,charles.rossi2052@example.com,Spain,2021-01-15,Basic,417.98
2053,Michelle White,michelle.white2053@example.com,United Kingdom,2019-08-03,Standard,1302.75
2054,Yuki Wilson,yuki.wilson2054@example.com,Italy,2022-03-01,Basic,415.50
2055,Thomas Walker,thomas.walker2055@example.com,United Arab Emirates,2021-09-14,Standard,3722.90
2056,Carlos Rodriguez,carlos.rodriguez2056@example.com,Italy,2023-04-25,Standard,237.32
2057,Anthony Lopez,anthony.lopez2057@example.com,Canada,2018-01-23,Standard,1384.99
2058,Richard Gonzalez,richard.gonzalez2058@example.com,Japan,2023-02-22,Standard,1457.93
2059,Patricia Flores,patricia.flores2059@example.com,United Kingdom,2018-10-01,Standard,1531.72
2060,Emily Anderson,emily.anderson2060@example.com,United States,2020-02-29,Standard,1243.41
2061,Margaret Nguyen,margaret.nguyen2061@example.com,India,2025-01-01,Basic,613.59
2062,Thomas Scott,thomas.scott2062@example.com,Spain,2020-04-09,Standard,494.41
2063,Elizabeth Miller,elizabeth.miller2063@example.com,France,2020-01-01,Basic,210.35
2064,Michael Rodriguez,michael.rodriguez2064@example.com,Mexico,2025-03-26,Basic,612.84
2065,Nancy Torres,nancy.torres2065@example.com,Mexico,2024-10-13,Basic,221.79
2066,Sofia Flores,sofia.flores2066@example.com,Brazil,2020-05-07,Standard,838.78
2067,Joseph Wilson,joseph.wilson2067@example.com,Netherlands,2024-11-23,Premium,3904.39
2068,David Walker,david.walker2068@example.com,India,2018-11-15,Basic,716.76
2069,Patricia Rodriguez,patricia.rodriguez2069@example.com,Brazil,2022-10-09,Standard,2726.40
2070,Christopher Martin,christopher.martin2070@example.com,Canada,2020-09-13,Standard,2328.55
2071,Matthew Costa,matthew.costa2071@example.com,Brazil,2021-12-25,Standard,1384.69
2072,Kimberly Lee,kimberly.lee2072@example.com,United Arab Emirates,2024-10-15,Standard,3400.33
2073,David Patel,david.patel2073@example.com,Italy,2019-08-09,Basic,671.90
2074,Emily Lewis,emily.lewis2074@example.com,Netherlands,2020-10-23,Standard,2804.40
2075,Emily Ramirez,emily.ramirez2075@example.com,United Kingdom,2018-04-14,Standard,3491.33
2076,Sandra Costa,sandra.costa2076@example.com,Italy,2022-10-04,Standard,1012.36
2077,Emily Gonzalez,emily.gonzalez2077@example.com,United Kingdom,2018-02-13,Standard,944.18
2078,Lisa King,lisa.king2078@example.com,Mexico,2021-06-25,Standard,1448.12
2079,Lisa Taylor,lisa.taylor2079@example.com,United States,2024-10-21,Standard,1237.51
2080,Ananya Moore,ananya.moore2080@example.com,Australia,2018-06-29,Standard,3983.80
2081,Fatima Taylor,fatima.taylor2081@example.com,United States,2024-06-01,Standard,3328.64
2082,Fatima Walker,fatima.walker2082@example.com,Spain,2023-02-05,Basic,392.24
2083,Donald Mueller,donald.mueller2083@example.com,Netherlands,2024-02-13,Basic,645.94
2084,John White,john.white2084@example.com,United Arab Emirates,2025-12-31,Premium,3991.49
2085,Sofia Lopez,sofia.lopez2085@example.com,United Kingdom,2018-12-06,Basic,335.66
2086,Linda Brown,linda.brown2086@example.com,Italy,2018-09-13,Standard,1394.10
2087,Paul Moore,paul.moore2087@example.com,Germany,2025-05-07,Basic,491.20
2088,Mary Perez,mary.perez2088@example.com,Singapore,2021-07-20,Basic,718.19
2089,David Nguyen,david.nguyen2089@example.com,India,2023-10-16,Basic,11.34
2090,Wei Sanchez,wei.sanchez2090@example.com,Spain,2025-07-05,Standard,433.64
2091,Richard Silva,richard.silva2091@example.com,Italy,2020-12-28,Standard,519.08
2092,Mark Williams,mark.williams2092@example.com,Germany,2025-09-21,Standard,2120.77
2093,Barbara Patel,barbara.patel2093@example.com,Singapore,2018-01-14,Basic,248.93
2094,Emily Thompson,emily.thompson2094@example.com,Brazil,2024-05-16,Premium,12869.37
2095,Jennifer Torres,jennifer.torres2095@example.com,Canada,2019-04-22,Basic,734.41
2096,Barbara Rossi,barbara.rossi2096@example.com,India,2024-08-18,Premium,10146.12
2097,Mary Costa,mary.costa2097@example.com,United States,2020-06-09,Standard,2624.19
2098,Sandra Garcia,sandra.garcia2098@example.com,Germany,2021-06-14,Basic,669.85
2099,Ananya Gonzalez,ananya.gonzalez2099@example.com,Italy,2019-06-28,Basic,248.39
2100,Matthew Ali,matthew.ali2100@example.com,France,2019-07-30,Standard,2347.15
2101,Anthony Anderson,anthony.anderson2101@example.com,France,2020-03-27,Basic,141.69
2102,Charles Taylor,charles.taylor2102@example.com,France,2019-01-14,Standard,2061.57
2103,Donna White,donna.white2103@example.com,Spain,2023-11-13,Standard,1908.76
2104,Aarav Singh,aarav.singh2104@example.com,United States,2024-07-25,Basic,308.54
2105,Paul Torres,paul.torres2105@example.com,Italy,2022-11-13,Standard,1518.30
2106,Yuki Jackson,yuki.jackson2106@example.com,Italy,2023-08-26,Standard,2296.12
2107,Sofia Moore,sofia.moore2107@example.com,Netherlands,2020-05-13,Premium,5356.78
2108,Sandra Taylor,sandra.taylor2108@example.com,Canada,2023-10-19,Premium,10558.32
2109,Barbara Walker,barbara.walker2109@example.com,Mexico,2021-08-15,Premium,6839.68
2110,Matthew Chen,matthew.chen2110@example.com,United States,2021-08-13,Standard,2864.90
2111,Aarav Thompson,aarav.thompson2111@example.com,United States,2019-10-13,Basic,337.13
2112,Nancy Perez,nancy.perez2112@example.com,Canada,2020-02-06,Standard,3669.97
2113,Karen Hernandez,karen.hernandez2113@example.com,United Kingdom,2018-03-31,Standard,1868.23
2114,Michelle Robinson,michelle.robinson2114@example.com,Italy,2022-11-17,Standard,2977.63
2115,Donald Thomas,donald.thomas2115@example.com,India,2024-09-27,Standard,1483.94
2116,Yuki Sanchez,yuki.sanchez2116@example.com,United Arab Emirates,2020-08-17,Standard,3100.06
2117,Steven Miller,steven.miller2117@example.com,Netherlands,2021-01-08,Standard,3825.13
2118,Betty Nguyen,betty.nguyen2118@example.com,Japan,2019-11-13,Premium,13990.60
2119,Joshua Khan,joshua.khan2119@example.com,Germany,2024-05-15,Basic,601.48
2120,William Chen,william.chen2120@example.com,United States,2019-01-06,Standard,1375.24
2121,Ingrid Martinez,ingrid.martinez2121@example.com,Brazil,2022-06-10,Basic,132.27
2122,James Chen,james.chen2122@example.com,United Arab Emirates,2019-12-06,Premium,5916.67
2123,Jennifer Lopez,jennifer.lopez2123@example.com,Germany,2022-11-24,Standard,542.63
2124,Jessica Martinez,jessica.martinez2124@example.com,Singapore,2022-03-13,Standard,218.79
2125,David Thompson,david.thompson2125@example.com,Japan,2025-09-14,Premium,7122.61
2126,Susan Walker,susan.walker2126@example.com,Singapore,2023-03-14,Standard,2883.65
2127,Hans Miller,hans.miller2127@example.com,India,2019-07-01,Standard,1719.56
2128,Christopher Jackson,christopher.jackson2128@example.com,Italy,2022-10-06,Basic,477.55
2129,Paul Jones,paul.jones2129@example.com,Spain,2024-07-30,Standard,302.21
2130,Joshua Lopez,joshua.lopez2130@example.com,India,2022-01-23,Basic,271.88
2131,James Flores,james.flores2131@example.com,Australia,2018-11-13,Standard,2653.19
2132,William Young,william.young2132@example.com,Germany,2021-05-21,Standard,1854.52
2133,Nancy Harris,nancy.harris2133@example.com,Australia,2019-09-10,Standard,1282.86
2134,Matthew Singh,matthew.singh2134@example.com,United States,2020-12-05,Basic,766.81
2135,Anthony Lopez,anthony.lopez2135@example.com,Spain,2023-10-21,Standard,3370.08
2136,Sandra Garcia,sandra.garcia2136@example.com,Italy,2019-02-20,Standard,2692.30
2137,Betty Smith,betty.smith2137@example.com,United Kingdom,2024-06-11,Standard,2126.49
2138,Yuki Robinson,yuki.robinson2138@example.com,Spain,2025-07-08,Premium,7222.14
2139,Ingrid Brown,ingrid.brown2139@example.com,France,2025-02-10,Standard,640.64
2140,Mark Allen,mark.allen2140@example.com,Brazil,2025-12-26,Standard,1473.24
2141,Paul White,paul.white2141@example.com,United Kingdom,2022-10-03,Premium,8912.25
2142,Matthew Singh,matthew.singh2142@example.com,United States,2021-10-12,Premium,14326.62
2143,Fatima Nguyen,fatima.nguyen2143@example.com,Japan,2024-11-22,Standard,2964.99
2144,Sandra Ramirez,sandra.ramirez2144@example.com,France,2018-06-13,Premium,3580.17
2145,Ashley Robinson,ashley.robinson2145@example.com,United Arab Emirates,2024-09-20,Standard,2808.27
2146,Thomas Ramirez,thomas.ramirez2146@example.com,France,2018-04-07,Standard,2262.44
2147,Barbara Jackson,barbara.jackson2147@example.com,United States,2023-01-04,Standard,1433.60
2148,Aarav Williams,aarav.williams2148@example.com,India,2018-05-30,Standard,2218.82
2149,Betty Thomas,betty.thomas2149@example.com,Japan,2019-01-23,Standard,679.01
2150,Elizabeth Patel,elizabeth.patel2150@example.com,United Arab Emirates,2021-01-30,Standard,1512.47
2151,Sandra Khan,sandra.khan2151@example.com,United Arab Emirates,2023-11-15,Standard,2362.46
2152,John Jones,john.jones2152@example.com,United States,2019-08-25,Standard,2515.54
2153,Carlos Patel,carlos.patel2153@example.com,Canada,2022-04-14,Basic,410.11
2154,Carlos Garcia,carlos.garcia2154@example.com,Spain,2021-05-21,Standard,1805.61
2155,Mary Lopez,mary.lopez2155@example.com,France,2025-04-28,Basic,594.15
2156,Jennifer Ramirez,jennifer.ramirez2156@example.com,Netherlands,2020-02-24,Basic,456.72
2157,Karen Flores,karen.flores2157@example.com,Singapore,2020-09-25,Standard,2838.18
2158,Patricia White,patricia.white2158@example.com,Germany,2022-11-25,Standard,1244.19
2159,Omar Costa,omar.costa2159@example.com,Japan,2025-07-13,Standard,373.82
2160,Betty Lopez,betty.lopez2160@example.com,France,2018-01-21,Standard,1747.29
2161,Mary Clark,mary.clark2161@example.com,France,2020-12-29,Standard,1957.28
2162,Aarav Lee,aarav.lee2162@example.com,Germany,2018-03-16,Premium,11217.11
2163,Joseph Jones,joseph.jones2163@example.com,Italy,2025-12-26,Standard,2515.40
2164,Sandra Nguyen,sandra.nguyen2164@example.com,Mexico,2021-09-08,Standard,2257.54
2165,Donald Scott,donald.scott2165@example.com,India,2021-08-02,Premium,6502.76
2166,Mark Martinez,mark.martinez2166@example.com,Italy,2023-08-06,Standard,1000.42
2167,Omar Hernandez,omar.hernandez2167@example.com,France,2022-07-09,Standard,322.61
2168,Andrew Garcia,andrew.garcia2168@example.com,Japan,2021-11-15,Standard,515.75
2169,Sofia King,sofia.king2169@example.com,France,2021-07-15,Standard,1915.70
2170,Sandra Johnson,sandra.johnson2170@example.com,Mexico,2019-11-14,Standard,2572.21
2171,Andrew Ramirez,andrew.ramirez2171@example.com,Netherlands,2018-04-06,Standard,3055.28
2172,Charles Scott,charles.scott2172@example.com,Germany,2022-03-18,Basic,736.94
2173,William Harris,william.harris2173@example.com,Singapore,2019-05-21,Standard,568.52
2174,Susan Wilson,susan.wilson2174@example.com,Mexico,2021-03-31,Basic,142.90
2175,David Costa,david.costa2175@example.com,Italy,2022-07-01,Basic,440.06
2176,Daniel Silva,daniel.silva2176@example.com,United Arab Emirates,2024-09-20,Standard,1259.74
2177,Ingrid White,ingrid.white2177@example.com,Spain,2025-09-14,Standard,3848.91
2178,Hans Patel,hans.patel2178@example.com,Japan,2023-12-22,Standard,1690.26
2179,Betty Young,betty.young2179@example.com,France,2023-01-15,Basic,125.57
2180,Barbara Sanchez,barbara.sanchez2180@example.com,Japan,2021-09-30,Standard,3099.15
2181,Ananya Lopez,ananya.lopez2181@example.com,Canada,2022-04-20,Standard,2404.60
2182,Anthony Clark,anthony.clark2182@example.com,Spain,2018-04-29,Standard,2551.73
2183,William Flores,,Canada,2024-09-21,Standard,2368.22
2184,Anthony Johnson,anthony.johnson2184@example.com,Germany,2019-11-13,Standard,2363.36
2185,Donald Singh,donald.singh2185@example.com,India,2018-04-04,Premium,11658.55
2186,Ananya Harris,ananya.harris2186@example.com,Singapore,2020-03-01,Standard,3431.17
2187,David Robinson,david.robinson2187@example.com,Singapore,2020-09-07,Standard,865.80
2188,Fatima Gonzalez,fatima.gonzalez2188@example.com,France,2018-09-23,Standard,3598.89
2189,Susan Torres,susan.torres2189@example.com,Germany,2025-09-01,Standard,2492.35
2190,Jessica Lopez,jessica.lopez2190@example.com,Japan,2025-03-12,Basic,88.93
2191,Joshua Perez,joshua.perez2191@example.com,United Arab Emirates,2019-10-15,Basic,195.89
2192,Carlos Jones,carlos.jones2192@example.com,United States,2025-08-25,Premium,10799.34
2193,Kimberly Walker,kimberly.walker2193@example.com,Canada,2022-09-05,Basic,766.06
2194,Fatima Wright,fatima.wright2194@example.com,Netherlands,2024-10-22,Premium,10412.16
2195,Paul Ali,paul.ali2195@example.com,Brazil,2018-09-02,Premium,5808.52
2196,Betty Rossi,betty.rossi2196@example.com,India,2022-06-25,Basic,573.30
2197,Steven Patel,steven.patel2197@example.com,Australia,2019-05-24,Standard,593.77
2198,Thomas Silva,thomas.silva2198@example.com,Netherlands,2019-04-03,Basic,577.60
2199,Lisa Clark,lisa.clark2199@example.com,United Kingdom,2020-09-22,Standard,3223.10
2200,Susan Taylor,susan.taylor2200@example.com,Spain,2025-10-12,Premium,2962.90
2201,Fatima Young,fatima.young2201@example.com,Netherlands,2020-11-30,Basic,273.95
2202,Omar Lewis,omar.lewis2202@example.com,Brazil,2025-11-05,Standard,1180.10
2203,Sarah Hill,sarah.hill2203@example.com,United Kingdom,2019-08-30,Premium,8783.13
2204,Mary Anderson,mary.anderson2204@example.com,Mexico,2022-01-25,Basic,571.04
2205,Karen Ali,karen.ali2205@example.com,Spain,2021-06-02,Standard,2006.08
2206,Mark Singh,mark.singh2206@example.com,Italy,2025-10-18,Standard,688.50
2207,Joshua Jackson,joshua.jackson2207@example.com,France,2025-02-21,Basic,182.33
2208,Susan Nguyen,susan.nguyen2208@example.com,Mexico,2018-02-19,Standard,1185.80
2209,Carlos Allen,carlos.allen2209@example.com,Japan,2022-07-21,Basic,381.58
2210,David Thompson,david.thompson2210@example.com,Mexico,2023-08-15,Standard,1394.33
2211,Lisa Harris,lisa.harris2211@example.com,Brazil,2025-04-09,Basic,135.30
2212,Kimberly Walker,kimberly.walker2212@example.com,United Arab Emirates,2022-04-05,Standard,254.08
2213,Robert Perez,robert.perez2213@example.com,Germany,2020-07-07,Standard,770.34
2214,Joshua Costa,joshua.costa2214@example.com,Canada,2025-04-16,Basic,157.55
2215,Ashley Robinson,ashley.robinson2215@example.com,Spain,2018-02-19,Standard,3391.91
2216,Kimberly Anderson,kimberly.anderson2216@example.com,India,2025-06-13,Basic,26.27
2217,Aarav Miller,aarav.miller2217@example.com,Japan,2018-10-03,Basic,217.18
2218,Paul Mueller,paul.mueller2218@example.com,Canada,2018-08-18,Standard,1897.20
2219,Kimberly Thomas,kimberly.thomas2219@example.com,Netherlands,2020-01-19,Standard,2820.86
2220,Ananya Thomas,ananya.thomas2220@example.com,Italy,2023-02-12,Standard,874.24
2221,Joshua Moore,joshua.moore2221@example.com,Canada,2020-02-18,Standard,2986.68
2222,Robert Rodriguez,robert.rodriguez2222@example.com,United States,2020-04-30,Standard,1064.83
2223,Donna Silva,donna.silva2223@example.com,Brazil,2019-02-07,Standard,2240.35
2224,Patricia Lee,patricia.lee2224@example.com,Canada,2020-03-15,Basic,382.64
2225,Mark Garcia,mark.garcia2225@example.com,Canada,2024-01-31,Standard,2439.63
2226,Joshua Young,joshua.young2226@example.com,United States,2024-07-10,Standard,1833.07
2227,Linda Rossi,linda.rossi2227@example.com,Netherlands,2025-03-17,Basic,155.84
2228,Aarav Flores,aarav.flores2228@example.com,United States,2020-10-28,Basic,603.65
2229,Joshua Moore,joshua.moore2229@example.com,United Kingdom,2021-09-08,Standard,2127.71
2230,Steven Jackson,steven.jackson2230@example.com,France,2020-12-18,Basic,693.81
2231,Jessica Perez,jessica.perez2231@example.com,Japan,2023-08-23,Standard,1373.46
2232,Mark Davis,mark.davis2232@example.com,United Kingdom,2023-06-21,Basic,5.21
2233,Steven Walker,steven.walker2233@example.com,United Kingdom,2018-09-26,Standard,3089.66
2234,Yuki Martin,yuki.martin2234@example.com,Singapore,2022-12-21,Premium,6451.61
2235,Yuki Wright,yuki.wright2235@example.com,Germany,2019-03-22,Basic,610.28
2236,Susan Martin,susan.martin2236@example.com,India,2023-12-13,Standard,1993.13
2237,Yuki Martin,yuki.martin2237@example.com,Germany,2024-05-27,Basic,537.51
2238,Christopher Hernandez,christopher.hernandez2238@example.com,Australia,2019-12-05,Standard,3438.96
2239,Michelle Chen,michelle.chen2239@example.com,Japan,2023-04-25,Standard,2683.26
2240,Anthony Costa,anthony.costa2240@example.com,Germany,2020-12-12,Basic,377.59
2241,Karen White,karen.white2241@example.com,India,2021-12-20,Premium,12780.01
2242,Christopher Lewis,christopher.lewis2242@example.com,Mexico,2022-05-31,Standard,3098.24
2243,James Silva,james.silva2243@example.com,United States,2022-08-02,Basic,282.89
2244,William Robinson,william.robinson2244@example.com,United States,2025-11-24,Basic,161.77
2245,Wei Ali,wei.ali2245@example.com,Singapore,2022-03-10,Standard,289.98
2246,Margaret Harris,margaret.harris2246@example.com,Japan,2020-03-27,Standard,3230.40
2247,Michelle Allen,michelle.allen2247@example.com,France,2019-03-14,Standard,482.82
2248,David Lee,david.lee2248@example.com,Italy,2024-08-25,Basic,375.90
2249,John Costa,john.costa2249@example.com,Italy,2025-12-03,Standard,2050.76
2250,Sarah Hill,sarah.hill2250@example.com,United States,2019-02-20,Standard,413.24
2251,Nancy Moore,nancy.moore2251@example.com,Brazil,2021-03-10,Standard,621.92
2252,William Mueller,william.mueller2252@example.com,Netherlands,2022-08-22,Premium,12716.04
2253,Elizabeth Nguyen,elizabeth.nguyen2253@example.com,Germany,2024-04-20,Standard,534.42
2254,Jessica Lee,jessica.lee2254@example.com,Netherlands,2025-05-30,Standard,1190.73
2255,Kimberly Jackson,kimberly.jackson2255@example.com,United Kingdom,2018-10-06,Standard,3508.76
2256,Omar Ali,omar.ali2256@example.com,Singapore,2022-01-19,Basic,724.08
2257,Mark Mueller,mark.mueller2257@example.com,United Kingdom,2021-08-08,Basic,374.66
2258,Sandra White,sandra.white2258@example.com,Spain,2025-11-23,Standard,1184.30
2259,Joshua Mueller,joshua.mueller2259@example.com,United Kingdom,2019-05-04,Basic,513.79
2260,Margaret Sanchez,margaret.sanchez2260@example.com,Netherlands,2018-07-16,Basic,665.34
2261,Patricia Allen,patricia.allen2261@example.com,Mexico,2022-11-26,Standard,3983.49
2262,Steven Lee,steven.lee2262@example.com,Brazil,2021-03-03,Basic,459.85
2263,Aarav Jones,aarav.jones2263@example.com,Mexico,2019-01-13,Basic,779.38
2264,Ingrid Davis,ingrid.davis2264@example.com,Netherlands,2023-10-05,Standard,3415.94
2265,Jennifer Torres,jennifer.torres2265@example.com,Mexico,2025-04-17,Basic,794.36
2266,Hans Jones,hans.jones2266@example.com,Australia,2021-02-08,Basic,372.57
2267,Sofia Martinez,sofia.martinez2267@example.com,Canada,2020-01-15,Standard,2661.79
2268,Nancy Robinson,nancy.robinson2268@example.com,Italy,2022-11-07,Standard,3579.71
2269,Betty Torres,betty.torres2269@example.com,Mexico,2022-05-17,Standard,271.71
2270,Joseph Lee,joseph.lee2270@example.com,France,2020-07-01,Standard,2420.63
2271,Ingrid Lee,ingrid.lee2271@example.com,Spain,2025-06-18,Standard,961.26
2272,Andrew Thompson,andrew.thompson2272@example.com,Italy,2024-06-20,Basic,122.08
2273,Ingrid Martinez,ingrid.martinez2273@example.com,United Kingdom,2019-02-18,Standard,299.65
2274,Joshua Williams,,Japan,2021-11-28,Basic,763.73
2275,Christopher Lee,christopher.lee2275@example.com,Spain,2020-05-05,Basic,161.36
2276,David Ramirez,david.ramirez2276@example.com,Germany,2020-06-08,Basic,617.88
2277,Mary Rodriguez,mary.rodriguez2277@example.com,Brazil,2019-05-20,Basic,667.33
2278,Matthew Johnson,matthew.johnson2278@example.com,Italy,2020-05-04,Standard,1645.58
2279,Mark Lewis,mark.lewis2279@example.com,Germany,2022-04-08,Standard,2442.83
2280,Linda Garcia,linda.garcia2280@example.com,Japan,2024-06-26,Basic,579.61
2281,Linda Hernandez,linda.hernandez2281@example.com,Canada,2023-06-27,Basic,592.51
2282,Daniel Mueller,daniel.mueller2282@example.com,Australia,2020-02-22,Basic,168.26
2283,Jennifer Allen,jennifer.allen2283@example.com,France,2023-09-15,Standard,625.57
2284,Sandra Johnson,sandra.johnson2284@example.com,Netherlands,2022-09-17,Premium,7204.01
2285,Michael Thompson,michael.thompson2285@example.com,France,2018-09-25,Standard,1849.77
2286,Ananya Martin,ananya.martin2286@example.com,Italy,2018-12-12,Standard,2671.64
2287,Matthew Walker,matthew.walker2287@example.com,France,2025-04-05,Premium,13665.31
2288,John Martinez,john.martinez2288@example.com,United Kingdom,2024-05-01,Basic,7.42
2289,Kimberly Martinez,kimberly.martinez2289@example.com,Brazil,2018-06-09,Premium,2795.36
2290,Susan Mueller,susan.mueller2290@example.com,India,2024-12-04,Standard,1776.53
2291,David Clark,david.clark2291@example.com,United Arab Emirates,2023-10-26,Standard,3868.14
2292,Sofia Chen,sofia.chen2292@example.com,United Arab Emirates,2019-03-25,Standard,3188.92
2293,Mary Young,mary.young2293@example.com,Australia,2025-01-05,Standard,1618.10
2294,Thomas Flores,thomas.flores2294@example.com,Netherlands,2018-04-16,Standard,1460.01
2295,Donald Williams,donald.williams2295@example.com,United Kingdom,2022-07-28,Basic,37.20
2296,Matthew Silva,matthew.silva2296@example.com,Japan,2019-11-27,Standard,801.06
2297,James Thompson,james.thompson2297@example.com,Canada,2022-09-16,Basic,790.55
2298,Linda Walker,linda.walker2298@example.com,Australia,2024-01-08,Standard,1873.58
2299,Joshua Patel,joshua.patel2299@example.com,Brazil,2023-04-08,Premium,13694.14
2300,Thomas Rodriguez,thomas.rodriguez2300@example.com,Japan,2022-02-06,Standard,3836.24
2301,Wei Ali,wei.ali2301@example.com,Brazil,2024-05-28,Premium,4551.73
2302,Joseph Allen,joseph.allen2302@example.com,United Kingdom,2020-07-12,Premium,10569.73
2303,Sofia Miller,sofia.miller2303@example.com,France,2024-11-24,Basic,84.18
2304,Joseph Taylor,joseph.taylor2304@example.com,Spain,2021-05-18,Standard,1448.78
2305,Sandra Chen,sandra.chen2305@example.com,Japan,2024-06-22,Standard,3953.04
2306,Sarah Silva,sarah.silva2306@example.com,India,2022-09-25,Basic,299.82
2307,Elizabeth Nguyen,elizabeth.nguyen2307@example.com,Singapore,2018-05-21,Basic,598.35
2308,Matthew Patel,matthew.patel2308@example.com,Germany,2020-01-17,Premium,2186.18
2309,Aarav Williams,aarav.williams2309@example.com,Germany,2019-10-26,Basic,317.41
2310,James Torres,james.torres2310@example.com,Singapore,2021-11-09,Standard,913.44
2311,Andrew Sanchez,andrew.sanchez2311@example.com,Germany,2023-01-31,Standard,2560.99
2312,Paul Lewis,paul.lewis2312@example.com,France,2025-05-08,Premium,11990.64
2313,Nancy Perez,nancy.perez2313@example.com,United Kingdom,2020-11-11,Basic,272.79
2314,Ashley Costa,ashley.costa2314@example.com,Spain,2019-01-31,Standard,2738.45
2315,Nancy Silva,nancy.silva2315@example.com,Canada,2022-02-05,Standard,1820.76
2316,Mary Wright,mary.wright2316@example.com,Germany,2023-02-17,Premium,12791.01
2317,Linda Scott,linda.scott2317@example.com,United Kingdom,2021-11-24,Basic,245.62
2318,Margaret Scott,margaret.scott2318@example.com,Canada,2023-08-30,Basic,146.09
2319,Steven Gonzalez,steven.gonzalez2319@example.com,Spain,2020-06-27,Premium,12086.85
2320,Richard Rossi,richard.rossi2320@example.com,Japan,2024-09-27,Basic,623.95
2321,Andrew King,andrew.king2321@example.com,Netherlands,2023-12-24,Standard,1578.09
2322,Joseph Khan,joseph.khan2322@example.com,Japan,2019-11-15,Basic,299.58
2323,Michael Singh,michael.singh2323@example.com,Spain,2024-12-07,Standard,1059.78
2324,Hans Ali,hans.ali2324@example.com,Mexico,2022-10-03,Standard,3461.52
2325,Sarah Brown,sarah.brown2325@example.com,Australia,2021-04-29,Basic,311.82
2326,Kimberly Clark,kimberly.clark2326@example.com,Brazil,2021-08-11,Basic,108.90
2327,Karen Smith,karen.smith2327@example.com,Italy,2024-03-26,Premium,10685.56
2328,Susan Rossi,susan.rossi2328@example.com,Canada,2018-08-31,Standard,3069.64
2329,William Martinez,william.martinez2329@example.com,United Kingdom,2020-09-20,Standard,1686.71
2330,David Kim,david.kim2330@example.com,Mexico,2020-03-03,Standard,1144.58
2331,Daniel Jones,daniel.jones2331@example.com,France,2019-07-30,Standard,3592.03
2332,Linda Rossi,linda.rossi2332@example.com,Spain,2019-09-14,Basic,164.66
2333,Elizabeth Singh,elizabeth.singh2333@example.com,India,2018-02-14,Standard,2619.68
2334,Kimberly Martin,kimberly.martin2334@example.com,Netherlands,2025-01-18,Standard,2474.10
2335,Joseph Chen,joseph.chen2335@example.com,Singapore,2019-05-27,Standard,2256.79
2336,Michelle Robinson,michelle.robinson2336@example.com,United Arab Emirates,2021-10-30,Standard,3525.89
2337,John Harris,john.harris2337@example.com,France,2019-04-08,Basic,501.52
2338,Margaret Nguyen,margaret.nguyen2338@example.com,Italy,2025-10-03,Standard,3488.92
2339,Ashley Silva,ashley.silva2339@example.com,Japan,2019-02-27,Standard,536.58
2340,Carlos Hill,carlos.hill2340@example.com,Singapore,2022-01-25,Basic,193.03
2341,Wei Young,wei.young2341@example.com,Australia,2022-09-24,Basic,45.32
2342,Michael Costa,michael.costa2342@example.com,Italy,2021-02-03,Standard,3637.98
2343,Aarav Allen,aarav.allen2343@example.com,Spain,2020-10-26,Standard,3935.73
2344,Jennifer Smith,jennifer.smith2344@example.com,Netherlands,2023-06-12,Premium,5155.67
2345,Ashley Anderson,ashley.anderson2345@example.com,Spain,2020-12-24,Standard,595.07
2346,Ingrid Ali,ingrid.ali2346@example.com,Mexico,2024-05-05,Standard,1628.12
2347,Kimberly Chen,kimberly.chen2347@example.com,Mexico,2019-03-18,Standard,2443.30
2348,Ananya Miller,ananya.miller2348@example.com,Canada,2020-09-04,Standard,1570.66
2349,Yuki Ali,yuki.ali2349@example.com,Australia,2022-06-01,Basic,574.63
2350,John Thompson,john.thompson2350@example.com,Brazil,2023-03-03,Standard,2378.71
2351,Kimberly Williams,kimberly.williams2351@example.com,Singapore,2025-01-16,Basic,595.51
2352,Margaret Chen,margaret.chen2352@example.com,Germany,2024-05-11,Basic,144.59
2353,Aarav Perez,aarav.perez2353@example.com,United Arab Emirates,2022-08-16,Premium,12424.64
2354,Carlos Robinson,carlos.robinson2354@example.com,France,2022-01-08,Basic,654.69
2355,Daniel Thompson,daniel.thompson2355@example.com,Germany,2021-02-07,Basic,356.81
2356,Patricia Lee,patricia.lee2356@example.com,Spain,2020-12-13,Standard,3120.72
2357,David Wilson,david.wilson2357@example.com,Singapore,2024-02-20,Standard,2663.49
2358,Sofia Sanchez,sofia.sanchez2358@example.com,Netherlands,2019-12-06,Basic,675.78
2359,Jennifer Perez,jennifer.perez2359@example.com,Japan,2020-07-21,Standard,1402.83
2360,Karen Miller,karen.miller2360@example.com,Canada,2025-03-04,Basic,324.85
2361,Michelle Young,michelle.young2361@example.com,Netherlands,2022-04-17,Standard,968.17
2362,Fatima Young,fatima.young2362@example.com,Netherlands,2022-11-29,Standard,3603.96
2363,Hans Hernandez,hans.hernandez2363@example.com,India,2018-03-07,Basic,89.18
2364,Donna Martin,donna.martin2364@example.com,Italy,2025-03-15,Basic,448.39
2365,Hans Scott,hans.scott2365@example.com,Australia,2024-12-08,Standard,2843.42
2366,Richard Garcia,richard.garcia2366@example.com,Mexico,2025-06-09,Premium,7260.28
2367,Thomas Martinez,thomas.martinez2367@example.com,Japan,2021-12-20,Basic,317.41
2368,Matthew Miller,matthew.miller2368@example.com,Italy,2021-04-18,Basic,490.74
2369,Jennifer Lee,jennifer.lee2369@example.com,Brazil,2018-06-17,Basic,196.72
2370,Elizabeth Chen,elizabeth.chen2370@example.com,United States,2023-07-19,Basic,179.57
2371,Omar Anderson,omar.anderson2371@example.com,Germany,2022-12-09,Standard,2662.00
2372,Susan Martinez,susan.martinez2372@example.com,Germany,2018-03-27,Premium,13147.91
2373,Donald Lewis,donald.lewis2373@example.com,Japan,2024-05-15,Standard,930.51
2374,Barbara King,barbara.king2374@example.com,Spain,2024-06-15,Standard,3576.70
2375,Matthew Mueller,matthew.mueller2375@example.com,Netherlands,2022-01-30,Standard,3253.02
2376,Thomas Ramirez,thomas.ramirez2376@example.com,United Arab Emirates,2020-08-19,Standard,1416.59
2377,Daniel Jones,daniel.jones2377@example.com,United Kingdom,2021-08-10,Basic,687.96
2378,Omar Thomas,omar.thomas2378@example.com,Mexico,2019-06-12,Basic,77.30
2379,Steven Ali,steven.ali2379@example.com,India,2019-03-06,Standard,3267.56
2380,Joshua Anderson,joshua.anderson2380@example.com,Italy,2025-11-15,Basic,515.97
2381,Emily Anderson,emily.anderson2381@example.com,Mexico,2018-08-06,Standard,1948.91
2382,Mark Young,mark.young2382@example.com,Canada,2019-12-03,Standard,284.04
2383,Mark Scott,mark.scott2383@example.com,United Arab Emirates,2021-11-24,Standard,2011.18
2384,Fatima Martinez,fatima.martinez2384@example.com,India,2018-09-25,Premium,14411.55
2385,Sarah Torres,sarah.torres2385@example.com,United Arab Emirates,2018-04-23,Standard,2911.73
2386,Ashley Ramirez,ashley.ramirez2386@example.com,United Kingdom,2022-06-12,Basic,172.16
2387,Mark Martin,mark.martin2387@example.com,Spain,2021-06-01,Standard,1456.03
2388,Andrew Allen,andrew.allen2388@example.com,United Kingdom,2024-01-20,Basic,784.14
2389,Donna Lee,donna.lee2389@example.com,Mexico,2018-08-05,Basic,569.69
2390,Daniel Nguyen,daniel.nguyen2390@example.com,Canada,2024-11-19,Premium,2827.17
2391,Anthony Rossi,anthony.rossi2391@example.com,Germany,2020-10-16,Standard,3923.17
2392,Ingrid Silva,ingrid.silva2392@example.com,Singapore,2020-01-13,Basic,23.59
2393,Ashley Rossi,ashley.rossi2393@example.com,Canada,2019-01-21,Premium,14299.91
2394,Andrew Khan,andrew.khan2394@example.com,Australia,2022-07-28,Basic,305.03
2395,Donald Rodriguez,donald.rodriguez2395@example.com,United Kingdom,2019-01-28,Basic,248.96
2396,Barbara Ali,barbara.ali2396@example.com,France,2023-08-09,Standard,544.79
2397,Thomas Sanchez,thomas.sanchez2397@example.com,India,2025-04-05,Standard,2605.43
2398,Nancy Lewis,nancy.lewis2398@example.com,Japan,2020-11-21,Basic,16.32
2399,Joshua Brown,joshua.brown2399@example.com,United States,2025-08-28,Basic,298.52
2400,David Smith,david.smith2400@example.com,Japan,2018-02-21,Basic,3.73
2401,Matthew Martin,matthew.martin2401@example.com,United Arab Emirates,2024-05-15,Premium,9323.74
2402,Robert Lopez,robert.lopez2402@example.com,Mexico,2023-08-03,Standard,890.79
2403,Susan Thompson,susan.thompson2403@example.com,Spain,2019-09-26,Premium,9796.34
2404,Andrew Lopez,andrew.lopez2404@example.com,Italy,2019-12-29,Basic,405.86
2405,Mark Johnson,mark.johnson2405@example.com,United Arab Emirates,2024-01-11,Standard,3575.29
2406,Linda Martin,linda.martin2406@example.com,Canada,2021-11-30,Basic,546.43
2407,Donna King,donna.king2407@example.com,Canada,2023-08-01,Standard,934.01
2408,Elizabeth Flores,elizabeth.flores2408@example.com,Brazil,2025-05-21,Basic,438.38
2409,Matthew Lewis,matthew.lewis2409@example.com,Spain,2024-03-21,Basic,52.37
2410,Jessica White,jessica.white2410@example.com,Singapore,2023-07-04,Premium,4448.42
2411,Betty Williams,betty.williams2411@example.com,United Arab Emirates,2023-05-22,Standard,3281.45
2412,Wei Ali,wei.ali2412@example.com,Mexico,2019-02-09,Basic,678.22
2413,Jennifer Chen,jennifer.chen2413@example.com,United Arab Emirates,2023-11-30,Standard,2339.39
2414,Omar Wright,omar.wright2414@example.com,Netherlands,2024-02-16,Standard,2644.15
2415,Charles Lee,charles.lee2415@example.com,Netherlands,2020-03-22,Premium,5808.47
2416,Aarav Ramirez,aarav.ramirez2416@example.com,Australia,2018-12-04,Standard,2063.77
2417,Ashley Miller,ashley.miller2417@example.com,Brazil,2024-11-02,Standard,1677.47
2418,Ashley Costa,ashley.costa2418@example.com,Spain,2025-11-02,Standard,409.44
2419,John Gonzalez,john.gonzalez2419@example.com,France,2024-08-03,Basic,598.28
2420,Andrew Wright,andrew.wright2420@example.com,India,2018-07-16,Standard,2230.31
2421,Patricia Martin,patricia.martin2421@example.com,India,2024-01-12,Standard,399.25
2422,Yuki Ramirez,yuki.ramirez2422@example.com,Japan,2020-01-01,Basic,407.00
2423,Yuki Khan,yuki.khan2423@example.com,Germany,2019-02-09,Premium,7944.04
2424,Barbara Anderson,barbara.anderson2424@example.com,Canada,2020-04-13,Basic,396.22
2425,Andrew Patel,andrew.patel2425@example.com,United States,2022-04-12,Standard,982.91
2426,Omar Davis,omar.davis2426@example.com,United States,2020-09-11,Basic,527.68
2427,Nancy Lopez,nancy.lopez2427@example.com,Singapore,2020-07-24,Basic,297.43
2428,Betty Williams,betty.williams2428@example.com,Mexico,2020-10-05,Standard,2562.70
2429,Thomas Ramirez,thomas.ramirez2429@example.com,Italy,2025-01-08,Standard,1377.01
2430,Ananya Mueller,ananya.mueller2430@example.com,Australia,2025-09-28,Basic,8.18
2431,Anthony Harris,anthony.harris2431@example.com,United Arab Emirates,2020-02-16,Standard,3303.55
2432,Ashley Taylor,ashley.taylor2432@example.com,Spain,2025-10-07,Standard,1702.78
2433,Omar Costa,omar.costa2433@example.com,Spain,2025-09-25,Standard,1047.30
2434,Aarav Davis,aarav.davis2434@example.com,United Arab Emirates,2023-06-25,Premium,2864.50
2435,Paul Lee,paul.lee2435@example.com,Italy,2020-11-16,Standard,3830.21
2436,Fatima Khan,fatima.khan2436@example.com,Japan,2021-03-19,Standard,1281.88
2437,Andrew Taylor,andrew.taylor2437@example.com,Canada,2022-06-06,Premium,12697.41
2438,Richard Garcia,richard.garcia2438@example.com,Brazil,2020-04-02,Standard,683.04
2439,John Walker,john.walker2439@example.com,Canada,2020-07-25,Standard,344.52
2440,Matthew Lopez,matthew.lopez2440@example.com,Italy,2018-10-04,Premium,5142.77
2441,Michelle White,michelle.white2441@example.com,United Kingdom,2022-12-16,Standard,2468.61
2442,John Chen,john.chen2442@example.com,Netherlands,2020-02-14,Basic,614.84
2443,Carlos Lee,carlos.lee2443@example.com,United States,2019-09-18,Premium,6437.52
2444,Thomas Lopez,thomas.lopez2444@example.com,Germany,2025-03-23,Standard,414.43
2445,Matthew Martinez,matthew.martinez2445@example.com,Japan,2018-09-18,Basic,180.19
2446,Aarav Gonzalez,aarav.gonzalez2446@example.com,Italy,2022-12-03,Standard,296.18
2447,Mark Jones,mark.jones2447@example.com,Mexico,2023-12-05,Basic,230.25
2448,David Martinez,david.martinez2448@example.com,India,2018-08-21,Standard,623.19
2449,Robert Clark,robert.clark2449@example.com,United States,2024-12-08,Standard,2937.83
2450,Carlos Lee,carlos.lee2450@example.com,United Kingdom,2019-03-02,Standard,2800.40
2451,James Harris,james.harris2451@example.com,United States,2022-05-07,Premium,11993.04
2452,Linda Anderson,linda.anderson2452@example.com,United States,2024-04-27,Basic,436.47
2453,Mary Kim,mary.kim2453@example.com,Brazil,2024-05-29,Basic,515.83
2454,Charles Singh,charles.singh2454@example.com,Brazil,2020-08-31,Standard,2794.95
2455,Michelle Taylor,michelle.taylor2455@example.com,Spain,2023-02-07,Standard,2020.69
2456,Elizabeth Robinson,elizabeth.robinson2456@example.com,India,2020-07-05,Standard,748.75
2457,Aarav Rossi,aarav.rossi2457@example.com,Australia,2020-11-19,Standard,3551.36
2458,Lisa Mueller,lisa.mueller2458@example.com,Netherlands,2021-05-13,Premium,3871.79
2459,Sandra Clark,sandra.clark2459@example.com,Japan,2020-07-18,Basic,789.99
2460,William Patel,william.patel2460@example.com,Australia,2022-09-21,Standard,3557.76
2461,Sandra Rossi,sandra.rossi2461@example.com,Australia,2023-03-14,Standard,1581.53
2462,Christopher Chen,christopher.chen2462@example.com,Italy,2023-12-11,Standard,982.48
2463,Susan Ali,susan.ali2463@example.com,Germany,2025-05-24,Standard,3179.68
2464,Lisa Robinson,lisa.robinson2464@example.com,Netherlands,2022-07-31,Standard,1624.30
2465,Karen Wilson,karen.wilson2465@example.com,Brazil,2019-03-22,Standard,2262.75
2466,Mark Martin,mark.martin2466@example.com,Netherlands,2024-12-29,Basic,329.69
2467,Richard Wilson,richard.wilson2467@example.com,United Arab Emirates,2019-10-04,Standard,2706.68
2468,Kimberly Ramirez,kimberly.ramirez2468@example.com,Brazil,2018-04-08,Standard,2837.08
2469,Matthew Torres,,France,2025-08-19,Standard,2340.78
2470,Elizabeth Kim,elizabeth.kim2470@example.com,Netherlands,2020-03-21,Standard,772.60
2471,Christopher Robinson,christopher.robinson2471@example.com,Italy,2019-06-19,Standard,3097.96
2472,Ashley Lee,ashley.lee2472@example.com,Netherlands,2024-11-13,Standard,2216.23
2473,Aarav Williams,aarav.williams2473@example.com,Netherlands,2018-09-25,Standard,525.85
2474,James Brown,james.brown2474@example.com,Canada,2021-07-07,Standard,3739.94
2475,Daniel Gonzalez,daniel.gonzalez2475@example.com,Germany,2021-06-13,Basic,672.54
2476,Lisa Flores,lisa.flores2476@example.com,Mexico,2023-01-04,Basic,380.07
2477,Fatima Lopez,fatima.lopez2477@example.com,Canada,2024-04-20,Standard,807.29
2478,Elizabeth Hernandez,elizabeth.hernandez2478@example.com,Japan,2024-12-07,Standard,1756.78
2479,Emily Scott,emily.scott2479@example.com,Italy,2021-02-25,Standard,2821.86
2480,Jessica Davis,jessica.davis2480@example.com,United Kingdom,2022-12-28,Standard,568.86
2481,John Rodriguez,john.rodriguez2481@example.com,Brazil,2022-04-03,Basic,381.50
2482,Ingrid Johnson,ingrid.johnson2482@example.com,Singapore,2022-01-24,Standard,3737.58
2483,Donna Torres,donna.torres2483@example.com,United Arab Emirates,2018-03-23,Standard,3887.13
2484,Wei Torres,wei.torres2484@example.com,India,2018-12-15,Standard,3568.66
2485,Robert Lopez,robert.lopez2485@example.com,France,2025-08-06,Premium,7117.00
2486,Elizabeth Davis,elizabeth.davis2486@example.com,Netherlands,2025-07-02,Basic,157.71
2487,Aarav Lee,aarav.lee2487@example.com,Netherlands,2018-12-07,Standard,1547.91
2488,Ashley Johnson,ashley.johnson2488@example.com,Mexico,2022-09-08,Standard,3968.47
2489,Lisa Taylor,lisa.taylor2489@example.com,France,2023-11-02,Standard,3636.26
2490,Mary Young,mary.young2490@example.com,United Kingdom,2018-08-02,Standard,2667.74
2491,Omar Martin,omar.martin2491@example.com,Australia,2021-10-14,Standard,353.73
2492,Sofia Silva,sofia.silva2492@example.com,Spain,2018-11-25,Standard,1465.09
2493,John Rodriguez,john.rodriguez2493@example.com,United Arab Emirates,2024-12-31,Basic,8.54
2494,Andrew Johnson,andrew.johnson2494@example.com,Germany,2023-04-10,Standard,1644.06
2495,John Khan,john.khan2495@example.com,Italy,2022-03-17,Standard,1475.41
2496,Steven Ramirez,steven.ramirez2496@example.com,India,2019-06-27,Standard,3783.04
2497,Carlos Taylor,carlos.taylor2497@example.com,Brazil,2021-02-27,Standard,1213.36
2498,Mark Chen,mark.chen2498@example.com,Spain,2021-07-29,Premium,13199.23
2499,Linda Johnson,linda.johnson2499@example.com,Netherlands,2019-03-15,Basic,194.37
2500,Barbara White,barbara.white2500@example.com,Mexico,2020-08-28,Premium,12125.40
2501,Robert Smith,robert.smith2501@example.com,Italy,2021-10-29,Basic,696.13
2502,Michelle Jones,michelle.jones2502@example.com,Spain,2023-03-03,Standard,2597.81
2503,Nancy Chen,nancy.chen2503@example.com,Canada,2018-08-19,Premium,11153.92
2504,Richard Mueller,richard.mueller2504@example.com,United Kingdom,2019-01-11,Basic,574.60
2505,Jennifer Smith,jennifer.smith2505@example.com,Spain,2020-08-12,Standard,998.83
2506,Fatima Garcia,fatima.garcia2506@example.com,Spain,2023-12-09,Standard,932.03
2507,Richard Ali,richard.ali2507@example.com,Mexico,2025-12-02,Basic,148.85
2508,Charles Rossi,charles.rossi2508@example.com,Singapore,2018-09-08,Standard,1881.56
2509,Steven Smith,steven.smith2509@example.com,Germany,2020-12-14,Premium,3870.61
2510,Paul Torres,paul.torres2510@example.com,Italy,2019-05-23,Basic,562.29
2511,Robert Gonzalez,robert.gonzalez2511@example.com,India,2020-07-21,Standard,817.21
2512,Aarav Nguyen,aarav.nguyen2512@example.com,Australia,2023-09-07,Standard,2634.26
2513,Susan Ramirez,susan.ramirez2513@example.com,India,2020-09-13,Standard,2216.09
2514,Ananya Singh,ananya.singh2514@example.com,Netherlands,2019-10-23,Standard,445.68
2515,Robert Young,robert.young2515@example.com,Italy,2018-09-05,Standard,2555.41
2516,Margaret Garcia,margaret.garcia2516@example.com,United Arab Emirates,2023-01-01,Standard,245.60
2517,Sofia Singh,sofia.singh2517@example.com,Mexico,2022-01-20,Premium,11074.99
2518,Joshua Singh,joshua.singh2518@example.com,Mexico,2020-12-10,Basic,581.72
2519,Christopher Lewis,christopher.lewis2519@example.com,Netherlands,2023-05-22,Standard,1607.68
2520,Karen Silva,karen.silva2520@example.com,Japan,2020-02-19,Standard,1066.82
2521,David Williams,david.williams2521@example.com,Australia,2023-03-20,Standard,3543.90
2522,Christopher Sanchez,christopher.sanchez2522@example.com,United Arab Emirates,2023-03-18,Standard,1918.27
2523,Elizabeth Mueller,elizabeth.mueller2523@example.com,Australia,2018-04-11,Basic,698.69
2524,Christopher Harris,christopher.harris2524@example.com,Spain,2019-09-04,Basic,319.53
2525,James Ramirez,james.ramirez2525@example.com,Spain,2019-12-09,Basic,120.83
2526,Barbara Wilson,barbara.wilson2526@example.com,Australia,2023-04-19,Premium,3948.70
2527,Nancy Gonzalez,nancy.gonzalez2527@example.com,Australia,2019-10-11,Premium,5945.79
2528,Emily Moore,emily.moore2528@example.com,Brazil,2024-10-21,Standard,2950.17
2529,Margaret Ramirez,margaret.ramirez2529@example.com,United Kingdom,2023-06-20,Basic,775.28
2530,Patricia Thompson,patricia.thompson2530@example.com,Canada,2021-08-17,Basic,564.82
2531,Joshua Jackson,joshua.jackson2531@example.com,Japan,2023-07-18,Premium,12447.09
2532,Anthony Young,anthony.young2532@example.com,France,2025-01-30,Premium,4061.83
2533,Aarav Martin,aarav.martin2533@example.com,Australia,2024-11-10,Standard,663.02
2534,William King,william.king2534@example.com,Italy,2022-03-10,Standard,3267.07
2535,William White,william.white2535@example.com,Brazil,2018-09-16,Standard,267.30
2536,Lisa Clark,lisa.clark2536@example.com,India,2025-09-20,Standard,1087.07
2537,Christopher Patel,christopher.patel2537@example.com,Brazil,2021-02-23,Basic,444.00
2538,Andrew Perez,andrew.perez2538@example.com,United Arab Emirates,2019-06-05,Standard,3868.80
2539,Aarav Torres,aarav.torres2539@example.com,Germany,2025-12-10,Basic,474.27
2540,Jessica Thomas,jessica.thomas2540@example.com,Brazil,2018-03-21,Standard,1391.15
2541,Michael Harris,michael.harris2541@example.com,Mexico,2021-08-10,Basic,65.05
2542,Ashley Robinson,ashley.robinson2542@example.com,United Arab Emirates,2020-12-25,Standard,454.32
2543,Matthew Costa,matthew.costa2543@example.com,Netherlands,2021-02-05,Standard,2905.25
2544,Lisa Costa,lisa.costa2544@example.com,Germany,2020-07-03,Premium,10229.91
2545,Christopher Thompson,christopher.thompson2545@example.com,Brazil,2024-04-20,Basic,116.90
2546,Sarah Lee,sarah.lee2546@example.com,India,2024-10-13,Standard,3556.21
2547,Richard Kim,richard.kim2547@example.com,United Arab Emirates,2024-09-13,Standard,2499.31
2548,Charles Rossi,charles.rossi2548@example.com,United Arab Emirates,2020-03-09,Premium,8805.53
2549,Steven Jackson,steven.jackson2549@example.com,Australia,2022-09-29,Standard,2862.46
2550,James Martin,james.martin2550@example.com,United Kingdom,2021-04-27,Standard,296.08
2551,Ananya Kim,ananya.kim2551@example.com,Canada,2022-02-18,Basic,371.95
2552,Elizabeth Lewis,elizabeth.lewis2552@example.com,Japan,2019-10-05,Standard,2456.61
2553,Hans Lee,hans.lee2553@example.com,France,2023-02-11,Premium,5587.34
2554,Fatima Hill,fatima.hill2554@example.com,United Kingdom,2024-07-30,Standard,688.44
2555,Mary Davis,mary.davis2555@example.com,India,2024-03-13,Premium,8202.32
2556,Elizabeth Lee,elizabeth.lee2556@example.com,Australia,2024-03-03,Basic,20.37
2557,Margaret Kim,margaret.kim2557@example.com,United Kingdom,2021-08-30,Standard,2529.71
2558,Hans Williams,hans.williams2558@example.com,India,2024-05-05,Standard,3074.67
2559,John Allen,john.allen2559@example.com,Italy,2019-06-25,Premium,8456.80
2560,Robert Rodriguez,robert.rodriguez2560@example.com,Japan,2019-11-01,Standard,3772.47
2561,Jessica Garcia,jessica.garcia2561@example.com,India,2021-10-17,Basic,64.93
2562,Nancy Silva,nancy.silva2562@example.com,Australia,2024-02-11,Premium,2807.96
2563,Anthony Kim,anthony.kim2563@example.com,Italy,2019-09-27,Basic,438.48
2564,Jennifer Wilson,jennifer.wilson2564@example.com,Canada,2020-12-04,Standard,1064.11
2565,Patricia Kim,patricia.kim2565@example.com,United States,2018-08-03,Standard,2643.03
2566,Omar Anderson,omar.anderson2566@example.com,United States,2020-06-16,Standard,3082.41
2567,Elizabeth Rodriguez,elizabeth.rodriguez2567@example.com,India,2022-05-07,Standard,3072.66
2568,Wei Sanchez,wei.sanchez2568@example.com,Netherlands,2021-04-01,Premium,8398.95
2569,Wei Ali,wei.ali2569@example.com,Japan,2018-10-06,Standard,352.49
2570,Donna Williams,donna.williams2570@example.com,Mexico,2023-07-07,Standard,227.18
2571,Omar Garcia,omar.garcia2571@example.com,India,2023-09-17,Standard,3614.60
2572,David Sanchez,david.sanchez2572@example.com,Japan,2018-01-31,Standard,3677.76
2573,Sofia Flores,sofia.flores2573@example.com,Japan,2022-03-14,Standard,2141.34
2574,David Gonzalez,david.gonzalez2574@example.com,France,2021-10-02,Basic,156.62
2575,Thomas Sanchez,thomas.sanchez2575@example.com,France,2023-01-24,Premium,2374.63
2576,Joshua Kim,joshua.kim2576@example.com,Netherlands,2022-07-20,Standard,977.44
2577,Linda Williams,linda.williams2577@example.com,Canada,2020-04-22,Standard,960.54
2578,Andrew Mueller,andrew.mueller2578@example.com,Singapore,2025-09-26,Basic,539.37
2579,Donna Martin,donna.martin2579@example.com,United States,2025-04-07,Standard,2579.25
2580,Andrew Taylor,andrew.taylor2580@example.com,United States,2021-06-23,Standard,246.97
2581,Barbara Perez,barbara.perez2581@example.com,Italy,2022-05-11,Standard,2935.88
2582,Sandra Sanchez,sandra.sanchez2582@example.com,United Kingdom,2023-07-07,Standard,2024.67
2583,Joshua Jackson,joshua.jackson2583@example.com,Spain,2020-10-14,Basic,62.14
2584,Michael Smith,michael.smith2584@example.com,Mexico,2018-07-24,Basic,685.73
2585,Sarah Smith,sarah.smith2585@example.com,Australia,2024-05-15,Standard,3852.59
2586,Michael Brown,michael.brown2586@example.com,Spain,2020-02-21,Standard,3889.57
2587,Sofia White,sofia.white2587@example.com,Australia,2025-05-01,Premium,2291.13
2588,Ingrid Williams,ingrid.williams2588@example.com,France,2019-08-04,Basic,210.18
2589,Susan Davis,susan.davis2589@example.com,Italy,2025-08-24,Basic,634.21
2590,Donald Lopez,donald.lopez2590@example.com,Canada,2020-08-19,Premium,7918.18
2591,Donna Khan,donna.khan2591@example.com,France,2018-04-03,Standard,2870.93
2592,Donald Jones,donald.jones2592@example.com,United Kingdom,2020-06-01,Basic,52.13
2593,Yuki Harris,yuki.harris2593@example.com,Brazil,2022-11-07,Premium,12795.87
2594,Anthony Lopez,anthony.lopez2594@example.com,Mexico,2018-06-30,Basic,525.29
2595,Ingrid Moore,ingrid.moore2595@example.com,Italy,2023-05-17,Basic,162.16
2596,Sarah Johnson,sarah.johnson2596@example.com,Singapore,2020-02-10,Standard,1092.31
2597,Mark Smith,mark.smith2597@example.com,United States,2024-04-25,Basic,668.31
2598,Margaret Scott,margaret.scott2598@example.com,Brazil,2020-08-06,Basic,572.46
2599,Sofia Brown,sofia.brown2599@example.com,Canada,2024-09-15,Standard,1595.73
2600,Donald Wright,donald.wright2600@example.com,Spain,2022-03-01,Standard,2959.55
2601,Paul Martinez,paul.martinez2601@example.com,Spain,2021-11-21,Standard,1746.61
2602,Donna Sanchez,donna.sanchez2602@example.com,India,2021-04-12,Standard,761.01
2603,Yuki Silva,yuki.silva2603@example.com,Spain,2024-01-31,Basic,326.26
2604,Margaret Garcia,margaret.garcia2604@example.com,United Arab Emirates,2019-07-18,Standard,1464.66
2605,Daniel Kim,daniel.kim2605@example.com,Netherlands,2024-01-18,Standard,3474.84
2606,David Williams,david.williams2606@example.com,United Arab Emirates,2025-01-04,Standard,751.19
2607,Nancy Wright,nancy.wright2607@example.com,Italy,2019-10-16,Standard,3434.17
2608,Andrew Rodriguez,andrew.rodriguez2608@example.com,Netherlands,2020-04-23,Basic,659.75
2609,Betty Garcia,betty.garcia2609@example.com,United Arab Emirates,2019-04-04,Basic,792.40
2610,Paul Williams,paul.williams2610@example.com,Mexico,2018-01-17,Standard,1167.93
2611,Emily Chen,emily.chen2611@example.com,Italy,2020-07-17,Basic,547.21
2612,Nancy Young,nancy.young2612@example.com,Italy,2022-03-10,Premium,9129.86
2613,Betty King,betty.king2613@example.com,Australia,2020-06-16,Standard,2392.67
2614,Sofia Clark,sofia.clark2614@example.com,Canada,2020-07-13,Standard,2633.78
2615,Sandra Martinez,sandra.martinez2615@example.com,United Arab Emirates,2020-02-11,Basic,572.96
2616,Steven Miller,steven.miller2616@example.com,United Arab Emirates,2018-10-23,Standard,2840.76
2617,Karen Thomas,karen.thomas2617@example.com,France,2020-05-07,Basic,433.57
2618,Michael Gonzalez,michael.gonzalez2618@example.com,United States,2021-04-26,Premium,3573.98
2619,Barbara Costa,barbara.costa2619@example.com,Canada,2020-11-04,Standard,1919.88
2620,Linda Ramirez,linda.ramirez2620@example.com,Spain,2022-07-09,Basic,8.45
2621,Joshua Martin,joshua.martin2621@example.com,India,2020-05-03,Standard,1354.39
2622,Michelle Nguyen,michelle.nguyen2622@example.com,Spain,2024-11-23,Basic,474.67
2623,Yuki Young,yuki.young2623@example.com,Brazil,2021-08-02,Basic,281.20
2624,Thomas Khan,thomas.khan2624@example.com,Netherlands,2022-04-21,Standard,3061.09
2625,Ingrid Miller,ingrid.miller2625@example.com,Mexico,2024-12-15,Standard,3546.42
2626,Yuki Young,yuki.young2626@example.com,Australia,2018-06-08,Basic,770.21
2627,Hans Garcia,hans.garcia2627@example.com,Japan,2019-01-13,Standard,515.27
2628,Carlos Ali,carlos.ali2628@example.com,Canada,2023-02-06,Standard,1643.43
2629,Nancy Thomas,nancy.thomas2629@example.com,Brazil,2018-05-21,Standard,1426.92
2630,Emily Costa,emily.costa2630@example.com,Brazil,2020-06-06,Basic,490.97
2631,Michael Smith,michael.smith2631@example.com,Mexico,2025-07-28,Standard,3167.17
2632,Steven Lewis,steven.lewis2632@example.com,United Kingdom,2023-03-13,Premium,5571.63
2633,Andrew Harris,andrew.harris2633@example.com,Japan,2025-05-01,Basic,579.46
2634,Thomas Nguyen,thomas.nguyen2634@example.com,Japan,2023-07-05,Premium,4260.94
2635,Mark Jackson,mark.jackson2635@example.com,United States,2021-04-04,Basic,480.90
2636,Margaret Davis,margaret.davis2636@example.com,Singapore,2018-11-11,Standard,956.67
2637,Ashley Thomas,ashley.thomas2637@example.com,Netherlands,2025-05-02,Premium,13770.33
2638,Ingrid Harris,ingrid.harris2638@example.com,United Kingdom,2020-07-04,Premium,6420.92
2639,Yuki Nguyen,yuki.nguyen2639@example.com,Germany,2022-12-27,Basic,646.73
2640,Linda Miller,linda.miller2640@example.com,United Kingdom,2024-10-14,Standard,2338.53
2641,Mark Young,mark.young2641@example.com,Italy,2022-10-28,Standard,278.04
2642,Kimberly Khan,kimberly.khan2642@example.com,Japan,2019-03-12,Standard,1790.77
2643,John Moore,john.moore2643@example.com,Italy,2022-09-26,Standard,454.37
2644,Jennifer Taylor,jennifer.taylor2644@example.com,Spain,2022-01-04,Basic,379.70
2645,Steven Thomas,steven.thomas2645@example.com,United Arab Emirates,2019-07-18,Basic,96.81
2646,David Garcia,david.garcia2646@example.com,Spain,2020-03-15,Standard,1895.19
2647,Paul White,paul.white2647@example.com,Brazil,2018-10-01,Standard,3889.29
2648,Wei Lopez,wei.lopez2648@example.com,Canada,2024-04-11,Standard,351.07
2649,Richard Martinez,richard.martinez2649@example.com,Italy,2025-11-13,Standard,1684.70
2650,Lisa Brown,lisa.brown2650@example.com,United States,2019-04-07,Standard,2193.34
2651,Sarah Nguyen,sarah.nguyen2651@example.com,France,2019-07-16,Standard,1414.21
2652,Jessica Walker,jessica.walker2652@example.com,Germany,2025-06-12,Basic,379.81
2653,Donald Wilson,donald.wilson2653@example.com,Australia,2024-03-15,Premium,10234.16
2654,Paul Jones,paul.jones2654@example.com,United Kingdom,2023-09-20,Premium,3890.23
2655,Hans Jones,hans.jones2655@example.com,Canada,2024-05-07,Standard,825.98
2656,Aarav Silva,aarav.silva2656@example.com,Spain,2022-01-21,Standard,3762.91
2657,Thomas Clark,thomas.clark2657@example.com,Australia,2018-06-25,Premium,13318.69
2658,Ingrid Sanchez,ingrid.sanchez2658@example.com,Spain,2022-03-11,Premium,7080.09
2659,Joshua Anderson,joshua.anderson2659@example.com,United Kingdom,2023-05-18,Basic,491.92
2660,Steven Clark,steven.clark2660@example.com,Netherlands,2025-02-15,Standard,797.68
2661,Joshua King,joshua.king2661@example.com,Netherlands,2018-11-04,Standard,1844.42
2662,Mary Clark,mary.clark2662@example.com,Canada,2025-11-25,Premium,13591.46
2663,Elizabeth Costa,elizabeth.costa2663@example.com,India,2021-02-10,Standard,1694.42
2664,Sandra Kim,sandra.kim2664@example.com,United Arab Emirates,2021-10-30,Basic,242.80
2665,Paul Hill,paul.hill2665@example.com,France,2023-04-09,Standard,2143.47
2666,Matthew Silva,matthew.silva2666@example.com,Italy,2024-08-11,Basic,556.20
2667,Yuki Hill,yuki.hill2667@example.com,Netherlands,2024-06-09,Standard,721.62
2668,Nancy Garcia,nancy.garcia2668@example.com,India,2023-12-23,Standard,2164.59
2669,Aarav Jones,aarav.jones2669@example.com,France,2021-01-16,Standard,3524.06
2670,Joshua Allen,joshua.allen2670@example.com,United Arab Emirates,2021-08-20,Standard,3647.43
2671,Andrew Gonzalez,andrew.gonzalez2671@example.com,France,2020-02-25,Standard,3337.79
2672,Kimberly Singh,kimberly.singh2672@example.com,France,2024-09-14,Standard,1810.62
2673,Wei Gonzalez,wei.gonzalez2673@example.com,United Arab Emirates,2019-07-25,Basic,641.80
2674,Omar Jackson,omar.jackson2674@example.com,Spain,2022-01-20,Standard,2907.96
2675,Emily Lee,emily.lee2675@example.com,Brazil,2024-07-10,Standard,2176.43
2676,Linda Rossi,linda.rossi2676@example.com,France,2025-02-28,Basic,197.62
2677,Joshua Patel,joshua.patel2677@example.com,United Kingdom,2025-04-06,Basic,647.66
2678,Lisa Thomas,lisa.thomas2678@example.com,Italy,2021-01-13,Standard,3743.44
2679,Sandra Wright,sandra.wright2679@example.com,France,2024-10-18,Standard,473.79
2680,Linda Harris,linda.harris2680@example.com,Australia,2018-01-14,Basic,53.24
2681,Thomas Young,thomas.young2681@example.com,Japan,2024-07-18,Standard,3320.40
2682,Steven Torres,steven.torres2682@example.com,France,2018-07-28,Standard,3930.00
2683,Aarav Young,aarav.young2683@example.com,Brazil,2022-11-26,Standard,1670.16
2684,Linda Rodriguez,linda.rodriguez2684@example.com,India,2018-08-12,Standard,355.93
2685,Robert Moore,robert.moore2685@example.com,Japan,2021-01-04,Premium,3656.49
2686,Michael Mueller,michael.mueller2686@example.com,Germany,2018-06-13,Standard,3586.98
2687,Andrew Brown,andrew.brown2687@example.com,India,2025-01-01,Premium,11354.44
2688,Charles Ramirez,charles.ramirez2688@example.com,Germany,2024-12-07,Standard,2493.91
2689,Hans Moore,hans.moore2689@example.com,India,2020-08-26,Basic,121.36
2690,Emily Nguyen,emily.nguyen2690@example.com,Germany,2019-12-05,Standard,3261.70
2691,Matthew Wilson,matthew.wilson2691@example.com,United States,2019-10-19,Standard,546.48
2692,Sofia Flores,sofia.flores2692@example.com,France,2023-06-15,Basic,99.65
2693,Jessica Clark,jessica.clark2693@example.com,Brazil,2024-11-01,Standard,829.44
2694,Barbara Anderson,barbara.anderson2694@example.com,United States,2020-09-05,Standard,2750.41
2695,Margaret Nguyen,margaret.nguyen2695@example.com,Singapore,2022-05-03,Basic,356.93
2696,Joseph Miller,joseph.miller2696@example.com,Australia,2025-12-28,Basic,355.31
2697,Elizabeth Mueller,elizabeth.mueller2697@example.com,Singapore,2024-11-24,Basic,600.56
2698,Mary Wright,mary.wright2698@example.com,Germany,2025-07-20,Basic,393.22
2699,Kimberly Perez,kimberly.perez2699@example.com,Brazil,2023-09-10,Standard,2539.42
2700,Mark Hill,mark.hill2700@example.com,United Kingdom,2025-11-21,Standard,493.96
2701,Omar Singh,omar.singh2701@example.com,Netherlands,2022-07-13,Standard,987.10
2702,Christopher Thompson,christopher.thompson2702@example.com,Germany,2021-04-05,Standard,3614.12
2703,Matthew Hill,matthew.hill2703@example.com,United States,2025-09-12,Basic,748.21
2704,Jessica Kim,jessica.kim2704@example.com,Brazil,2025-12-30,Standard,3240.38
2705,Matthew Torres,matthew.torres2705@example.com,Australia,2018-03-25,Standard,2065.64
2706,Carlos Lewis,carlos.lewis2706@example.com,Canada,2022-11-27,Basic,203.94
2707,Joseph Moore,joseph.moore2707@example.com,France,2023-05-15,Standard,800.77
2708,Joseph Nguyen,joseph.nguyen2708@example.com,Mexico,2023-12-15,Standard,3278.54
2709,John Harris,john.harris2709@example.com,Netherlands,2020-07-25,Standard,541.90
2710,David Garcia,david.garcia2710@example.com,Japan,2018-07-25,Standard,1151.49
2711,Kimberly Taylor,kimberly.taylor2711@example.com,France,2019-08-04,Standard,3462.30
2712,Sarah Lopez,sarah.lopez2712@example.com,France,2019-11-14,Standard,2177.93
2713,Joseph Garcia,joseph.garcia2713@example.com,Mexico,2025-05-05,Standard,3175.78
2714,Sofia Lopez,sofia.lopez2714@example.com,Brazil,2022-09-30,Standard,3600.70
2715,Jessica Johnson,jessica.johnson2715@example.com,Germany,2024-10-04,Basic,570.02
2716,Robert Costa,robert.costa2716@example.com,Singapore,2020-01-03,Premium,8941.39
2717,Ingrid Robinson,ingrid.robinson2717@example.com,India,2020-01-03,Standard,780.33
2718,Barbara Thomas,barbara.thomas2718@example.com,India,2019-12-05,Basic,613.08
2719,Steven Johnson,steven.johnson2719@example.com,United Arab Emirates,2018-08-21,Standard,1696.46
2720,David Brown,david.brown2720@example.com,Singapore,2019-06-26,Standard,1119.32
2721,Joshua White,joshua.white2721@example.com,France,2023-03-10,Standard,1134.00
2722,Barbara Ali,barbara.ali2722@example.com,Germany,2019-10-26,Premium,10321.77
2723,Hans Williams,hans.williams2723@example.com,Australia,2019-07-11,Premium,2007.45
2724,Sandra King,sandra.king2724@example.com,Spain,2022-06-06,Basic,440.25
2725,Carlos Sanchez,carlos.sanchez2725@example.com,Brazil,2025-04-05,Basic,754.63
2726,Daniel Hill,daniel.hill2726@example.com,Singapore,2022-07-18,Standard,3056.20
2727,Kimberly Clark,kimberly.clark2727@example.com,Singapore,2023-08-09,Standard,679.71
2728,John Wilson,john.wilson2728@example.com,India,2021-05-07,Premium,3501.97
2729,Anthony Harris,anthony.harris2729@example.com,India,2018-04-08,Standard,1395.27
2730,Richard Silva,richard.silva2730@example.com,Australia,2025-02-28,Premium,11754.52
2731,Mark Nguyen,mark.nguyen2731@example.com,Italy,2019-07-27,Basic,519.26
2732,Karen Sanchez,karen.sanchez2732@example.com,United States,2020-07-19,Standard,3633.92
2733,Thomas Young,thomas.young2733@example.com,Italy,2023-03-21,Standard,1611.96
2734,Susan Robinson,susan.robinson2734@example.com,United States,2020-10-02,Premium,14320.43
2735,Aarav Miller,aarav.miller2735@example.com,United States,2021-12-06,Standard,1967.34
2736,Matthew Kim,matthew.kim2736@example.com,Canada,2024-09-16,Basic,235.16
2737,Steven Scott,steven.scott2737@example.com,United Arab Emirates,2023-05-18,Standard,457.47
2738,Nancy Gonzalez,nancy.gonzalez2738@example.com,Japan,2019-11-11,Standard,242.01
2739,Michael Martinez,michael.martinez2739@example.com,Japan,2021-01-09,Basic,47.91
2740,Steven Wilson,steven.wilson2740@example.com,India,2018-04-09,Standard,1903.76
2741,Nancy Flores,nancy.flores2741@example.com,Mexico,2021-08-30,Standard,1282.72
2742,Patricia King,patricia.king2742@example.com,United Arab Emirates,2022-12-01,Standard,3082.27
2743,Margaret Silva,margaret.silva2743@example.com,Spain,2024-02-23,Standard,2968.92
2744,Andrew Allen,andrew.allen2744@example.com,United Kingdom,2022-03-28,Premium,6291.98
2745,Fatima Lewis,fatima.lewis2745@example.com,Spain,2020-12-30,Basic,115.16
2746,Hans Gonzalez,hans.gonzalez2746@example.com,Australia,2021-02-03,Premium,7127.19
2747,John Williams,john.williams2747@example.com,United Kingdom,2020-03-07,Standard,1789.83
2748,Richard Clark,richard.clark2748@example.com,United Arab Emirates,2019-09-14,Basic,341.53
2749,Andrew Taylor,andrew.taylor2749@example.com,Germany,2018-01-03,Basic,792.82
2750,David Williams,david.williams2750@example.com,Brazil,2018-09-28,Standard,1032.56
2751,David Singh,,Canada,2025-07-04,Standard,1946.50
2752,Nancy Flores,nancy.flores2752@example.com,India,2023-04-05,Basic,764.53
2753,Thomas Torres,thomas.torres2753@example.com,United Arab Emirates,2021-09-16,Standard,2599.79
2754,Christopher King,christopher.king2754@example.com,Spain,2024-08-12,Standard,2176.18
2755,Sarah Hill,sarah.hill2755@example.com,Germany,2020-07-15,Basic,651.95
2756,Margaret Walker,margaret.walker2756@example.com,Japan,2021-05-16,Standard,2095.72
2757,Carlos Sanchez,carlos.sanchez2757@example.com,Mexico,2021-05-15,Premium,12421.76
2758,Thomas Miller,thomas.miller2758@example.com,Japan,2020-07-04,Basic,675.59
2759,Joseph Thomas,joseph.thomas2759@example.com,United Kingdom,2019-02-08,Standard,2850.05
2760,Steven White,steven.white2760@example.com,Australia,2022-09-14,Standard,2352.98
2761,Karen Garcia,karen.garcia2761@example.com,Mexico,2023-05-25,Standard,3804.27
2762,Wei Jones,wei.jones2762@example.com,United Arab Emirates,2018-08-22,Basic,348.50
2763,Margaret Martinez,margaret.martinez2763@example.com,United States,2021-09-29,Standard,3762.86
2764,Linda Martin,linda.martin2764@example.com,United Arab Emirates,2023-07-08,Standard,3725.77
2765,Betty Nguyen,betty.nguyen2765@example.com,Australia,2020-08-21,Standard,1288.58
2766,Michelle Hernandez,michelle.hernandez2766@example.com,Mexico,2021-09-01,Standard,2455.09
2767,Jennifer Miller,jennifer.miller2767@example.com,Netherlands,2018-02-04,Premium,3950.60
2768,Margaret Young,margaret.young2768@example.com,United Arab Emirates,2025-10-27,Basic,518.38
2769,Patricia Smith,patricia.smith2769@example.com,United States,2019-07-01,Standard,1307.41
2770,Lisa Singh,lisa.singh2770@example.com,Singapore,2025-11-07,Standard,1557.55
2771,Andrew Garcia,andrew.garcia2771@example.com,United Arab Emirates,2021-06-22,Premium,6291.84
2772,John Nguyen,john.nguyen2772@example.com,United States,2024-11-21,Premium,2002.77
2773,Richard Hernandez,richard.hernandez2773@example.com,Singapore,2023-07-02,Basic,86.03
2774,Donna Jackson,donna.jackson2774@example.com,Japan,2018-10-21,Standard,3360.85
2775,Charles Rodriguez,charles.rodriguez2775@example.com,Mexico,2020-11-30,Premium,4046.12
2776,Ingrid Khan,ingrid.khan2776@example.com,Brazil,2024-10-20,Standard,1050.41
2777,Charles Williams,charles.williams2777@example.com,India,2025-06-16,Standard,818.66
2778,Donald Lewis,donald.lewis2778@example.com,Japan,2021-06-09,Standard,1315.88
2779,Fatima Sanchez,fatima.sanchez2779@example.com,United Arab Emirates,2020-08-21,Standard,3218.18
2780,Karen Chen,karen.chen2780@example.com,Germany,2023-03-05,Standard,765.14
2781,Elizabeth Williams,elizabeth.williams2781@example.com,Mexico,2019-04-28,Premium,3919.84
2782,Mark Rodriguez,mark.rodriguez2782@example.com,Canada,2021-03-03,Premium,12014.77
2783,Omar Lee,omar.lee2783@example.com,Italy,2023-05-27,Standard,1854.27
2784,Linda Kim,linda.kim2784@example.com,Spain,2024-03-11,Standard,2971.65
2785,Karen Ali,karen.ali2785@example.com,Brazil,2025-05-11,Standard,328.58
2786,David Sanchez,david.sanchez2786@example.com,Canada,2018-07-20,Standard,319.24
2787,Thomas Harris,thomas.harris2787@example.com,Brazil,2023-03-14,Standard,2701.65
2788,Betty Ali,betty.ali2788@example.com,Brazil,2019-06-29,Basic,652.62
2789,Sofia Ali,sofia.ali2789@example.com,India,2024-05-09,Standard,3498.91
2790,Barbara Smith,barbara.smith2790@example.com,United Kingdom,2020-10-23,Basic,332.64
2791,Ashley Perez,ashley.perez2791@example.com,United Arab Emirates,2019-07-29,Premium,5120.30
2792,Joshua Young,joshua.young2792@example.com,United Arab Emirates,2020-04-08,Basic,576.63
2793,Anthony Williams,anthony.williams2793@example.com,Spain,2022-01-17,Basic,569.09
2794,Michelle White,michelle.white2794@example.com,Canada,2023-06-01,Standard,3131.96
2795,Steven Gonzalez,steven.gonzalez2795@example.com,India,2025-08-18,Standard,2702.93
2796,Sofia Mueller,sofia.mueller2796@example.com,Japan,2022-05-20,Standard,3580.43
2797,Donna Flores,donna.flores2797@example.com,Germany,2022-11-17,Basic,615.77
2798,Carlos Williams,carlos.williams2798@example.com,Italy,2024-08-17,Standard,2279.07
2799,Paul Silva,paul.silva2799@example.com,France,2021-09-24,Standard,268.08
2800,Donna Patel,donna.patel2800@example.com,Canada,2023-04-28,Basic,663.64
2801,Anthony Robinson,anthony.robinson2801@example.com,Mexico,2024-05-31,Basic,184.76
2802,Christopher Nguyen,christopher.nguyen2802@example.com,France,2021-05-14,Standard,3587.75
2803,John Anderson,john.anderson2803@example.com,Mexico,2020-11-06,Standard,1700.29
2804,James King,james.king2804@example.com,Germany,2023-01-15,Standard,1108.12
2805,James Ramirez,james.ramirez2805@example.com,Canada,2021-01-25,Premium,8958.35
2806,Paul Clark,paul.clark2806@example.com,Singapore,2025-03-06,Premium,12243.92
2807,Ingrid Hill,ingrid.hill2807@example.com,Brazil,2024-07-04,Standard,1010.98
2808,Wei Scott,wei.scott2808@example.com,Canada,2020-08-19,Standard,3717.39
2809,Matthew Scott,matthew.scott2809@example.com,United Kingdom,2024-02-11,Basic,524.88
2810,James Singh,james.singh2810@example.com,India,2025-04-03,Standard,1133.27
2811,Donald Johnson,donald.johnson2811@example.com,United Arab Emirates,2020-11-23,Premium,4197.29
2812,Charles Chen,charles.chen2812@example.com,United Kingdom,2022-10-13,Standard,975.55
2813,David White,david.white2813@example.com,United Arab Emirates,2021-03-28,Premium,6023.40
2814,Paul Khan,paul.khan2814@example.com,Canada,2018-11-09,Standard,3934.69
2815,Linda Smith,linda.smith2815@example.com,Canada,2021-01-11,Basic,772.11
2816,Linda Silva,linda.silva2816@example.com,Canada,2023-08-12,Standard,3110.80
2817,Ingrid Wright,ingrid.wright2817@example.com,Canada,2023-05-26,Standard,2738.39
2818,Sarah Garcia,sarah.garcia2818@example.com,Canada,2021-12-17,Standard,870.31
2819,Richard Wright,richard.wright2819@example.com,Italy,2018-03-16,Basic,728.74
2820,Michelle Costa,michelle.costa2820@example.com,Canada,2019-10-27,Premium,3895.57
2821,David King,david.king2821@example.com,Japan,2020-03-06,Basic,382.95
2822,Hans Patel,hans.patel2822@example.com,India,2022-05-14,Standard,3212.13
2823,Margaret Miller,margaret.miller2823@example.com,Netherlands,2022-07-07,Basic,169.89
2824,Richard Flores,richard.flores2824@example.com,Netherlands,2024-07-29,Standard,3041.39
2825,Robert Mueller,robert.mueller2825@example.com,Spain,2023-07-18,Standard,2318.34
2826,Sandra Harris,sandra.harris2826@example.com,India,2020-03-26,Standard,3619.89
2827,John Lewis,john.lewis2827@example.com,Mexico,2021-12-26,Standard,265.06
2828,Wei White,wei.white2828@example.com,Australia,2018-01-31,Standard,3884.42
2829,Sandra Garcia,sandra.garcia2829@example.com,Canada,2024-09-01,Premium,8766.68
2830,Ingrid Davis,ingrid.davis2830@example.com,Brazil,2023-07-18,Standard,2303.62
2831,Emily Rossi,emily.rossi2831@example.com,Canada,2025-01-03,Basic,648.66
2832,Aarav Lee,aarav.lee2832@example.com,Japan,2022-10-10,Standard,1315.12
2833,Michael Brown,michael.brown2833@example.com,Spain,2019-07-15,Basic,556.73
2834,Matthew Martinez,matthew.martinez2834@example.com,Singapore,2022-08-15,Standard,3928.98
2835,Kimberly White,kimberly.white2835@example.com,France,2021-05-13,Premium,7289.32
2836,Mary Jackson,mary.jackson2836@example.com,Italy,2019-01-17,Standard,3504.12
2837,Kimberly Hill,kimberly.hill2837@example.com,Canada,2022-01-24,Standard,630.82
2838,Thomas Costa,thomas.costa2838@example.com,United Arab Emirates,2019-05-22,Standard,893.95
2839,Susan Nguyen,susan.nguyen2839@example.com,Germany,2018-07-21,Basic,221.21
2840,Hans Scott,hans.scott2840@example.com,United Arab Emirates,2018-11-23,Basic,649.26
2841,Emily Torres,emily.torres2841@example.com,Japan,2021-05-02,Basic,725.06
2842,Wei Martin,wei.martin2842@example.com,Australia,2018-06-16,Premium,6054.60
2843,Anthony Garcia,anthony.garcia2843@example.com,France,2018-08-02,Standard,720.19
2844,Michael Nguyen,michael.nguyen2844@example.com,United Arab Emirates,2023-05-08,Premium,2552.82
2845,Lisa Sanchez,lisa.sanchez2845@example.com,France,2019-10-13,Standard,2445.24
2846,Emily Thomas,emily.thomas2846@example.com,United Kingdom,2020-01-29,Premium,10430.31
2847,Andrew Khan,andrew.khan2847@example.com,Spain,2018-03-10,Basic,376.25
2848,Carlos Ali,carlos.ali2848@example.com,Italy,2025-08-27,Premium,8625.90
2849,Anthony Smith,anthony.smith2849@example.com,United Arab Emirates,2021-01-24,Standard,2391.42
2850,Carlos Costa,carlos.costa2850@example.com,Brazil,2024-02-21,Basic,190.33
2851,Margaret Wilson,margaret.wilson2851@example.com,Australia,2020-02-28,Standard,3335.10
2852,Charles Thompson,charles.thompson2852@example.com,Mexico,2022-08-13,Premium,13839.70
2853,Charles Moore,charles.moore2853@example.com,Singapore,2019-05-26,Standard,2886.24
2854,Thomas Kim,thomas.kim2854@example.com,United States,2019-04-15,Standard,1741.07
2855,Richard Mueller,richard.mueller2855@example.com,United Kingdom,2024-06-19,Standard,900.56
2856,Ananya Nguyen,ananya.nguyen2856@example.com,Spain,2020-10-16,Premium,3721.83
2857,John Anderson,john.anderson2857@example.com,Italy,2018-07-10,Basic,585.00
2858,Yuki Sanchez,yuki.sanchez2858@example.com,Germany,2021-02-06,Premium,14472.20
2859,Andrew Smith,andrew.smith2859@example.com,Italy,2019-03-30,Standard,3353.89
2860,James Clark,james.clark2860@example.com,Germany,2023-01-06,Premium,3876.99
2861,Carlos Kim,carlos.kim2861@example.com,Singapore,2022-02-19,Basic,260.09
2862,Anthony Harris,anthony.harris2862@example.com,Spain,2021-01-31,Standard,1884.96
2863,Richard Patel,richard.patel2863@example.com,Australia,2021-12-17,Premium,4444.01
2864,Wei Chen,wei.chen2864@example.com,Brazil,2021-01-26,Standard,1862.31
2865,Thomas Smith,thomas.smith2865@example.com,United Kingdom,2018-09-09,Standard,3169.29
2866,Patricia Mueller,patricia.mueller2866@example.com,France,2020-04-14,Standard,1770.94
2867,Charles Martinez,charles.martinez2867@example.com,United Kingdom,2022-10-12,Standard,3122.40
2868,Donald Silva,donald.silva2868@example.com,Mexico,2023-02-05,Standard,1521.80
2869,Ananya Anderson,ananya.anderson2869@example.com,Italy,2021-02-02,Standard,3389.98
2870,Matthew Moore,matthew.moore2870@example.com,Germany,2022-11-30,Standard,3638.26
2871,Mary Costa,mary.costa2871@example.com,Brazil,2022-04-25,Standard,1031.72
2872,Emily Allen,emily.allen2872@example.com,United Kingdom,2019-03-26,Standard,1217.17
2873,Lisa King,lisa.king2873@example.com,Canada,2021-01-18,Standard,3475.61
2874,Kimberly Martin,kimberly.martin2874@example.com,United States,2018-09-15,Basic,453.72
2875,Michael Thomas,michael.thomas2875@example.com,France,2020-09-27,Basic,606.19
2876,Wei Scott,wei.scott2876@example.com,Mexico,2023-12-11,Basic,737.46
2877,Aarav Young,aarav.young2877@example.com,United States,2019-09-03,Basic,766.90
2878,Christopher Costa,christopher.costa2878@example.com,Japan,2022-09-16,Standard,2358.21
2879,James Walker,james.walker2879@example.com,Canada,2021-06-08,Standard,2939.35
2880,Margaret Taylor,margaret.taylor2880@example.com,France,2024-07-29,Standard,957.97
2881,Betty Chen,betty.chen2881@example.com,Mexico,2024-05-04,Basic,451.22
2882,Michael Harris,michael.harris2882@example.com,Germany,2020-09-30,Standard,1433.92
2883,Nancy Thompson,nancy.thompson2883@example.com,Germany,2023-12-22,Standard,1467.03
2884,Joseph Ramirez,joseph.ramirez2884@example.com,United States,2025-09-26,Basic,61.01
2885,Andrew Rodriguez,andrew.rodriguez2885@example.com,Singapore,2018-06-29,Standard,978.85
2886,Anthony Wright,anthony.wright2886@example.com,Canada,2019-02-25,Basic,544.77
2887,Emily Lewis,emily.lewis2887@example.com,Germany,2020-05-28,Basic,174.78
2888,Michael Williams,michael.williams2888@example.com,United Arab Emirates,2024-08-03,Standard,1754.73
2889,Sarah Kim,sarah.kim2889@example.com,Brazil,2020-05-06,Standard,555.24
2890,Jessica Flores,jessica.flores2890@example.com,Netherlands,2020-10-22,Premium,12284.29
2891,Paul Mueller,paul.mueller2891@example.com,Netherlands,2020-09-14,Standard,367.85
2892,Omar Moore,omar.moore2892@example.com,Spain,2025-10-21,Standard,2968.93
2893,Ashley Wilson,ashley.wilson2893@example.com,United Arab Emirates,2021-09-16,Basic,80.07
2894,Steven Nguyen,steven.nguyen2894@example.com,Mexico,2021-02-11,Standard,200.35
2895,Omar Thompson,omar.thompson2895@example.com,Netherlands,2023-01-27,Basic,445.03
2896,David Johnson,david.johnson2896@example.com,Spain,2024-05-30,Basic,17.09
2897,Sarah Gonzalez,sarah.gonzalez2897@example.com,United Kingdom,2020-08-17,Standard,3002.41
2898,Carlos Lopez,carlos.lopez2898@example.com,Germany,2020-03-20,Standard,703.99
2899,Sandra Brown,sandra.brown2899@example.com,Germany,2024-12-08,Standard,711.16
2900,Linda Rossi,linda.rossi2900@example.com,Germany,2022-02-10,Basic,501.70
2901,Hans Martin,hans.martin2901@example.com,Australia,2019-09-23,Basic,550.33
2902,David Walker,david.walker2902@example.com,United Kingdom,2022-03-15,Standard,333.49
2903,Barbara Singh,barbara.singh2903@example.com,Australia,2019-03-21,Basic,67.86
2904,David Wilson,david.wilson2904@example.com,Australia,2019-03-21,Premium,7650.04
2905,Omar Hernandez,omar.hernandez2905@example.com,Japan,2024-03-23,Standard,3558.55
2906,Kimberly Nguyen,kimberly.nguyen2906@example.com,United Arab Emirates,2024-07-26,Basic,787.53
2907,Mark Hernandez,mark.hernandez2907@example.com,Mexico,2023-12-23,Basic,528.41
2908,Susan Lewis,susan.lewis2908@example.com,Mexico,2022-12-29,Standard,1260.87
2909,Thomas Hill,thomas.hill2909@example.com,Italy,2018-03-24,Standard,945.82
2910,Charles Harris,charles.harris2910@example.com,Brazil,2019-01-08,Basic,699.78
2911,Linda Khan,linda.khan2911@example.com,United States,2020-07-30,Premium,11581.05
2912,Paul Davis,paul.davis2912@example.com,Australia,2025-04-14,Standard,2406.52
2913,Sofia Rodriguez,sofia.rodriguez2913@example.com,United Kingdom,2024-01-17,Premium,13385.39
2914,William Thomas,william.thomas2914@example.com,Japan,2024-10-21,Basic,434.94
2915,Robert Thomas,robert.thomas2915@example.com,Canada,2021-10-21,Standard,2195.29
2916,Jennifer Taylor,jennifer.taylor2916@example.com,Japan,2019-07-12,Standard,3346.82
2917,John Ramirez,john.ramirez2917@example.com,Singapore,2020-04-20,Standard,730.91
2918,Joseph Khan,joseph.khan2918@example.com,Japan,2019-08-29,Standard,2574.39
2919,Robert Ramirez,robert.ramirez2919@example.com,Japan,2018-11-25,Basic,590.19
2920,Christopher Robinson,christopher.robinson2920@example.com,France,2021-10-15,Standard,313.85
2921,Hans Smith,hans.smith2921@example.com,Netherlands,2025-06-16,Basic,552.71
2922,Carlos Johnson,carlos.johnson2922@example.com,United Kingdom,2025-02-22,Premium,9615.93
2923,Jennifer Khan,jennifer.khan2923@example.com,Netherlands,2019-02-07,Standard,1868.12
2924,Paul Kim,paul.kim2924@example.com,Netherlands,2025-01-27,Standard,3044.19
2925,Joshua Johnson,joshua.johnson2925@example.com,India,2021-07-05,Basic,303.24
2926,Linda Allen,linda.allen2926@example.com,Netherlands,2021-04-11,Standard,1191.06
2927,Jennifer Wright,jennifer.wright2927@example.com,Mexico,2025-06-29,Basic,461.11
2928,Donald Jackson,donald.jackson2928@example.com,United Arab Emirates,2018-11-10,Standard,772.19
2929,Hans Jackson,hans.jackson2929@example.com,Netherlands,2018-06-23,Standard,1393.63
2930,Donald Williams,donald.williams2930@example.com,Brazil,2018-04-18,Standard,367.76
2931,Patricia Smith,patricia.smith2931@example.com,United Arab Emirates,2020-10-03,Standard,1636.00
2932,Aarav Perez,aarav.perez2932@example.com,Italy,2023-10-15,Premium,5576.03
2933,Elizabeth Sanchez,elizabeth.sanchez2933@example.com,Canada,2020-08-23,Standard,1769.30
2934,Sarah Allen,sarah.allen2934@example.com,India,2022-02-22,Standard,2713.03
2935,Lisa Martin,lisa.martin2935@example.com,Netherlands,2024-06-20,Basic,300.26
2936,John Scott,john.scott2936@example.com,Spain,2023-04-09,Basic,42.43
2937,Susan Thomas,susan.thomas2937@example.com,Singapore,2024-11-20,Standard,2321.40
2938,Michelle Thompson,michelle.thompson2938@example.com,United States,2025-01-01,Basic,622.89
2939,Kimberly Lopez,kimberly.lopez2939@example.com,United States,2021-01-01,Premium,12425.92
2940,Linda Sanchez,linda.sanchez2940@example.com,Japan,2019-05-24,Standard,3582.78
2941,Kimberly Mueller,kimberly.mueller2941@example.com,Spain,2020-11-25,Premium,14507.98
2942,Ananya Lopez,ananya.lopez2942@example.com,Brazil,2023-08-04,Standard,3545.73
2943,Jessica King,jessica.king2943@example.com,Italy,2020-02-08,Standard,2207.62
2944,Robert Sanchez,robert.sanchez2944@example.com,United Kingdom,2025-07-19,Standard,449.02
2945,Omar Sanchez,omar.sanchez2945@example.com,France,2019-12-01,Standard,2182.55
2946,Ananya Chen,ananya.chen2946@example.com,France,2022-07-28,Standard,1330.83
2947,Mary Thomas,mary.thomas2947@example.com,Netherlands,2019-06-19,Basic,294.61
2948,Carlos King,carlos.king2948@example.com,Canada,2021-06-22,Standard,3850.94
2949,Thomas Garcia,thomas.garcia2949@example.com,United States,2022-05-18,Standard,1308.18
2950,Aarav Harris,aarav.harris2950@example.com,Netherlands,2022-03-11,Standard,3079.10
2951,John Lopez,john.lopez2951@example.com,Germany,2025-07-30,Standard,1602.38
2952,Paul Singh,paul.singh2952@example.com,Germany,2018-04-06,Standard,2740.92
2953,Donald Harris,donald.harris2953@example.com,Netherlands,2021-02-20,Standard,3479.72
2954,Steven Torres,steven.torres2954@example.com,Japan,2023-09-01,Basic,733.02
2955,Mary Costa,mary.costa2955@example.com,Canada,2022-02-17,Standard,1117.48
2956,Omar Allen,omar.allen2956@example.com,Singapore,2021-02-02,Standard,1459.89
2957,William Robinson,william.robinson2957@example.com,Italy,2018-09-10,Standard,2759.98
2958,Nancy Williams,nancy.williams2958@example.com,Spain,2018-08-24,Standard,3973.88
2959,Charles Thomas,charles.thomas2959@example.com,Germany,2020-05-05,Standard,3884.98
2960,Daniel Gonzalez,daniel.gonzalez2960@example.com,France,2024-08-01,Basic,252.06
2961,Fatima Davis,fatima.davis2961@example.com,Germany,2019-08-03,Standard,3262.60
2962,Jennifer Miller,jennifer.miller2962@example.com,Brazil,2023-11-26,Basic,373.16
2963,Linda Wright,linda.wright2963@example.com,Germany,2020-09-14,Premium,9713.13
2964,Aarav Singh,aarav.singh2964@example.com,Germany,2019-07-06,Standard,1738.98
2965,Christopher Anderson,christopher.anderson2965@example.com,Australia,2018-05-23,Premium,11403.69
2966,Jennifer Silva,jennifer.silva2966@example.com,Japan,2023-07-28,Standard,3081.91
2967,Christopher Harris,christopher.harris2967@example.com,Japan,2022-07-26,Premium,12125.87
2968,Carlos King,carlos.king2968@example.com,United States,2020-01-28,Basic,166.96
2969,Mary Johnson,mary.johnson2969@example.com,India,2022-08-27,Standard,625.66
2970,William Hill,william.hill2970@example.com,United States,2020-09-28,Standard,2815.91
2971,Nancy Walker,nancy.walker2971@example.com,Brazil,2020-12-16,Standard,2971.19
2972,Joshua Davis,joshua.davis2972@example.com,United Arab Emirates,2022-08-29,Basic,733.34
2973,Michelle Singh,michelle.singh2973@example.com,India,2024-11-02,Standard,3209.91
2974,William Brown,william.brown2974@example.com,Mexico,2018-10-18,Premium,12510.68
2975,Kimberly Patel,kimberly.patel2975@example.com,France,2019-03-22,Basic,431.38
2976,Joseph Anderson,joseph.anderson2976@example.com,Brazil,2021-11-05,Standard,3384.65
2977,Donna Rodriguez,donna.rodriguez2977@example.com,Australia,2020-03-08,Basic,136.48
2978,Carlos Hernandez,carlos.hernandez2978@example.com,Mexico,2024-10-01,Basic,404.68
2979,Robert Thomas,robert.thomas2979@example.com,India,2021-10-15,Standard,1789.42
2980,Jennifer Taylor,jennifer.taylor2980@example.com,Italy,2021-04-19,Basic,104.04
2981,Paul Clark,paul.clark2981@example.com,United States,2022-02-11,Basic,504.38
2982,Ingrid Perez,ingrid.perez2982@example.com,United Arab Emirates,2022-06-08,Standard,1828.94
2983,Sofia Williams,sofia.williams2983@example.com,Canada,2019-04-23,Standard,3036.10
2984,Margaret Costa,margaret.costa2984@example.com,United States,2020-03-01,Basic,699.86
2985,Patricia King,patricia.king2985@example.com,India,2022-05-19,Basic,318.26
2986,Joshua Garcia,joshua.garcia2986@example.com,Netherlands,2018-04-22,Basic,309.03
2987,Yuki Robinson,yuki.robinson2987@example.com,Italy,2020-05-21,Premium,3299.29
2988,Barbara Costa,barbara.costa2988@example.com,United Arab Emirates,2021-10-26,Standard,1552.02
2989,Margaret Allen,margaret.allen2989@example.com,Australia,2024-06-01,Standard,613.34
2990,Aarav Young,,Japan,2025-03-23,Standard,3629.19
2991,Michelle Wilson,michelle.wilson2991@example.com,Singapore,2020-12-16,Basic,232.32
2992,John Davis,john.davis2992@example.com,United Arab Emirates,2024-03-21,Standard,218.84
2993,Kimberly Lewis,kimberly.lewis2993@example.com,India,2021-05-07,Basic,189.94
2994,Wei Scott,wei.scott2994@example.com,Japan,2019-07-14,Basic,325.97
2995,Susan Anderson,susan.anderson2995@example.com,Mexico,2019-05-24,Standard,402.92
2996,Wei White,wei.white2996@example.com,Italy,2018-03-15,Standard,2501.59
2997,Patricia Allen,patricia.allen2997@example.com,Mexico,2024-07-07,Standard,2888.68
2998,Charles Jackson,charles.jackson2998@example.com,United Arab Emirates,2018-03-06,Standard,2915.68
2999,Mark Taylor,mark.taylor2999@example.com,United Kingdom,2022-07-09,Standard,3073.63
3000,Fatima Torres,fatima.torres3000@example.com,Spain,2022-09-20,Standard,3113.19
3001,Andrew Harris,andrew.harris3001@example.com,Spain,2021-04-29,Basic,664.23
3002,Ananya Hill,ananya.hill3002@example.com,Italy,2025-07-31,Basic,542.62
3003,Sandra Garcia,sandra.garcia3003@example.com,France,2019-08-18,Basic,428.21
3004,Lisa Nguyen,lisa.nguyen3004@example.com,Mexico,2020-10-13,Standard,758.34
3005,Andrew Miller,andrew.miller3005@example.com,Netherlands,2023-08-12,Standard,3571.89
3006,Andrew Flores,andrew.flores3006@example.com,Singapore,2020-03-07,Basic,762.63
3007,Richard Miller,richard.miller3007@example.com,Netherlands,2020-07-02,Standard,1318.84
3008,Elizabeth Costa,elizabeth.costa3008@example.com,Australia,2024-04-28,Basic,447.88
3009,Patricia Clark,patricia.clark3009@example.com,United States,2024-04-04,Standard,1997.31
3010,Betty Patel,betty.patel3010@example.com,Netherlands,2022-09-07,Premium,14640.45
3011,Mary Kim,mary.kim3011@example.com,Italy,2020-06-03,Standard,1376.11
3012,Carlos Anderson,carlos.anderson3012@example.com,Germany,2021-08-27,Standard,2746.56
3013,Joshua White,joshua.white3013@example.com,United Arab Emirates,2023-11-01,Standard,726.39
3014,Emily Silva,emily.silva3014@example.com,Singapore,2021-03-12,Premium,12764.18
3015,Daniel Clark,daniel.clark3015@example.com,Canada,2019-08-07,Basic,721.80
3016,Andrew Flores,andrew.flores3016@example.com,United States,2024-02-28,Standard,3257.42
3017,Elizabeth Sanchez,elizabeth.sanchez3017@example.com,India,2024-02-09,Standard,2770.91
3018,Margaret Chen,margaret.chen3018@example.com,Netherlands,2024-03-05,Standard,1653.25
3019,Matthew Thompson,matthew.thompson3019@example.com,Canada,2020-06-06,Standard,256.75
3020,Donald Ramirez,donald.ramirez3020@example.com,Singapore,2025-09-09,Premium,13469.73
3021,Ingrid Gonzalez,ingrid.gonzalez3021@example.com,India,2024-05-29,Basic,269.48
3022,Hans Davis,hans.davis3022@example.com,Germany,2020-12-29,Standard,1714.95
3023,Elizabeth Thomas,elizabeth.thomas3023@example.com,Netherlands,2021-06-26,Standard,3429.10
3024,Sarah Patel,sarah.patel3024@example.com,Singapore,2018-05-01,Basic,666.02
3025,David Walker,david.walker3025@example.com,United States,2018-01-27,Basic,534.17
3026,Steven Ramirez,steven.ramirez3026@example.com,United Arab Emirates,2022-05-14,Standard,437.90
3027,Patricia Davis,patricia.davis3027@example.com,Netherlands,2022-05-05,Basic,403.12
3028,Robert Garcia,robert.garcia3028@example.com,Singapore,2024-11-11,Standard,1472.40
3029,Mary Brown,mary.brown3029@example.com,Australia,2023-12-02,Basic,44.79
3030,Ananya Moore,ananya.moore3030@example.com,Spain,2024-10-20,Premium,2951.12
3031,Sofia Lee,sofia.lee3031@example.com,Australia,2019-12-27,Premium,13217.68
3032,Kimberly Gonzalez,kimberly.gonzalez3032@example.com,Brazil,2025-03-14,Basic,328.91
3033,Elizabeth Brown,elizabeth.brown3033@example.com,Germany,2025-02-24,Basic,223.84
3034,Mary Young,mary.young3034@example.com,Mexico,2021-02-27,Standard,1684.80
3035,Patricia Ali,patricia.ali3035@example.com,United Arab Emirates,2019-07-27,Basic,580.82
3036,Hans Clark,hans.clark3036@example.com,Mexico,2019-07-16,Standard,1509.29
3037,Emily Garcia,emily.garcia3037@example.com,Brazil,2025-01-05,Basic,660.80
3038,Matthew Brown,matthew.brown3038@example.com,Mexico,2025-11-04,Basic,745.99
3039,Robert Costa,robert.costa3039@example.com,United States,2022-06-16,Basic,749.26
3040,Yuki Wright,yuki.wright3040@example.com,Germany,2020-03-23,Standard,970.13
3041,Joseph Garcia,joseph.garcia3041@example.com,United Arab Emirates,2021-07-10,Basic,286.30
3042,David Gonzalez,david.gonzalez3042@example.com,Australia,2019-03-22,Standard,1975.33
3043,Jennifer Robinson,jennifer.robinson3043@example.com,Singapore,2019-11-04,Premium,10814.43
3044,Jennifer Hill,jennifer.hill3044@example.com,Australia,2019-04-07,Standard,1031.71
3045,Margaret Thomas,margaret.thomas3045@example.com,Spain,2021-07-25,Basic,105.89
3046,Ashley Wright,ashley.wright3046@example.com,India,2022-03-21,Standard,660.80
3047,Susan Lewis,susan.lewis3047@example.com,Spain,2024-02-12,Premium,5857.47
3048,Thomas Nguyen,thomas.nguyen3048@example.com,United Kingdom,2024-06-28,Premium,6199.29
3049,Elizabeth Sanchez,elizabeth.sanchez3049@example.com,United States,2019-01-23,Standard,1838.41
3050,Charles Brown,charles.brown3050@example.com,Germany,2025-08-25,Standard,1150.48
3051,Michael Sanchez,michael.sanchez3051@example.com,Canada,2019-08-04,Standard,3639.16
3052,Sofia Young,sofia.young3052@example.com,United Kingdom,2020-02-04,Standard,485.68
3053,David Patel,david.patel3053@example.com,Brazil,2024-08-09,Premium,8971.17
3054,Barbara Miller,barbara.miller3054@example.com,France,2023-10-29,Standard,3736.23
3055,Anthony Hernandez,anthony.hernandez3055@example.com,India,2023-07-06,Standard,3180.70
3056,Yuki Hill,yuki.hill3056@example.com,Netherlands,2022-10-11,Standard,3493.02
3057,Joseph Wright,joseph.wright3057@example.com,Canada,2023-10-12,Standard,873.42
3058,Yuki Lee,yuki.lee3058@example.com,India,2020-07-26,Standard,2375.22
3059,Mark Mueller,mark.mueller3059@example.com,Netherlands,2025-11-18,Premium,9651.95
3060,Carlos Patel,carlos.patel3060@example.com,Spain,2019-05-03,Standard,1923.58
3061,Omar Brown,omar.brown3061@example.com,Brazil,2020-08-24,Standard,3621.19
3062,Kimberly Costa,kimberly.costa3062@example.com,Singapore,2018-03-05,Basic,292.07
3063,James Harris,james.harris3063@example.com,Canada,2025-05-22,Standard,3394.59
3064,Barbara Anderson,barbara.anderson3064@example.com,India,2025-07-23,Standard,805.03
3065,Betty Singh,betty.singh3065@example.com,India,2018-03-02,Basic,621.83
3066,Paul Lewis,paul.lewis3066@example.com,Spain,2020-12-21,Basic,323.95
3067,Elizabeth Rossi,elizabeth.rossi3067@example.com,Spain,2019-12-15,Premium,2945.79
3068,Andrew Rodriguez,andrew.rodriguez3068@example.com,Australia,2023-02-14,Standard,3068.86
3069,John Scott,john.scott3069@example.com,Netherlands,2025-08-24,Standard,1220.37
3070,Margaret Flores,margaret.flores3070@example.com,France,2024-02-18,Standard,3498.70
3071,David Rodriguez,david.rodriguez3071@example.com,United States,2021-09-17,Basic,638.71
3072,Joshua Khan,joshua.khan3072@example.com,Spain,2024-01-31,Basic,346.52
3073,Carlos Hill,carlos.hill3073@example.com,France,2023-09-10,Basic,775.25
3074,Ananya Rodriguez,ananya.rodriguez3074@example.com,Mexico,2021-10-15,Standard,3415.32
3075,Michelle Allen,michelle.allen3075@example.com,Canada,2025-04-05,Standard,519.25
3076,Daniel Lewis,daniel.lewis3076@example.com,Japan,2023-02-19,Standard,3857.23
3077,Hans Williams,hans.williams3077@example.com,Brazil,2019-01-11,Standard,1556.36
3078,Barbara Thomas,barbara.thomas3078@example.com,Australia,2023-01-08,Basic,312.40
3079,Richard Wright,richard.wright3079@example.com,Spain,2020-02-04,Basic,20.97
3080,Michelle Lewis,michelle.lewis3080@example.com,Netherlands,2018-11-16,Standard,3861.39
3081,Robert Rossi,robert.rossi3081@example.com,Brazil,2023-07-21,Standard,2519.64
3082,Ashley Harris,ashley.harris3082@example.com,Singapore,2024-12-29,Standard,2383.45
3083,Margaret Allen,margaret.allen3083@example.com,Singapore,2019-09-23,Standard,3380.77
3084,William Lee,william.lee3084@example.com,Germany,2023-07-17,Standard,3977.93
3085,John Kim,john.kim3085@example.com,Spain,2023-11-18,Standard,202.49
3086,Ananya Lopez,ananya.lopez3086@example.com,Netherlands,2020-08-30,Standard,1600.99
3087,Omar Moore,omar.moore3087@example.com,Spain,2022-01-16,Basic,604.45
3088,Matthew Harris,matthew.harris3088@example.com,India,2025-09-09,Basic,365.31
3089,John Johnson,john.johnson3089@example.com,United Kingdom,2021-02-19,Standard,3619.11
3090,Barbara Costa,barbara.costa3090@example.com,Singapore,2022-03-15,Basic,214.66
3091,Barbara King,barbara.king3091@example.com,Mexico,2022-06-03,Standard,945.21
3092,Daniel Flores,daniel.flores3092@example.com,Spain,2020-10-07,Standard,2609.01
3093,William Singh,william.singh3093@example.com,Mexico,2021-01-07,Standard,3200.23
3094,Joseph Gonzalez,joseph.gonzalez3094@example.com,United Arab Emirates,2024-06-03,Standard,3751.24
3095,Nancy Sanchez,nancy.sanchez3095@example.com,Canada,2025-09-04,Standard,2786.01
3096,Christopher Lopez,christopher.lopez3096@example.com,India,2023-06-03,Standard,876.01
3097,Nancy Harris,nancy.harris3097@example.com,Mexico,2019-12-05,Standard,1733.88
3098,Donna Anderson,donna.anderson3098@example.com,Germany,2021-11-07,Basic,423.79
3099,Yuki White,yuki.white3099@example.com,Singapore,2023-08-29,Premium,3380.74
3100,Fatima Sanchez,fatima.sanchez3100@example.com,United States,2025-03-30,Standard,2060.60
3101,Thomas Harris,thomas.harris3101@example.com,Japan,2021-08-21,Basic,12.51
3102,Christopher Silva,christopher.silva3102@example.com,Spain,2021-03-22,Standard,3334.48
3103,Joseph Smith,joseph.smith3103@example.com,Spain,2024-12-27,Standard,655.92
3104,Yuki Allen,yuki.allen3104@example.com,Canada,2019-04-09,Basic,731.10
3105,Joshua Walker,joshua.walker3105@example.com,Germany,2023-11-07,Standard,3365.49
3106,Nancy Nguyen,nancy.nguyen3106@example.com,Netherlands,2018-06-04,Standard,526.84
3107,Lisa Wilson,lisa.wilson3107@example.com,Canada,2021-08-25,Standard,1315.87
3108,Michael Lee,michael.lee3108@example.com,Germany,2019-03-16,Basic,173.28
3109,Barbara White,barbara.white3109@example.com,Germany,2022-09-15,Standard,2008.25
3110,Kimberly Miller,kimberly.miller3110@example.com,Australia,2023-01-07,Standard,3435.93
3111,John Johnson,john.johnson3111@example.com,France,2019-09-06,Basic,557.70
3112,Ananya Miller,ananya.miller3112@example.com,Netherlands,2018-12-23,Standard,333.73
3113,Daniel Lopez,daniel.lopez3113@example.com,Mexico,2023-12-08,Standard,3802.31
3114,Linda Khan,linda.khan3114@example.com,Brazil,2024-04-18,Standard,428.54
3115,Carlos Rodriguez,carlos.rodriguez3115@example.com,United States,2021-01-17,Basic,288.79
3116,Jessica Allen,jessica.allen3116@example.com,Singapore,2021-11-27,Standard,1728.34
3117,William Perez,william.perez3117@example.com,United Arab Emirates,2022-10-20,Standard,1781.12
3118,Christopher Costa,christopher.costa3118@example.com,Australia,2023-01-17,Standard,2247.88
3119,Sarah Martin,sarah.martin3119@example.com,United Kingdom,2023-07-12,Basic,564.88
3120,Steven Perez,steven.perez3120@example.com,United Arab Emirates,2025-07-04,Basic,223.69
3121,Aarav Perez,aarav.perez3121@example.com,Australia,2022-01-29,Basic,637.28
3122,Christopher Ali,christopher.ali3122@example.com,France,2019-12-30,Basic,401.62
3123,Karen Flores,karen.flores3123@example.com,Canada,2025-10-10,Basic,342.49
3124,Nancy Johnson,nancy.johnson3124@example.com,Singapore,2018-01-26,Premium,13472.37
3125,John Martinez,john.martinez3125@example.com,India,2025-03-03,Basic,183.66
3126,Ananya Anderson,ananya.anderson3126@example.com,Germany,2019-06-22,Premium,10354.46
3127,Linda Lee,linda.lee3127@example.com,Canada,2020-05-03,Basic,4.46
3128,Nancy Walker,nancy.walker3128@example.com,Germany,2025-02-07,Premium,10229.07
3129,Emily Mueller,emily.mueller3129@example.com,Canada,2021-03-08,Standard,1352.40
3130,Kimberly King,kimberly.king3130@example.com,Australia,2024-07-30,Standard,2555.86
3131,Fatima Young,fatima.young3131@example.com,Singapore,2025-09-28,Premium,14876.02
3132,Joseph Ramirez,joseph.ramirez3132@example.com,Spain,2022-12-12,Standard,2933.57
3133,Charles Kim,charles.kim3133@example.com,Italy,2018-01-27,Standard,693.00
3134,Steven Mueller,steven.mueller3134@example.com,United Arab Emirates,2022-02-19,Basic,230.33
3135,Robert King,robert.king3135@example.com,Singapore,2019-12-10,Standard,2888.75
3136,Michael Mueller,michael.mueller3136@example.com,Singapore,2018-09-15,Premium,3641.84
3137,Joshua Martinez,joshua.martinez3137@example.com,Spain,2018-01-30,Basic,501.53
3138,Michelle Garcia,michelle.garcia3138@example.com,Italy,2018-02-03,Premium,13511.27
3139,Kimberly Thomas,kimberly.thomas3139@example.com,Brazil,2019-10-18,Standard,975.04
3140,Emily Robinson,emily.robinson3140@example.com,Japan,2019-11-08,Standard,3114.35
3141,Betty King,betty.king3141@example.com,Spain,2023-02-11,Basic,141.55
3142,Barbara Thompson,barbara.thompson3142@example.com,India,2020-12-02,Standard,3037.94
3143,Lisa Scott,lisa.scott3143@example.com,Brazil,2019-07-10,Standard,1639.86
3144,Andrew Williams,andrew.williams3144@example.com,Mexico,2019-01-05,Standard,2141.53
3145,Ingrid Chen,ingrid.chen3145@example.com,Australia,2025-05-17,Basic,443.04
3146,Carlos Miller,carlos.miller3146@example.com,Japan,2020-01-15,Standard,2929.50
3147,Linda Kim,linda.kim3147@example.com,Canada,2023-02-16,Standard,2812.43
3148,Richard Lewis,richard.lewis3148@example.com,Italy,2020-06-08,Basic,740.64
3149,Ananya Nguyen,ananya.nguyen3149@example.com,Singapore,2018-04-30,Basic,260.66
3150,Barbara Martinez,barbara.martinez3150@example.com,Mexico,2024-11-23,Standard,1013.57
3151,Anthony Hernandez,anthony.hernandez3151@example.com,Italy,2022-10-16,Basic,639.52
3152,Wei Nguyen,wei.nguyen3152@example.com,France,2020-08-25,Premium,9190.77
3153,Elizabeth Thomas,elizabeth.thomas3153@example.com,India,2025-04-29,Basic,290.95
3154,Jessica Torres,jessica.torres3154@example.com,Japan,2020-04-12,Basic,256.16
3155,Karen Moore,karen.moore3155@example.com,Brazil,2025-03-25,Standard,1959.50
3156,Sofia Young,sofia.young3156@example.com,Netherlands,2022-05-30,Standard,1301.40
3157,Mary Torres,mary.torres3157@example.com,Singapore,2020-11-05,Standard,2394.91
3158,Ingrid Young,ingrid.young3158@example.com,Italy,2019-04-23,Standard,885.75
3159,Mark Hill,mark.hill3159@example.com,Singapore,2024-07-12,Basic,351.04
3160,Barbara Torres,barbara.torres3160@example.com,Canada,2019-10-26,Standard,410.66
3161,Jessica Chen,jessica.chen3161@example.com,Brazil,2023-11-29,Basic,728.53
3162,Carlos Davis,carlos.davis3162@example.com,Italy,2021-08-31,Standard,725.45
3163,Emily King,emily.king3163@example.com,United Kingdom,2018-04-26,Standard,3286.82
3164,Hans Miller,hans.miller3164@example.com,India,2022-06-15,Premium,11479.64
3165,Carlos Brown,carlos.brown3165@example.com,United Kingdom,2018-06-04,Standard,3556.81
3166,Thomas Silva,thomas.silva3166@example.com,Mexico,2025-09-10,Standard,3562.34
3167,Kimberly Allen,kimberly.allen3167@example.com,Mexico,2022-12-01,Standard,1527.39
3168,Susan Khan,susan.khan3168@example.com,Italy,2022-03-05,Basic,533.88
3169,Daniel Lopez,daniel.lopez3169@example.com,Japan,2022-06-04,Standard,3712.35
3170,Hans Costa,hans.costa3170@example.com,United States,2021-02-13,Premium,14713.87
3171,Jessica Harris,jessica.harris3171@example.com,Singapore,2024-06-03,Standard,3449.71
3172,Andrew Lee,andrew.lee3172@example.com,Canada,2021-11-21,Premium,12857.39
3173,David Wilson,david.wilson3173@example.com,Mexico,2019-01-19,Basic,18.27
3174,Elizabeth Kim,elizabeth.kim3174@example.com,Netherlands,2024-07-31,Standard,3047.26
3175,Wei Johnson,wei.johnson3175@example.com,Germany,2023-05-12,Premium,5603.39
3176,Sofia Allen,sofia.allen3176@example.com,Mexico,2020-03-15,Standard,3664.29
3177,Andrew Clark,andrew.clark3177@example.com,Canada,2020-05-11,Basic,549.42
3178,Ashley Garcia,ashley.garcia3178@example.com,Canada,2019-08-18,Standard,1711.71
3179,Aarav Martinez,aarav.martinez3179@example.com,Canada,2020-04-28,Basic,125.92
3180,Yuki Khan,yuki.khan3180@example.com,Australia,2023-03-27,Basic,602.13
3181,William Brown,william.brown3181@example.com,Netherlands,2025-07-21,Premium,3160.08
3182,Linda Harris,linda.harris3182@example.com,United Kingdom,2020-01-11,Standard,359.03
3183,Michelle Rossi,michelle.rossi3183@example.com,United Kingdom,2021-11-05,Premium,10602.33
3184,Kimberly Silva,kimberly.silva3184@example.com,Germany,2020-03-21,Standard,3716.84
3185,Sofia Rossi,sofia.rossi3185@example.com,France,2024-05-31,Standard,931.29
3186,Matthew Perez,matthew.perez3186@example.com,United States,2025-05-28,Standard,879.58
3187,Ananya Chen,ananya.chen3187@example.com,Netherlands,2023-11-04,Basic,82.90
3188,Hans Jackson,hans.jackson3188@example.com,Canada,2021-03-11,Standard,286.30
3189,Emily Singh,emily.singh3189@example.com,Japan,2019-07-30,Standard,3703.33
3190,James Torres,james.torres3190@example.com,United Kingdom,2019-09-07,Standard,2466.03
3191,Matthew Rodriguez,matthew.rodriguez3191@example.com,Singapore,2024-08-19,Premium,4517.50
3192,Lisa Thompson,lisa.thompson3192@example.com,Singapore,2018-09-28,Basic,648.37
3193,Sofia Kim,sofia.kim3193@example.com,United Arab Emirates,2020-05-29,Premium,11303.75
3194,Andrew Hill,andrew.hill3194@example.com,Netherlands,2025-10-15,Standard,2417.14
3195,Mary Costa,mary.costa3195@example.com,Brazil,2019-05-01,Premium,3844.43
3196,Richard Ramirez,richard.ramirez3196@example.com,Japan,2021-08-30,Basic,431.71
3197,Matthew Martin,matthew.martin3197@example.com,United Kingdom,2020-05-18,Basic,677.07
3198,Thomas Jones,thomas.jones3198@example.com,Netherlands,2019-10-02,Basic,20.52
3199,Donald Brown,donald.brown3199@example.com,India,2024-11-20,Standard,815.42
3200,Joseph Scott,joseph.scott3200@example.com,United States,2019-11-13,Standard,2476.45
3201,Patricia Lewis,patricia.lewis3201@example.com,Canada,2022-11-02,Basic,340.96
3202,Donna Johnson,donna.johnson3202@example.com,United Kingdom,2019-06-03,Standard,3468.04
3203,Kimberly Kim,kimberly.kim3203@example.com,Canada,2021-11-03,Basic,255.55
3204,David Singh,david.singh3204@example.com,United States,2020-06-27,Standard,2864.56
3205,Charles Williams,charles.williams3205@example.com,Canada,2018-03-11,Standard,2541.32
3206,Betty Young,betty.young3206@example.com,Netherlands,2025-03-05,Standard,1915.60
3207,Margaret Martin,margaret.martin3207@example.com,India,2022-12-19,Standard,2442.47
3208,Ingrid Thompson,ingrid.thompson3208@example.com,Australia,2019-12-08,Standard,3793.93
3209,Thomas Walker,thomas.walker3209@example.com,United Kingdom,2020-10-25,Basic,369.40
3210,James Davis,james.davis3210@example.com,United States,2019-05-01,Premium,12364.37
3211,Steven Davis,steven.davis3211@example.com,United States,2022-08-17,Premium,9199.96
3212,Michael Lewis,michael.lewis3212@example.com,Netherlands,2019-01-04,Standard,2058.14
3213,Margaret King,margaret.king3213@example.com,United States,2023-10-19,Premium,3266.57
3214,Carlos Chen,carlos.chen3214@example.com,Canada,2019-08-30,Standard,2452.44
3215,Carlos Miller,carlos.miller3215@example.com,Italy,2018-09-07,Basic,370.76
3216,Richard Allen,richard.allen3216@example.com,Brazil,2019-02-21,Premium,5204.54
3217,Sandra Ali,sandra.ali3217@example.com,Canada,2018-07-15,Standard,3289.39
3218,Charles White,charles.white3218@example.com,France,2023-07-09,Basic,240.19
3219,Betty Lopez,betty.lopez3219@example.com,Germany,2018-04-12,Premium,2226.58
3220,Margaret Lopez,margaret.lopez3220@example.com,Singapore,2023-12-04,Standard,2770.19
3221,Mark Ramirez,mark.ramirez3221@example.com,Mexico,2020-11-05,Basic,396.94
3222,Susan Davis,susan.davis3222@example.com,India,2020-03-25,Standard,3999.08
3223,Ingrid Gonzalez,ingrid.gonzalez3223@example.com,United Kingdom,2022-12-06,Standard,3703.48
3224,Margaret Sanchez,margaret.sanchez3224@example.com,United Kingdom,2018-11-20,Standard,1542.29
3225,Robert King,robert.king3225@example.com,United Kingdom,2025-11-05,Standard,3444.25
3226,Mary Williams,mary.williams3226@example.com,France,2022-07-09,Premium,7392.45
3227,Michael Martin,michael.martin3227@example.com,Spain,2024-08-10,Basic,19.95
3228,Robert Davis,robert.davis3228@example.com,Mexico,2023-06-13,Premium,10664.97
3229,Linda Taylor,linda.taylor3229@example.com,Italy,2025-05-07,Premium,5415.02
3230,Jessica Wright,jessica.wright3230@example.com,Japan,2018-10-06,Basic,656.44
3231,Andrew Silva,andrew.silva3231@example.com,Italy,2025-01-28,Standard,2846.46
3232,Andrew Smith,andrew.smith3232@example.com,Spain,2025-12-08,Standard,449.96
3233,Barbara Williams,barbara.williams3233@example.com,Mexico,2023-08-18,Standard,344.01
3234,Donna Martin,donna.martin3234@example.com,Mexico,2023-07-29,Standard,3731.19
3235,Betty Hill,betty.hill3235@example.com,Brazil,2025-03-01,Standard,1049.99
3236,Robert Gonzalez,robert.gonzalez3236@example.com,Brazil,2025-09-07,Standard,657.06
3237,Anthony Harris,anthony.harris3237@example.com,Italy,2021-04-13,Standard,587.81
3238,Matthew Miller,matthew.miller3238@example.com,Brazil,2021-03-20,Premium,14383.10
3239,Ashley Walker,ashley.walker3239@example.com,Germany,2020-08-13,Standard,3357.48
3240,Hans Lee,hans.lee3240@example.com,Germany,2025-09-22,Standard,3874.76
3241,Wei Nguyen,wei.nguyen3241@example.com,Mexico,2024-05-17,Standard,3665.48
3242,Michelle Lewis,michelle.lewis3242@example.com,Canada,2025-12-24,Basic,658.04
3243,Thomas Hernandez,thomas.hernandez3243@example.com,Singapore,2025-05-28,Basic,111.65
3244,Susan Robinson,susan.robinson3244@example.com,Brazil,2024-01-24,Premium,12975.26
3245,Michael Garcia,michael.garcia3245@example.com,Singapore,2019-10-11,Standard,2710.87
3246,Wei Johnson,wei.johnson3246@example.com,Spain,2025-01-15,Standard,1186.07
3247,Paul Garcia,paul.garcia3247@example.com,Spain,2025-11-14,Standard,3053.52
3248,Andrew Allen,andrew.allen3248@example.com,United Arab Emirates,2024-07-22,Standard,1904.61
3249,Elizabeth Davis,elizabeth.davis3249@example.com,Brazil,2018-04-02,Premium,11502.44
3250,Paul Allen,paul.allen3250@example.com,France,2025-06-02,Standard,2131.23
3251,Robert Wright,robert.wright3251@example.com,United Arab Emirates,2020-12-01,Basic,243.29
3252,William Hernandez,william.hernandez3252@example.com,Brazil,2021-12-29,Basic,417.56
3253,Sofia Anderson,sofia.anderson3253@example.com,Brazil,2023-09-08,Standard,1620.44
3254,James Wright,james.wright3254@example.com,Netherlands,2018-04-16,Standard,1186.10
3255,John Clark,john.clark3255@example.com,Brazil,2025-06-23,Standard,556.05
3256,Barbara Gonzalez,barbara.gonzalez3256@example.com,Canada,2021-05-11,Standard,2463.59
3257,Jennifer Silva,jennifer.silva3257@example.com,Canada,2019-10-09,Standard,2141.41
3258,Ashley Singh,ashley.singh3258@example.com,France,2019-11-09,Basic,479.92
3259,Margaret Scott,margaret.scott3259@example.com,United Kingdom,2023-03-13,Basic,580.96
3260,Betty Nguyen,betty.nguyen3260@example.com,Spain,2023-05-09,Basic,531.67
3261,Patricia Moore,patricia.moore3261@example.com,India,2020-07-28,Premium,11273.97
3262,Thomas Garcia,thomas.garcia3262@example.com,Australia,2019-04-06,Basic,283.69
3263,John Young,john.young3263@example.com,Spain,2020-10-13,Basic,141.62
3264,Charles Singh,charles.singh3264@example.com,Italy,2024-03-15,Basic,446.55
3265,Nancy Rossi,nancy.rossi3265@example.com,Canada,2023-03-01,Standard,2407.93
3266,Wei Chen,wei.chen3266@example.com,United Kingdom,2021-04-14,Standard,2631.99
3267,Joshua Clark,joshua.clark3267@example.com,France,2024-11-02,Basic,301.05
3268,Paul Thomas,paul.thomas3268@example.com,United Arab Emirates,2024-11-10,Basic,343.45
3269,Sarah Lewis,sarah.lewis3269@example.com,United Kingdom,2018-09-23,Standard,1887.00
3270,Elizabeth Scott,elizabeth.scott3270@example.com,Australia,2019-08-07,Standard,807.27
3271,Daniel Nguyen,daniel.nguyen3271@example.com,Singapore,2025-01-25,Basic,325.30
3272,Paul Wright,paul.wright3272@example.com,Japan,2024-06-08,Premium,14482.00
3273,Ingrid Anderson,ingrid.anderson3273@example.com,Australia,2023-12-22,Standard,2847.41
3274,Joseph Flores,joseph.flores3274@example.com,Australia,2019-07-18,Premium,14805.16
3275,Betty Walker,betty.walker3275@example.com,Netherlands,2023-11-30,Standard,1891.66
3276,Andrew Jones,andrew.jones3276@example.com,Mexico,2018-09-17,Standard,538.89
3277,Robert Wilson,robert.wilson3277@example.com,Canada,2024-07-30,Basic,716.85
3278,Carlos Thomas,carlos.thomas3278@example.com,Netherlands,2024-09-22,Standard,2632.37
3279,David Wilson,david.wilson3279@example.com,Canada,2020-08-10,Basic,170.68
3280,Carlos Clark,carlos.clark3280@example.com,India,2020-02-04,Basic,784.81
3281,John Taylor,john.taylor3281@example.com,Japan,2019-01-22,Standard,1722.31
3282,Ingrid Khan,ingrid.khan3282@example.com,United Kingdom,2022-01-15,Premium,13783.58
3283,Sarah Silva,sarah.silva3283@example.com,United Kingdom,2020-12-09,Standard,673.36
3284,Michael Ramirez,michael.ramirez3284@example.com,United States,2020-03-02,Standard,2848.66
3285,Sarah Johnson,sarah.johnson3285@example.com,Australia,2022-07-05,Basic,676.10
3286,Donald Silva,donald.silva3286@example.com,United Arab Emirates,2018-09-25,Basic,617.92
3287,William Khan,william.khan3287@example.com,Japan,2024-06-05,Standard,3061.43
3288,Aarav Williams,aarav.williams3288@example.com,United Arab Emirates,2018-01-12,Standard,3491.94
3289,Sandra Scott,sandra.scott3289@example.com,France,2018-11-23,Premium,7757.06
3290,Anthony King,anthony.king3290@example.com,Canada,2020-07-16,Basic,671.79
3291,Michelle Lopez,michelle.lopez3291@example.com,Spain,2022-03-23,Basic,757.75
3292,Paul Ramirez,paul.ramirez3292@example.com,Japan,2024-12-03,Standard,3258.11
3293,Jessica Khan,jessica.khan3293@example.com,Australia,2025-10-23,Basic,494.84
3294,Mark Martin,mark.martin3294@example.com,Australia,2024-05-12,Basic,249.88
3295,Jennifer Lee,jennifer.lee3295@example.com,France,2021-07-08,Standard,3253.60
3296,Patricia Davis,patricia.davis3296@example.com,United Kingdom,2024-09-19,Premium,10833.80
3297,Patricia Singh,patricia.singh3297@example.com,India,2020-10-06,Basic,557.59
3298,Matthew Khan,matthew.khan3298@example.com,Canada,2018-10-16,Premium,8168.25
3299,Margaret Singh,margaret.singh3299@example.com,Germany,2024-09-07,Basic,430.25
3300,Ingrid Scott,ingrid.scott3300@example.com,Germany,2022-09-22,Basic,251.51
3301,Anthony Ali,anthony.ali3301@example.com,Canada,2023-10-10,Standard,2401.22
3302,Christopher White,christopher.white3302@example.com,Australia,2023-06-12,Standard,229.18
3303,Mary Hill,mary.hill3303@example.com,Mexico,2021-05-18,Standard,3266.58
3304,Karen King,karen.king3304@example.com,France,2020-01-03,Basic,37.57
3305,Matthew Harris,matthew.harris3305@example.com,France,2024-03-30,Standard,2530.88
3306,Margaret Young,margaret.young3306@example.com,India,2022-11-21,Standard,1196.10
3307,James Martin,james.martin3307@example.com,Singapore,2022-01-31,Standard,2062.11
3308,Mark Perez,mark.perez3308@example.com,United States,2024-05-28,Standard,1912.36
3309,Karen Costa,karen.costa3309@example.com,Germany,2020-02-27,Standard,3168.79
3310,Joshua Johnson,joshua.johnson3310@example.com,Germany,2022-02-22,Standard,1180.74
3311,Betty Harris,betty.harris3311@example.com,Singapore,2025-02-07,Basic,147.46
3312,Anthony Perez,anthony.perez3312@example.com,United States,2019-03-21,Basic,317.19
3313,Nancy Hill,nancy.hill3313@example.com,Germany,2018-08-08,Standard,234.79
3314,Yuki Ramirez,yuki.ramirez3314@example.com,United Kingdom,2019-05-01,Standard,864.65
3315,Charles Lopez,charles.lopez3315@example.com,Netherlands,2023-01-26,Basic,342.55
3316,Donald Khan,donald.khan3316@example.com,France,2022-07-02,Standard,710.48
3317,Christopher Flores,christopher.flores3317@example.com,United States,2019-03-01,Premium,3027.85
3318,Sarah Ali,sarah.ali3318@example.com,Canada,2022-03-06,Basic,728.58
3319,Steven Taylor,steven.taylor3319@example.com,Japan,2025-03-04,Standard,1675.33
3320,Patricia Smith,patricia.smith3320@example.com,Japan,2018-03-03,Basic,86.68
3321,Donna King,donna.king3321@example.com,Brazil,2025-12-22,Basic,395.63
3322,Emily Rodriguez,emily.rodriguez3322@example.com,Canada,2019-12-10,Standard,2395.79
3323,Daniel Lewis,daniel.lewis3323@example.com,United Arab Emirates,2018-02-25,Basic,744.79
3324,Sarah Lewis,sarah.lewis3324@example.com,Italy,2022-08-01,Premium,12302.87
3325,David Patel,david.patel3325@example.com,Canada,2019-08-27,Basic,584.36
3326,David Brown,david.brown3326@example.com,France,2020-07-26,Standard,2994.58
3327,Donald Perez,donald.perez3327@example.com,India,2025-10-23,Standard,2437.22
3328,Matthew Silva,matthew.silva3328@example.com,Brazil,2024-03-19,Standard,1531.35
3329,Aarav Hernandez,aarav.hernandez3329@example.com,France,2023-10-07,Standard,864.35
3330,William Davis,william.davis3330@example.com,Italy,2020-08-10,Standard,2113.16
3331,Thomas White,thomas.white3331@example.com,France,2018-07-13,Basic,25.15
3332,Margaret Taylor,margaret.taylor3332@example.com,India,2021-03-14,Standard,2678.39
3333,Nancy Mueller,nancy.mueller3333@example.com,Germany,2018-11-11,Premium,3448.25
3334,Richard Martinez,richard.martinez3334@example.com,Brazil,2021-03-15,Basic,615.80
3335,Michelle Silva,michelle.silva3335@example.com,Brazil,2025-08-26,Basic,752.07
3336,Carlos Garcia,carlos.garcia3336@example.com,United Arab Emirates,2022-06-19,Standard,3103.80
3337,Jessica Chen,jessica.chen3337@example.com,Spain,2025-08-11,Standard,3020.59
3338,Ashley Hernandez,ashley.hernandez3338@example.com,Singapore,2024-03-23,Premium,9005.65
3339,Yuki Hernandez,yuki.hernandez3339@example.com,United Arab Emirates,2023-04-29,Basic,282.90
3340,James Kim,james.kim3340@example.com,Netherlands,2018-10-03,Standard,2505.61
3341,Matthew Thomas,matthew.thomas3341@example.com,France,2021-09-09,Basic,571.81
3342,Richard Williams,richard.williams3342@example.com,Netherlands,2020-07-29,Standard,1435.00
3343,Paul Allen,paul.allen3343@example.com,France,2024-12-31,Basic,715.04
3344,Nancy Anderson,nancy.anderson3344@example.com,United States,2018-05-27,Basic,686.27
3345,Omar Patel,omar.patel3345@example.com,Japan,2018-10-11,Basic,572.12
3346,Betty Lewis,betty.lewis3346@example.com,France,2023-10-08,Standard,3639.01
3347,Margaret Thompson,margaret.thompson3347@example.com,France,2020-11-06,Basic,203.51
3348,Wei White,wei.white3348@example.com,Australia,2018-08-08,Standard,3338.24
3349,Susan Wright,susan.wright3349@example.com,Italy,2018-09-28,Basic,380.09
3350,Michelle Wilson,michelle.wilson3350@example.com,Netherlands,2024-03-12,Standard,607.18
3351,Ananya Singh,ananya.singh3351@example.com,United Arab Emirates,2025-07-05,Standard,1417.89
3352,Ananya Hill,ananya.hill3352@example.com,Japan,2023-02-13,Premium,14484.48
3353,Steven Chen,steven.chen3353@example.com,Japan,2022-05-01,Standard,3254.84
3354,Andrew Nguyen,andrew.nguyen3354@example.com,Mexico,2023-12-02,Standard,2155.07
3355,Elizabeth Silva,elizabeth.silva3355@example.com,United States,2021-06-07,Standard,3974.19
3356,Christopher Walker,christopher.walker3356@example.com,United Kingdom,2023-05-18,Standard,597.69
3357,Mark Singh,mark.singh3357@example.com,Australia,2020-08-10,Premium,2473.58
3358,Jennifer Rossi,jennifer.rossi3358@example.com,Japan,2022-04-11,Basic,568.38
3359,Barbara Moore,barbara.moore3359@example.com,Germany,2024-03-30,Premium,10433.07
3360,Donna Lewis,donna.lewis3360@example.com,Germany,2020-09-02,Standard,2358.45
3361,Michael Martinez,michael.martinez3361@example.com,Spain,2025-05-25,Basic,439.76
3362,Mary Sanchez,mary.sanchez3362@example.com,United Kingdom,2024-05-09,Basic,168.07
3363,Barbara King,barbara.king3363@example.com,United Arab Emirates,2018-07-22,Basic,569.35
3364,Emily Wilson,emily.wilson3364@example.com,Canada,2018-07-03,Standard,3301.61
3365,James Lopez,james.lopez3365@example.com,United Arab Emirates,2018-01-09,Standard,261.85
3366,Omar King,omar.king3366@example.com,Australia,2022-04-04,Standard,635.53
3367,Mary Allen,mary.allen3367@example.com,Mexico,2025-07-13,Basic,694.27
3368,Yuki Walker,yuki.walker3368@example.com,Canada,2018-02-15,Basic,438.19
3369,Charles Gonzalez,charles.gonzalez3369@example.com,Netherlands,2019-01-16,Standard,1297.30
3370,Carlos Thomas,carlos.thomas3370@example.com,France,2021-07-31,Basic,519.90
3371,Ananya Garcia,ananya.garcia3371@example.com,Netherlands,2018-07-14,Standard,3187.44
3372,Sarah Clark,sarah.clark3372@example.com,Netherlands,2024-03-04,Basic,513.21
3373,Richard Lee,richard.lee3373@example.com,Singapore,2024-08-08,Standard,1402.29
3374,Yuki Miller,yuki.miller3374@example.com,Germany,2018-03-11,Premium,7941.57
3375,Hans Sanchez,hans.sanchez3375@example.com,United States,2022-02-24,Basic,653.90
3376,Sarah Perez,sarah.perez3376@example.com,Mexico,2022-04-03,Basic,350.03
3377,Robert Perez,robert.perez3377@example.com,Italy,2018-07-08,Premium,7666.85
3378,Wei Harris,wei.harris3378@example.com,Canada,2018-10-30,Standard,249.56
3379,Ananya Sanchez,ananya.sanchez3379@example.com,France,2018-12-21,Basic,567.17
3380,Fatima Anderson,fatima.anderson3380@example.com,United States,2023-01-05,Basic,433.32
3381,Michael Sanchez,michael.sanchez3381@example.com,United Arab Emirates,2024-08-19,Standard,1221.69
3382,Michelle Walker,michelle.walker3382@example.com,Mexico,2018-03-03,Premium,6774.70
3383,Emily Silva,emily.silva3383@example.com,Australia,2024-02-24,Standard,968.75
3384,Emily Martinez,emily.martinez3384@example.com,Italy,2024-05-13,Standard,2345.49
3385,Betty Hernandez,betty.hernandez3385@example.com,Brazil,2018-03-05,Standard,2206.23
3386,Paul Ramirez,paul.ramirez3386@example.com,Japan,2025-02-15,Standard,2349.86
3387,Donald King,donald.king3387@example.com,Spain,2025-03-09,Basic,388.24
3388,Michelle Jones,michelle.jones3388@example.com,India,2024-08-19,Standard,1829.27
3389,Lisa Robinson,lisa.robinson3389@example.com,Mexico,2023-02-05,Basic,717.43
3390,Mary Khan,mary.khan3390@example.com,United Kingdom,2018-04-02,Standard,3784.42
3391,William Ramirez,william.ramirez3391@example.com,Netherlands,2022-01-08,Basic,363.64
3392,Aarav King,aarav.king3392@example.com,Singapore,2020-02-05,Standard,1644.53
3393,Karen Garcia,karen.garcia3393@example.com,United States,2024-05-30,Standard,1600.47
3394,William Jones,william.jones3394@example.com,India,2021-10-06,Basic,408.40
3395,Linda Robinson,linda.robinson3395@example.com,France,2025-12-02,Standard,542.81
3396,Sofia Rodriguez,sofia.rodriguez3396@example.com,Australia,2024-10-02,Standard,902.54
3397,Robert Miller,robert.miller3397@example.com,Netherlands,2025-03-26,Standard,2295.42
3398,Sarah Garcia,sarah.garcia3398@example.com,Mexico,2022-07-08,Standard,3771.87
3399,Margaret Moore,margaret.moore3399@example.com,United Kingdom,2024-10-06,Standard,3783.50
3400,Nancy Allen,nancy.allen3400@example.com,Brazil,2018-08-07,Standard,3282.42
3401,Thomas Rossi,thomas.rossi3401@example.com,France,2019-06-25,Basic,84.19
3402,Emily Thompson,emily.thompson3402@example.com,India,2023-06-15,Standard,3367.07
3403,John Lee,john.lee3403@example.com,Japan,2019-06-02,Standard,210.97
3404,Andrew Martinez,andrew.martinez3404@example.com,Singapore,2022-02-12,Premium,8460.28
3405,James Ali,james.ali3405@example.com,Italy,2018-07-23,Standard,440.80
3406,Betty Anderson,betty.anderson3406@example.com,United Arab Emirates,2021-11-02,Basic,328.01
3407,Patricia Robinson,patricia.robinson3407@example.com,Singapore,2019-07-12,Standard,1258.10
3408,Donald Lopez,donald.lopez3408@example.com,United Arab Emirates,2024-04-12,Standard,2521.90
3409,Carlos Moore,carlos.moore3409@example.com,Canada,2023-06-12,Premium,8762.22
3410,Kimberly Lopez,kimberly.lopez3410@example.com,France,2023-01-28,Standard,1113.41
3411,William Clark,william.clark3411@example.com,United Arab Emirates,2024-01-31,Premium,14014.55
3412,Ingrid White,ingrid.white3412@example.com,Canada,2018-08-30,Premium,12221.92
3413,Emily Kim,emily.kim3413@example.com,United States,2019-01-10,Standard,641.44
3414,Lisa Smith,lisa.smith3414@example.com,Singapore,2023-03-15,Standard,3566.45
3415,Michael Chen,michael.chen3415@example.com,United Kingdom,2022-10-17,Premium,3051.32
3416,John Mueller,john.mueller3416@example.com,Singapore,2022-12-10,Standard,402.31
3417,Andrew Rodriguez,andrew.rodriguez3417@example.com,United States,2023-03-09,Standard,469.34
3418,Margaret Nguyen,,United States,2018-01-19,Standard,3836.53
3419,Thomas Khan,thomas.khan3419@example.com,Spain,2018-12-21,Basic,701.81
3420,Andrew Martin,andrew.martin3420@example.com,India,2025-11-03,Standard,1313.54
3421,Ananya Martinez,ananya.martinez3421@example.com,Japan,2023-04-03,Basic,330.56
3422,Emily Torres,emily.torres3422@example.com,Singapore,2022-08-16,Standard,1509.53
3423,Joshua Taylor,joshua.taylor3423@example.com,Brazil,2019-04-19,Standard,1770.99
3424,Carlos Garcia,carlos.garcia3424@example.com,Netherlands,2023-10-10,Basic,740.56
3425,Donald Gonzalez,donald.gonzalez3425@example.com,Netherlands,2024-01-15,Basic,66.11
3426,Ingrid Rossi,ingrid.rossi3426@example.com,United States,2020-11-22,Basic,265.83
3427,Elizabeth Thompson,elizabeth.thompson3427@example.com,Spain,2024-11-06,Basic,322.63
3428,Yuki Lopez,yuki.lopez3428@example.com,United Arab Emirates,2021-04-30,Premium,4773.36
3429,Carlos White,carlos.white3429@example.com,Japan,2020-09-18,Standard,1482.10
3430,Elizabeth Clark,elizabeth.clark3430@example.com,Australia,2021-01-23,Standard,3920.25
3431,Margaret Williams,margaret.williams3431@example.com,Brazil,2020-03-04,Basic,470.63
3432,Joseph Ali,joseph.ali3432@example.com,United Arab Emirates,2021-05-12,Basic,744.76
3433,Steven Gonzalez,steven.gonzalez3433@example.com,United Kingdom,2021-07-26,Standard,3240.77
3434,Matthew Patel,matthew.patel3434@example.com,France,2022-07-21,Basic,732.00
3435,Paul Brown,,United States,2022-12-30,Standard,3301.96
3436,Sarah Ali,sarah.ali3436@example.com,India,2023-01-14,Premium,10058.37
3437,Daniel Garcia,daniel.garcia3437@example.com,Australia,2019-10-16,Standard,982.76
3438,Barbara Rossi,barbara.rossi3438@example.com,Mexico,2018-05-20,Basic,432.67
3439,Nancy Costa,nancy.costa3439@example.com,United States,2023-07-14,Standard,2589.99
3440,Karen Rossi,karen.rossi3440@example.com,Mexico,2019-02-21,Premium,13563.28
3441,Michael Garcia,,Brazil,2023-09-10,Basic,753.12
3442,Michael Hill,michael.hill3442@example.com,United States,2019-08-06,Basic,262.83
3443,Charles Ali,charles.ali3443@example.com,Spain,2022-05-13,Basic,43.19
3444,Omar Lopez,omar.lopez3444@example.com,United States,2022-07-22,Standard,2924.93
3445,Lisa Anderson,lisa.anderson3445@example.com,United Arab Emirates,2021-01-02,Standard,2854.80
3446,Jennifer Singh,jennifer.singh3446@example.com,United States,2018-12-05,Standard,2734.07
3447,Barbara Lewis,barbara.lewis3447@example.com,Netherlands,2024-05-06,Basic,285.88
3448,Patricia Smith,patricia.smith3448@example.com,Australia,2025-11-05,Standard,3692.10
3449,Jennifer Lee,jennifer.lee3449@example.com,Germany,2020-01-20,Premium,13784.57
3450,Daniel Kim,daniel.kim3450@example.com,Mexico,2020-11-29,Standard,1872.59
3451,Michelle Perez,michelle.perez3451@example.com,France,2018-06-29,Premium,14426.20
3452,Ashley Miller,ashley.miller3452@example.com,Italy,2020-02-23,Basic,675.62
3453,Sandra Hill,sandra.hill3453@example.com,United Arab Emirates,2021-12-20,Standard,2891.53
3454,Donna Singh,donna.singh3454@example.com,United States,2020-08-02,Standard,2732.42
3455,Robert Brown,robert.brown3455@example.com,Australia,2021-03-25,Premium,14446.10
3456,Michelle Wilson,michelle.wilson3456@example.com,Netherlands,2018-02-19,Basic,162.61
3457,Donna Davis,donna.davis3457@example.com,India,2019-06-01,Premium,14189.94
3458,Susan Ramirez,susan.ramirez3458@example.com,Mexico,2025-11-01,Premium,14639.95
3459,Charles Jones,charles.jones3459@example.com,France,2025-01-11,Premium,9974.60
3460,Michael Anderson,michael.anderson3460@example.com,India,2024-11-25,Basic,493.28
3461,Barbara Wright,barbara.wright3461@example.com,Netherlands,2020-09-24,Standard,3655.35
3462,Yuki Torres,yuki.torres3462@example.com,United States,2022-01-20,Standard,1674.10
3463,John Brown,john.brown3463@example.com,Brazil,2024-05-21,Standard,3774.17
3464,James Kim,james.kim3464@example.com,Mexico,2022-10-22,Premium,14257.76
3465,Emily Brown,emily.brown3465@example.com,Australia,2022-12-05,Premium,8207.51
3466,John Costa,john.costa3466@example.com,Germany,2023-05-16,Standard,2103.62
3467,Omar Singh,omar.singh3467@example.com,United Arab Emirates,2020-06-11,Premium,10608.76
3468,Andrew Jackson,andrew.jackson3468@example.com,Italy,2022-03-16,Standard,3475.17
3469,Mary Smith,mary.smith3469@example.com,Brazil,2022-03-25,Standard,3083.30
3470,David Perez,david.perez3470@example.com,Germany,2019-10-21,Standard,2604.96
3471,James Jones,james.jones3471@example.com,Australia,2021-07-06,Standard,1169.39
3472,Betty Lopez,betty.lopez3472@example.com,Brazil,2024-01-10,Standard,1168.13
3473,Donna Brown,donna.brown3473@example.com,Spain,2024-06-03,Standard,2869.33
3474,Elizabeth Anderson,elizabeth.anderson3474@example.com,France,2021-09-17,Basic,684.81
3475,Robert Smith,robert.smith3475@example.com,United States,2024-05-29,Basic,31.87
3476,Anthony Singh,anthony.singh3476@example.com,Germany,2018-01-24,Premium,10283.69
3477,Paul Scott,paul.scott3477@example.com,Japan,2020-11-03,Basic,194.38
3478,Elizabeth Davis,elizabeth.davis3478@example.com,Australia,2022-12-24,Premium,4859.27
3479,William Flores,william.flores3479@example.com,France,2025-08-10,Basic,267.61
3480,Sandra Perez,sandra.perez3480@example.com,Mexico,2024-03-29,Basic,631.96
3481,Paul Lewis,paul.lewis3481@example.com,Mexico,2020-02-02,Standard,533.36
3482,Donna Mueller,donna.mueller3482@example.com,Australia,2021-06-30,Standard,836.45
3483,John Anderson,john.anderson3483@example.com,Germany,2022-09-13,Basic,536.83
3484,Barbara Smith,barbara.smith3484@example.com,United Kingdom,2023-02-18,Basic,296.04
3485,Kimberly Lopez,kimberly.lopez3485@example.com,Brazil,2023-03-13,Premium,13569.07
3486,Omar Hill,omar.hill3486@example.com,United Arab Emirates,2022-12-28,Premium,3488.95
3487,Daniel Hernandez,daniel.hernandez3487@example.com,Netherlands,2024-03-05,Standard,223.25
3488,Richard Ramirez,richard.ramirez3488@example.com,United Kingdom,2019-02-10,Basic,517.63
3489,Joshua Rossi,joshua.rossi3489@example.com,Canada,2021-12-15,Standard,3646.24
3490,Kimberly Davis,kimberly.davis3490@example.com,United Arab Emirates,2023-06-26,Standard,2946.60
3491,Yuki White,yuki.white3491@example.com,Australia,2019-03-12,Standard,3136.65
3492,Steven Ramirez,steven.ramirez3492@example.com,India,2021-09-23,Standard,2290.90
3493,Jennifer Rossi,jennifer.rossi3493@example.com,India,2024-05-19,Standard,3048.57
3494,Omar Walker,omar.walker3494@example.com,Italy,2019-01-21,Standard,1650.54
3495,Kimberly Williams,kimberly.williams3495@example.com,Netherlands,2021-10-23,Basic,733.73
3496,Donald Wright,donald.wright3496@example.com,Italy,2024-10-09,Basic,686.46
3497,Robert Scott,robert.scott3497@example.com,Mexico,2019-09-26,Basic,406.82
3498,Donna Walker,donna.walker3498@example.com,Netherlands,2023-09-17,Basic,220.89
3499,Karen Brown,karen.brown3499@example.com,Japan,2019-07-20,Standard,838.86
3500,Hans Walker,hans.walker3500@example.com,United States,2019-12-29,Standard,2294.56
3501,Michelle Jackson,michelle.jackson3501@example.com,Spain,2020-07-25,Standard,714.03
3502,Elizabeth Brown,elizabeth.brown3502@example.com,France,2021-02-15,Standard,2051.64
3503,Sarah Kim,sarah.kim3503@example.com,United Kingdom,2023-11-20,Standard,3041.54
3504,Robert Clark,robert.clark3504@example.com,India,2024-06-22,Basic,481.95
3505,Richard Khan,richard.khan3505@example.com,United Kingdom,2025-01-13,Premium,11552.22
3506,William Williams,william.williams3506@example.com,United States,2021-02-08,Standard,3761.00
3507,Omar Martinez,omar.martinez3507@example.com,United Kingdom,2019-06-19,Standard,2924.37
3508,Ashley Thompson,ashley.thompson3508@example.com,United Kingdom,2025-10-19,Basic,700.65
3509,Jessica White,jessica.white3509@example.com,United States,2019-06-20,Basic,402.67
3510,Anthony Perez,anthony.perez3510@example.com,Australia,2020-11-04,Basic,316.70
3511,James Singh,james.singh3511@example.com,United States,2021-11-11,Basic,572.20
3512,Joshua Anderson,joshua.anderson3512@example.com,Brazil,2023-02-15,Basic,367.68
3513,Betty Nguyen,betty.nguyen3513@example.com,Japan,2020-07-07,Premium,3716.25
3514,Robert Singh,robert.singh3514@example.com,United Kingdom,2024-09-16,Premium,3165.56
3515,Yuki Singh,yuki.singh3515@example.com,Canada,2023-04-08,Basic,238.83
3516,Joshua Williams,joshua.williams3516@example.com,United Kingdom,2024-07-12,Basic,599.26
3517,Kimberly Wilson,kimberly.wilson3517@example.com,Netherlands,2018-04-30,Premium,5427.72
3518,Sofia Wright,sofia.wright3518@example.com,Canada,2024-12-14,Basic,309.68
3519,David Martinez,david.martinez3519@example.com,Netherlands,2020-04-11,Standard,3767.77
3520,Anthony Young,anthony.young3520@example.com,United States,2022-02-11,Premium,7276.22
3521,Lisa Clark,lisa.clark3521@example.com,United Arab Emirates,2022-05-30,Basic,368.40
3522,Hans Williams,hans.williams3522@example.com,Italy,2022-06-02,Standard,3733.47
3523,Jennifer Torres,jennifer.torres3523@example.com,Australia,2022-01-22,Standard,1574.35
3524,Karen Nguyen,karen.nguyen3524@example.com,Netherlands,2020-11-09,Standard,1341.91
3525,John Lewis,john.lewis3525@example.com,Australia,2020-03-15,Basic,547.89
3526,Joshua Costa,joshua.costa3526@example.com,Germany,2024-05-13,Standard,1783.96
3527,James Martin,james.martin3527@example.com,Australia,2019-11-17,Standard,1923.74
3528,William Hernandez,william.hernandez3528@example.com,Australia,2019-04-27,Standard,536.15
3529,Elizabeth Taylor,elizabeth.taylor3529@example.com,Australia,2025-06-18,Standard,722.29
3530,Sofia Perez,sofia.perez3530@example.com,Japan,2025-10-19,Basic,256.45
3531,Yuki Martinez,yuki.martinez3531@example.com,Japan,2023-10-04,Premium,10271.02
3532,John Wright,john.wright3532@example.com,Mexico,2025-09-15,Basic,494.16
3533,Sofia Flores,sofia.flores3533@example.com,United Kingdom,2025-03-04,Basic,192.08
3534,Karen Ali,karen.ali3534@example.com,Mexico,2024-05-27,Premium,10875.08
3535,Thomas Anderson,thomas.anderson3535@example.com,India,2020-09-07,Standard,3571.97
3536,Carlos Jackson,carlos.jackson3536@example.com,United Kingdom,2022-02-06,Basic,533.37
3537,Lisa Wright,lisa.wright3537@example.com,Germany,2020-12-03,Standard,3807.09
3538,John Khan,john.khan3538@example.com,Canada,2025-12-03,Standard,3370.92
3539,Wei King,wei.king3539@example.com,United States,2022-03-12,Standard,3924.52
3540,Sarah White,sarah.white3540@example.com,Netherlands,2022-05-19,Basic,732.91
3541,Andrew Singh,andrew.singh3541@example.com,India,2023-02-01,Standard,1725.23
3542,Fatima Rossi,fatima.rossi3542@example.com,France,2025-02-16,Basic,268.40
3543,Richard White,richard.white3543@example.com,Australia,2022-02-27,Basic,451.45
3544,Sarah Sanchez,sarah.sanchez3544@example.com,Italy,2024-09-01,Standard,3152.30
3545,Matthew Jones,matthew.jones3545@example.com,United Arab Emirates,2021-02-22,Standard,680.60
3546,Barbara Perez,barbara.perez3546@example.com,United States,2024-01-03,Standard,2851.42
3547,James Torres,james.torres3547@example.com,Singapore,2024-12-07,Standard,3684.85
3548,Karen Allen,karen.allen3548@example.com,India,2020-01-30,Premium,11885.43
3549,Joshua Martinez,joshua.martinez3549@example.com,India,2024-06-16,Standard,1648.89
3550,Karen Lewis,karen.lewis3550@example.com,Singapore,2020-09-08,Standard,251.48
3551,Sarah Rodriguez,sarah.rodriguez3551@example.com,Netherlands,2024-08-07,Standard,3951.74
3552,Sarah Lopez,sarah.lopez3552@example.com,United Arab Emirates,2021-03-17,Standard,400.03
3553,Wei Taylor,wei.taylor3553@example.com,Mexico,2020-03-11,Standard,1141.69
3554,David Clark,david.clark3554@example.com,France,2021-07-21,Basic,708.90
3555,Susan Ali,susan.ali3555@example.com,Brazil,2024-05-09,Basic,330.12
3556,Wei Costa,wei.costa3556@example.com,Canada,2025-08-20,Standard,3633.93
3557,Mary Wright,mary.wright3557@example.com,Italy,2019-05-15,Standard,2083.59
3558,Kimberly Thompson,kimberly.thompson3558@example.com,United Kingdom,2019-05-08,Basic,63.52
3559,Carlos Scott,carlos.scott3559@example.com,United Arab Emirates,2024-03-31,Standard,1267.24
3560,David Wilson,david.wilson3560@example.com,Spain,2021-02-18,Standard,3008.67
3561,Barbara Ramirez,barbara.ramirez3561@example.com,Japan,2023-03-02,Basic,207.81
3562,Yuki Kim,yuki.kim3562@example.com,Brazil,2018-07-19,Basic,89.94
3563,Richard Kim,richard.kim3563@example.com,Singapore,2025-04-08,Basic,747.01
3564,Yuki Johnson,yuki.johnson3564@example.com,Australia,2021-10-30,Standard,3526.19
3565,Elizabeth Anderson,elizabeth.anderson3565@example.com,Brazil,2023-01-30,Basic,105.65
3566,Margaret Sanchez,margaret.sanchez3566@example.com,Australia,2020-02-11,Standard,940.92
3567,James Davis,james.davis3567@example.com,United States,2025-03-29,Standard,3344.18
3568,Hans Patel,hans.patel3568@example.com,Singapore,2019-09-17,Basic,650.94
3569,Paul Jones,paul.jones3569@example.com,United Arab Emirates,2022-02-14,Premium,6231.29
3570,Kimberly Chen,kimberly.chen3570@example.com,United States,2018-04-14,Basic,736.62
3571,Donald Singh,donald.singh3571@example.com,United Kingdom,2018-09-27,Standard,1374.92
3572,Christopher Robinson,christopher.robinson3572@example.com,Germany,2019-05-07,Standard,1816.61
3573,Joshua Martin,joshua.martin3573@example.com,Mexico,2025-10-06,Standard,3208.69
3574,Ingrid Wilson,ingrid.wilson3574@example.com,Japan,2025-01-14,Basic,555.30
3575,Ashley Hernandez,ashley.hernandez3575@example.com,Germany,2019-05-14,Basic,158.49
3576,Michelle Thompson,michelle.thompson3576@example.com,United Kingdom,2023-10-24,Standard,3147.15
3577,Barbara Rossi,barbara.rossi3577@example.com,Spain,2020-02-03,Premium,9482.98
3578,Aarav Young,aarav.young3578@example.com,India,2019-06-08,Basic,575.31
3579,Michelle Thompson,michelle.thompson3579@example.com,Singapore,2025-05-24,Basic,546.31
3580,Jessica Martinez,jessica.martinez3580@example.com,Spain,2025-10-10,Standard,3129.26
3581,Mark Anderson,mark.anderson3581@example.com,Germany,2023-11-09,Standard,2492.88
3582,Barbara Smith,barbara.smith3582@example.com,Singapore,2023-04-25,Standard,2826.52
3583,Joseph Thompson,joseph.thompson3583@example.com,Germany,2022-09-30,Standard,1821.92
3584,Steven Thompson,steven.thompson3584@example.com,Brazil,2022-06-15,Basic,73.31
3585,Patricia Scott,patricia.scott3585@example.com,United States,2023-09-26,Basic,149.95
3586,Joshua Young,joshua.young3586@example.com,Canada,2023-09-03,Basic,645.54
3587,Richard Harris,richard.harris3587@example.com,United States,2023-07-06,Premium,3620.86
3588,Betty Miller,betty.miller3588@example.com,Singapore,2024-03-17,Standard,1044.59
3589,Emily Singh,emily.singh3589@example.com,United Kingdom,2025-12-02,Standard,540.63
3590,Ashley Chen,ashley.chen3590@example.com,Spain,2022-11-16,Basic,738.43
3591,Hans Taylor,hans.taylor3591@example.com,France,2022-07-07,Standard,2018.21
3592,Christopher Lewis,christopher.lewis3592@example.com,United Kingdom,2019-08-18,Basic,167.86
3593,Susan Khan,susan.khan3593@example.com,United Kingdom,2019-10-24,Basic,735.71
3594,Steven Johnson,steven.johnson3594@example.com,Netherlands,2024-10-24,Standard,1309.74
3595,Elizabeth Thompson,elizabeth.thompson3595@example.com,Spain,2024-05-07,Standard,786.28
3596,Wei Singh,wei.singh3596@example.com,United Kingdom,2020-01-02,Standard,2990.16
3597,Daniel Sanchez,daniel.sanchez3597@example.com,United Kingdom,2024-12-06,Premium,14907.74
3598,Nancy Wilson,nancy.wilson3598@example.com,United States,2022-05-15,Standard,1120.52
3599,Aarav Rossi,aarav.rossi3599@example.com,Netherlands,2020-09-29,Standard,453.34
3600,Ananya Davis,ananya.davis3600@example.com,France,2022-06-14,Standard,2797.96
3601,Ashley Moore,ashley.moore3601@example.com,Germany,2018-01-26,Premium,8312.37
3602,Christopher Anderson,christopher.anderson3602@example.com,France,2019-05-15,Basic,522.56
3603,Christopher Martinez,christopher.martinez3603@example.com,Spain,2018-10-21,Premium,4856.77
3604,Matthew Lopez,matthew.lopez3604@example.com,United States,2023-09-15,Standard,3181.27
3605,Wei Sanchez,wei.sanchez3605@example.com,Singapore,2023-04-24,Standard,2696.03
3606,Matthew Jones,matthew.jones3606@example.com,France,2023-05-05,Standard,371.13
3607,Christopher Taylor,christopher.taylor3607@example.com,Netherlands,2019-12-15,Standard,3759.78
3608,Wei Jones,wei.jones3608@example.com,Australia,2021-01-01,Standard,473.68
3609,Andrew Costa,andrew.costa3609@example.com,India,2021-09-13,Basic,342.61
3610,Mary Torres,mary.torres3610@example.com,Canada,2024-06-18,Basic,576.72
3611,Donna Wilson,donna.wilson3611@example.com,Brazil,2024-02-20,Standard,2087.27
3612,Barbara Brown,barbara.brown3612@example.com,United States,2019-07-16,Standard,269.01
3613,David Ramirez,david.ramirez3613@example.com,Spain,2018-03-03,Basic,56.90
3614,Ananya Young,ananya.young3614@example.com,Italy,2025-06-03,Premium,3167.47
3615,Karen Jones,karen.jones3615@example.com,Mexico,2020-09-24,Basic,601.52
3616,Margaret Flores,margaret.flores3616@example.com,Japan,2024-05-09,Standard,2659.61
3617,Betty Williams,betty.williams3617@example.com,Japan,2023-04-28,Standard,1019.35
3618,David Ramirez,david.ramirez3618@example.com,Brazil,2020-08-05,Standard,503.63
3619,Joshua Costa,joshua.costa3619@example.com,Brazil,2025-04-24,Standard,1679.73
3620,Hans Johnson,hans.johnson3620@example.com,India,2025-10-19,Standard,2391.75
3621,Kimberly Wright,kimberly.wright3621@example.com,Spain,2024-02-10,Standard,1797.36
3622,Jessica Patel,jessica.patel3622@example.com,Spain,2025-09-06,Basic,457.33
3623,Omar Khan,omar.khan3623@example.com,Canada,2024-10-04,Standard,548.44
3624,Ingrid Harris,ingrid.harris3624@example.com,Germany,2018-05-07,Standard,3824.49
3625,Yuki Rossi,yuki.rossi3625@example.com,Spain,2021-10-03,Basic,145.35
3626,Linda Martinez,linda.martinez3626@example.com,Canada,2024-07-28,Premium,2900.29
3627,Mary Costa,mary.costa3627@example.com,Netherlands,2022-03-29,Standard,1234.69
3628,Charles Torres,charles.torres3628@example.com,Netherlands,2021-03-09,Standard,2023.76
3629,Fatima Brown,fatima.brown3629@example.com,Australia,2024-04-17,Premium,8035.47
3630,Karen Martin,karen.martin3630@example.com,Netherlands,2022-11-18,Standard,2086.36
3631,Karen Torres,karen.torres3631@example.com,Brazil,2021-06-21,Standard,3562.29
3632,Jennifer Clark,jennifer.clark3632@example.com,Australia,2021-11-24,Basic,341.30
3633,John Taylor,john.taylor3633@example.com,United States,2018-04-05,Basic,325.36
3634,Daniel Lee,daniel.lee3634@example.com,Brazil,2020-03-26,Standard,343.01
3635,Sofia Harris,sofia.harris3635@example.com,Mexico,2022-10-14,Basic,493.17
3636,Sandra Lewis,sandra.lewis3636@example.com,United Arab Emirates,2025-02-13,Premium,9350.62
3637,Daniel Rodriguez,daniel.rodriguez3637@example.com,Australia,2020-07-01,Standard,1420.17
3638,Patricia Khan,patricia.khan3638@example.com,Brazil,2018-02-02,Standard,881.14
3639,Daniel Davis,daniel.davis3639@example.com,United Kingdom,2023-03-11,Standard,1771.40
3640,Susan Ramirez,susan.ramirez3640@example.com,Canada,2021-07-10,Standard,2533.51
3641,Kimberly Flores,kimberly.flores3641@example.com,Singapore,2024-05-23,Basic,610.76
3642,Michelle Sanchez,michelle.sanchez3642@example.com,France,2022-08-23,Standard,2698.34
3643,Jessica Martin,jessica.martin3643@example.com,Netherlands,2020-12-08,Basic,699.73
3644,Charles Mueller,,Italy,2020-11-20,Standard,3185.15
3645,Karen Flores,karen.flores3645@example.com,Mexico,2024-10-07,Premium,9658.15
3646,Hans Hill,hans.hill3646@example.com,Italy,2020-11-24,Standard,1247.99
3647,Mark Jackson,mark.jackson3647@example.com,United Arab Emirates,2021-01-09,Standard,3532.88
3648,Thomas Johnson,thomas.johnson3648@example.com,Spain,2025-05-16,Standard,2858.51
3649,David Martinez,david.martinez3649@example.com,Mexico,2021-09-06,Standard,2101.92
3650,William Hill,william.hill3650@example.com,Italy,2020-06-14,Basic,790.66
3651,Wei Wright,wei.wright3651@example.com,United Arab Emirates,2023-11-10,Standard,2414.02
3652,Sarah Miller,sarah.miller3652@example.com,Canada,2018-02-02,Standard,3991.28
3653,Hans Torres,hans.torres3653@example.com,United States,2025-10-02,Standard,858.68
3654,Donald Silva,donald.silva3654@example.com,India,2021-05-19,Premium,13690.09
3655,Kimberly Thompson,kimberly.thompson3655@example.com,Spain,2025-12-17,Standard,3180.60
3656,Lisa Perez,lisa.perez3656@example.com,Mexico,2019-06-25,Standard,3464.75
3657,William Williams,william.williams3657@example.com,United States,2021-05-21,Standard,1256.92
3658,Margaret Martin,margaret.martin3658@example.com,Canada,2019-08-31,Standard,2949.43
3659,Joseph Torres,joseph.torres3659@example.com,United States,2019-08-03,Premium,13664.11
3660,Daniel Miller,daniel.miller3660@example.com,Canada,2020-04-15,Premium,11539.91
3661,Sandra Perez,sandra.perez3661@example.com,Singapore,2021-12-30,Basic,423.01
3662,Joshua Sanchez,joshua.sanchez3662@example.com,Mexico,2021-10-13,Standard,2586.42
3663,Donald Smith,donald.smith3663@example.com,Australia,2018-11-20,Standard,3706.25
3664,Michelle Wilson,michelle.wilson3664@example.com,France,2025-12-01,Basic,288.40
3665,Karen Gonzalez,karen.gonzalez3665@example.com,India,2022-06-13,Standard,1673.97
3666,Jennifer Jones,jennifer.jones3666@example.com,Japan,2024-03-05,Standard,1609.75
3667,Susan Jackson,susan.jackson3667@example.com,Germany,2022-07-27,Basic,126.06
3668,Wei Mueller,wei.mueller3668@example.com,Singapore,2020-10-15,Premium,4533.74
3669,Sandra Jackson,sandra.jackson3669@example.com,Australia,2020-05-01,Standard,2692.89
3670,Mary Martin,mary.martin3670@example.com,Brazil,2024-07-01,Standard,1779.60
3671,Sofia Khan,sofia.khan3671@example.com,Spain,2022-06-12,Standard,3169.44
3672,Paul Johnson,paul.johnson3672@example.com,Netherlands,2025-04-21,Premium,6079.30
3673,Fatima Martinez,fatima.martinez3673@example.com,France,2022-04-12,Standard,3062.40
3674,Patricia Martinez,patricia.martinez3674@example.com,Spain,2019-01-03,Basic,517.31
3675,Ashley Lewis,ashley.lewis3675@example.com,Canada,2023-03-23,Basic,210.80
3676,John Martin,john.martin3676@example.com,India,2018-08-28,Standard,789.63
3677,Paul White,paul.white3677@example.com,United Kingdom,2019-10-26,Basic,652.05
3678,Michelle Moore,michelle.moore3678@example.com,India,2020-01-13,Standard,1904.13
3679,Nancy Rossi,nancy.rossi3679@example.com,United Arab Emirates,2019-10-16,Basic,159.18
3680,William King,william.king3680@example.com,Mexico,2020-08-15,Basic,7.46
3681,Mary Rodriguez,mary.rodriguez3681@example.com,Mexico,2019-03-18,Standard,1019.00
3682,James Anderson,james.anderson3682@example.com,Germany,2020-11-04,Premium,7307.79
3683,Mark Jones,mark.jones3683@example.com,Canada,2025-07-08,Basic,720.72
3684,Sandra White,sandra.white3684@example.com,United States,2022-11-28,Basic,684.72
3685,Elizabeth Costa,elizabeth.costa3685@example.com,Mexico,2021-11-23,Standard,3053.43
3686,Christopher Thomas,christopher.thomas3686@example.com,United States,2019-12-12,Basic,222.40
3687,Lisa Wilson,lisa.wilson3687@example.com,United Arab Emirates,2019-12-10,Premium,13833.06
3688,Sofia Nguyen,sofia.nguyen3688@example.com,France,2023-06-21,Standard,848.38
3689,Mary Wilson,mary.wilson3689@example.com,United Arab Emirates,2019-06-24,Standard,377.33
3690,Paul Jackson,paul.jackson3690@example.com,Netherlands,2024-07-09,Standard,3276.10
3691,Ingrid Johnson,ingrid.johnson3691@example.com,Italy,2019-10-30,Premium,14448.95
3692,Wei Rodriguez,wei.rodriguez3692@example.com,United Arab Emirates,2022-03-10,Standard,422.26
3693,Carlos Clark,carlos.clark3693@example.com,France,2025-05-29,Basic,706.48
3694,Sandra Rossi,sandra.rossi3694@example.com,Canada,2023-05-05,Basic,513.75
3695,Omar Young,omar.young3695@example.com,France,2022-08-23,Standard,602.31
3696,Joshua Lopez,joshua.lopez3696@example.com,United States,2022-05-02,Basic,287.81
3697,Paul Anderson,paul.anderson3697@example.com,United Arab Emirates,2022-12-11,Standard,785.53
3698,Yuki Walker,yuki.walker3698@example.com,India,2023-09-03,Standard,3514.40
3699,Robert Lopez,robert.lopez3699@example.com,Mexico,2018-06-14,Standard,3250.12
3700,Donna Khan,donna.khan3700@example.com,Australia,2023-12-27,Standard,1270.64
3701,Thomas Allen,thomas.allen3701@example.com,United Kingdom,2020-10-10,Basic,388.37
3702,Aarav Gonzalez,aarav.gonzalez3702@example.com,Netherlands,2018-11-09,Standard,3218.83
3703,Michael Rodriguez,michael.rodriguez3703@example.com,United States,2019-05-04,Premium,8901.91
3704,Steven Williams,steven.williams3704@example.com,India,2025-09-20,Standard,2300.64
3705,Sofia Flores,sofia.flores3705@example.com,United Arab Emirates,2018-10-30,Premium,7907.39
3706,Patricia Young,patricia.young3706@example.com,United States,2025-01-21,Standard,3743.62
3707,Joshua Martinez,joshua.martinez3707@example.com,Mexico,2024-12-12,Standard,2545.55
3708,Omar Thompson,omar.thompson3708@example.com,India,2019-03-25,Standard,2077.17
3709,Barbara Lopez,barbara.lopez3709@example.com,Brazil,2022-05-08,Premium,11729.70
3710,Jessica Anderson,jessica.anderson3710@example.com,United Kingdom,2019-11-01,Standard,281.56
3711,Charles Martinez,charles.martinez3711@example.com,Australia,2019-12-23,Premium,6899.49
3712,Christopher Singh,christopher.singh3712@example.com,Mexico,2025-03-31,Basic,306.00
3713,Richard Gonzalez,richard.gonzalez3713@example.com,United States,2025-10-06,Basic,431.66
3714,Richard Gonzalez,richard.gonzalez3714@example.com,France,2021-05-22,Basic,354.25
3715,Mary Martin,mary.martin3715@example.com,Japan,2023-08-07,Standard,2132.58
3716,Donna Perez,donna.perez3716@example.com,Brazil,2018-03-27,Premium,12457.71
3717,James White,james.white3717@example.com,Australia,2023-09-10,Standard,2800.55
3718,Robert Flores,robert.flores3718@example.com,India,2020-02-16,Basic,630.42
3719,Mark Young,mark.young3719@example.com,Italy,2020-01-15,Standard,1709.59
3720,Aarav Chen,aarav.chen3720@example.com,United Arab Emirates,2024-09-14,Standard,3016.11
3721,Anthony Anderson,anthony.anderson3721@example.com,Brazil,2023-08-02,Standard,2001.83
3722,David Hernandez,david.hernandez3722@example.com,Mexico,2019-09-22,Basic,14.03
3723,Jennifer Sanchez,jennifer.sanchez3723@example.com,Canada,2019-08-04,Standard,3276.18
3724,William Johnson,william.johnson3724@example.com,Mexico,2019-10-08,Standard,773.46
3725,Charles Davis,charles.davis3725@example.com,United Arab Emirates,2022-08-09,Premium,4838.76
3726,Elizabeth Nguyen,elizabeth.nguyen3726@example.com,Netherlands,2025-06-16,Standard,2864.30
3727,Betty Anderson,betty.anderson3727@example.com,Brazil,2025-06-30,Standard,2936.77
3728,Elizabeth Kim,elizabeth.kim3728@example.com,Singapore,2024-12-24,Standard,2946.34
3729,Wei Silva,wei.silva3729@example.com,United States,2022-11-03,Basic,301.59
3730,Nancy Chen,nancy.chen3730@example.com,Japan,2018-04-21,Standard,2655.97
3731,Emily Perez,emily.perez3731@example.com,Germany,2019-03-15,Premium,4899.46
3732,Paul Silva,paul.silva3732@example.com,United States,2021-01-21,Basic,459.12
3733,Joseph Ali,joseph.ali3733@example.com,Canada,2025-03-16,Basic,66.97
3734,Elizabeth Miller,elizabeth.miller3734@example.com,United Kingdom,2018-11-09,Basic,297.69
3735,Charles Allen,charles.allen3735@example.com,United Arab Emirates,2019-04-07,Standard,2902.67
3736,Paul Martinez,paul.martinez3736@example.com,Japan,2022-09-05,Basic,428.63
3737,Betty Martin,betty.martin3737@example.com,Canada,2024-07-15,Basic,87.79
3738,Christopher Taylor,christopher.taylor3738@example.com,United States,2022-05-15,Standard,1375.35
3739,Karen Silva,karen.silva3739@example.com,Singapore,2025-07-22,Premium,2012.48
3740,Matthew Lopez,matthew.lopez3740@example.com,Japan,2023-08-02,Standard,1880.53
3741,Kimberly Walker,kimberly.walker3741@example.com,India,2023-11-04,Standard,1443.71
3742,Sofia Harris,sofia.harris3742@example.com,France,2022-06-24,Standard,3045.95
3743,Ingrid Mueller,ingrid.mueller3743@example.com,Australia,2019-06-14,Premium,4830.25
3744,Wei Lopez,wei.lopez3744@example.com,United Kingdom,2022-11-22,Premium,12512.62
3745,Barbara Jones,barbara.jones3745@example.com,United States,2021-06-05,Standard,2822.67
3746,John Jackson,john.jackson3746@example.com,France,2023-12-19,Standard,1024.44
3747,Linda Jackson,linda.jackson3747@example.com,Japan,2024-05-16,Basic,617.99
3748,Omar Davis,omar.davis3748@example.com,Singapore,2024-11-24,Premium,7804.68
3749,Hans Clark,hans.clark3749@example.com,Mexico,2024-11-15,Standard,1255.20
3750,Omar King,omar.king3750@example.com,United Kingdom,2023-10-06,Premium,11078.02
3751,Linda Mueller,linda.mueller3751@example.com,United States,2020-06-17,Standard,3525.70
3752,Margaret Clark,margaret.clark3752@example.com,Italy,2019-11-20,Premium,11180.99
3753,Patricia Smith,patricia.smith3753@example.com,Germany,2019-10-23,Standard,2249.12
3754,Richard Wright,richard.wright3754@example.com,Singapore,2019-01-30,Standard,214.63
3755,Aarav Williams,aarav.williams3755@example.com,United Kingdom,2021-01-11,Standard,1128.23
3756,Kimberly Thomas,kimberly.thomas3756@example.com,United States,2021-12-26,Standard,2301.97
3757,David Clark,david.clark3757@example.com,Mexico,2019-12-02,Basic,527.99
3758,Andrew Costa,andrew.costa3758@example.com,United States,2023-01-22,Standard,1712.81
3759,Omar Ramirez,omar.ramirez3759@example.com,Brazil,2022-11-22,Standard,3747.54
3760,Joseph Lopez,joseph.lopez3760@example.com,United Arab Emirates,2020-04-27,Basic,705.61
3761,Steven Flores,steven.flores3761@example.com,Spain,2020-04-14,Basic,171.59
3762,Donald Clark,donald.clark3762@example.com,Canada,2023-09-03,Basic,268.98
3763,Linda Patel,linda.patel3763@example.com,United Arab Emirates,2022-07-07,Basic,141.63
3764,Sandra Miller,sandra.miller3764@example.com,Japan,2021-06-02,Standard,3867.50
3765,Michael Smith,michael.smith3765@example.com,Germany,2019-09-28,Basic,531.06
3766,David Gonzalez,david.gonzalez3766@example.com,Italy,2024-10-29,Basic,121.88
3767,Yuki Wright,yuki.wright3767@example.com,Italy,2020-07-05,Basic,279.46
3768,Barbara Robinson,barbara.robinson3768@example.com,Italy,2018-09-17,Basic,422.68
3769,Christopher Ali,christopher.ali3769@example.com,Italy,2025-11-08,Basic,15.83
3770,Donald Young,donald.young3770@example.com,Spain,2018-06-27,Standard,1805.47
3771,Aarav Rossi,aarav.rossi3771@example.com,Mexico,2019-11-16,Standard,223.84
3772,Paul King,paul.king3772@example.com,Spain,2020-12-27,Premium,5215.71
3773,Robert Flores,robert.flores3773@example.com,Mexico,2022-12-27,Premium,14434.79
3774,Linda Robinson,linda.robinson3774@example.com,Italy,2019-03-30,Basic,281.87
3775,Donna Clark,donna.clark3775@example.com,Japan,2025-03-19,Standard,1138.41
3776,Omar Martin,omar.martin3776@example.com,Brazil,2019-12-31,Standard,2990.81
3777,Mary Ali,mary.ali3777@example.com,United Kingdom,2025-11-13,Basic,312.63
3778,Lisa Khan,lisa.khan3778@example.com,Australia,2023-12-27,Basic,307.58
3779,David Flores,david.flores3779@example.com,Mexico,2019-01-21,Basic,110.69
3780,Mark Wilson,mark.wilson3780@example.com,Japan,2024-08-26,Standard,2348.92
3781,David Perez,david.perez3781@example.com,Mexico,2021-01-22,Standard,2750.42
3782,Aarav Patel,aarav.patel3782@example.com,Brazil,2021-05-05,Premium,13525.73
3783,Donna Hill,donna.hill3783@example.com,France,2025-01-13,Premium,8177.33
3784,Hans Flores,hans.flores3784@example.com,Mexico,2021-06-01,Standard,439.13
3785,Mark Torres,mark.torres3785@example.com,Brazil,2018-03-30,Standard,2337.26
3786,Emily Hill,emily.hill3786@example.com,Spain,2025-08-16,Standard,2092.52
3787,Emily Thompson,emily.thompson3787@example.com,Singapore,2024-05-27,Standard,1280.06
3788,Sarah Jones,sarah.jones3788@example.com,Germany,2024-10-27,Basic,641.59
3789,Karen Davis,karen.davis3789@example.com,Germany,2021-03-29,Standard,3387.80
3790,Kimberly Patel,kimberly.patel3790@example.com,Australia,2024-07-09,Standard,2238.45
3791,Paul Miller,paul.miller3791@example.com,France,2024-07-21,Basic,426.96
3792,Thomas Jackson,thomas.jackson3792@example.com,Netherlands,2024-10-13,Standard,833.33
3793,Aarav Allen,aarav.allen3793@example.com,United Arab Emirates,2018-02-10,Basic,261.33
3794,David Davis,david.davis3794@example.com,United States,2019-11-03,Basic,318.78
3795,Sandra Williams,sandra.williams3795@example.com,France,2024-03-14,Standard,2486.95
3796,Patricia Johnson,patricia.johnson3796@example.com,United Kingdom,2021-01-13,Basic,427.71
3797,Thomas Thompson,thomas.thompson3797@example.com,Netherlands,2020-06-26,Standard,202.07
3798,Paul Torres,paul.torres3798@example.com,Singapore,2025-06-19,Standard,3257.09
3799,Nancy Walker,nancy.walker3799@example.com,Singapore,2024-01-25,Standard,2294.05
3800,Michelle Hill,,France,2019-03-11,Basic,442.67
3801,Anthony Thomas,anthony.thomas3801@example.com,United Arab Emirates,2023-01-06,Premium,12247.94
3802,James Brown,james.brown3802@example.com,United States,2025-08-15,Premium,6483.87
3803,Matthew Silva,matthew.silva3803@example.com,Canada,2024-08-22,Standard,3576.70
3804,Ingrid Hill,ingrid.hill3804@example.com,Germany,2018-03-12,Standard,3662.41
3805,Daniel Harris,daniel.harris3805@example.com,Japan,2020-12-05,Standard,3115.57
3806,Richard Lewis,richard.lewis3806@example.com,Spain,2021-04-20,Basic,345.59
3807,Andrew Brown,andrew.brown3807@example.com,Brazil,2018-03-21,Standard,2683.79
3808,Kimberly Walker,kimberly.walker3808@example.com,United Arab Emirates,2025-03-17,Standard,3253.85
3809,Mary Davis,mary.davis3809@example.com,Germany,2022-10-18,Standard,1614.97
3810,Omar Davis,omar.davis3810@example.com,France,2021-04-25,Premium,5939.21
3811,Thomas Rodriguez,thomas.rodriguez3811@example.com,United States,2022-05-31,Standard,2039.00
3812,Wei Perez,wei.perez3812@example.com,Japan,2022-06-30,Basic,654.80
3813,Lisa Hernandez,lisa.hernandez3813@example.com,United States,2022-03-28,Standard,738.70
3814,Ingrid Rodriguez,ingrid.rodriguez3814@example.com,United Arab Emirates,2021-11-10,Premium,9946.66
3815,Margaret Walker,margaret.walker3815@example.com,United Arab Emirates,2022-10-09,Premium,11985.54
3816,Barbara Lopez,barbara.lopez3816@example.com,United States,2021-09-20,Premium,5066.85
3817,Aarav Kim,aarav.kim3817@example.com,Brazil,2018-05-01,Standard,1182.76
3818,Karen Walker,karen.walker3818@example.com,France,2024-01-26,Basic,230.86
3819,Christopher White,christopher.white3819@example.com,Mexico,2022-11-26,Standard,1439.78
3820,Michael Anderson,michael.anderson3820@example.com,India,2018-01-26,Standard,2058.58
3821,Jennifer Rodriguez,jennifer.rodriguez3821@example.com,Italy,2021-11-25,Standard,1029.01
3822,David Khan,david.khan3822@example.com,United Arab Emirates,2024-09-06,Basic,45.09
3823,Sofia Thomas,sofia.thomas3823@example.com,Spain,2020-01-28,Standard,3796.72
3824,Robert Ali,robert.ali3824@example.com,Germany,2025-03-06,Basic,114.55
3825,Sandra Young,sandra.young3825@example.com,Netherlands,2021-01-13,Standard,2237.07
3826,Paul Rossi,paul.rossi3826@example.com,India,2024-03-26,Standard,1419.74
3827,Yuki Lee,yuki.lee3827@example.com,United Kingdom,2020-01-12,Standard,2420.93
3828,Karen Hernandez,karen.hernandez3828@example.com,India,2019-07-28,Standard,2908.65
3829,Christopher Miller,christopher.miller3829@example.com,Japan,2021-09-04,Standard,2059.16
3830,Michelle Garcia,michelle.garcia3830@example.com,United States,2021-10-08,Standard,3681.70
3831,Kimberly Patel,kimberly.patel3831@example.com,France,2024-09-20,Premium,3205.70
3832,Mark Robinson,mark.robinson3832@example.com,Brazil,2020-08-01,Standard,3105.81
3833,Aarav Wilson,aarav.wilson3833@example.com,United Kingdom,2021-05-03,Standard,1865.77
3834,Kimberly Rossi,kimberly.rossi3834@example.com,Italy,2021-04-26,Basic,89.71
3835,Sandra Davis,sandra.davis3835@example.com,France,2025-11-16,Standard,3261.96
3836,Andrew Robinson,andrew.robinson3836@example.com,France,2024-10-06,Standard,972.06
3837,Nancy Anderson,nancy.anderson3837@example.com,Japan,2018-05-05,Standard,1044.53
3838,Linda King,linda.king3838@example.com,Canada,2018-10-09,Standard,2815.85
3839,Jessica Kim,jessica.kim3839@example.com,Mexico,2020-01-17,Standard,1823.07
3840,John Allen,john.allen3840@example.com,Japan,2019-12-19,Standard,3285.92
3841,Emily Jones,emily.jones3841@example.com,United Kingdom,2023-05-20,Standard,2264.56
3842,Richard Smith,richard.smith3842@example.com,Japan,2022-11-16,Standard,899.03
3843,Yuki Jones,yuki.jones3843@example.com,Canada,2022-12-29,Standard,2827.74
3844,Anthony Lee,anthony.lee3844@example.com,Germany,2021-09-03,Basic,583.15
3845,Donald Allen,donald.allen3845@example.com,Japan,2024-05-01,Premium,13225.20
3846,Daniel Ramirez,daniel.ramirez3846@example.com,Germany,2021-04-13,Standard,1261.02
3847,Matthew Young,matthew.young3847@example.com,Brazil,2022-12-19,Premium,11649.99
3848,David Nguyen,david.nguyen3848@example.com,Mexico,2018-09-25,Basic,789.55
3849,Joseph Wilson,joseph.wilson3849@example.com,United Kingdom,2024-08-04,Basic,483.68
3850,Thomas Harris,thomas.harris3850@example.com,Australia,2020-12-09,Standard,3892.34
3851,Nancy Brown,nancy.brown3851@example.com,Mexico,2024-07-27,Standard,3203.13
3852,Omar Williams,omar.williams3852@example.com,Japan,2024-09-05,Premium,9203.35
3853,Donald Anderson,donald.anderson3853@example.com,Japan,2020-08-16,Standard,3364.11
3854,Yuki Ali,yuki.ali3854@example.com,Canada,2025-11-24,Standard,522.94
3855,Joshua Clark,joshua.clark3855@example.com,France,2021-03-23,Standard,846.76
3856,Charles Harris,charles.harris3856@example.com,Japan,2023-10-18,Standard,1330.66
3857,Hans Chen,hans.chen3857@example.com,Brazil,2024-07-15,Standard,1608.71
3858,David Scott,david.scott3858@example.com,India,2023-07-02,Basic,262.87
3859,Fatima Torres,fatima.torres3859@example.com,Japan,2019-06-02,Standard,3792.70
3860,Sofia Davis,sofia.davis3860@example.com,United States,2020-01-04,Basic,114.77
3861,Mark Mueller,mark.mueller3861@example.com,Italy,2024-01-16,Standard,2514.97
3862,Wei Patel,wei.patel3862@example.com,Singapore,2019-07-18,Basic,239.39
3863,Paul Gonzalez,paul.gonzalez3863@example.com,United Arab Emirates,2023-01-25,Standard,3615.11
3864,Sandra Smith,sandra.smith3864@example.com,Netherlands,2024-07-06,Basic,423.30
3865,Thomas Perez,thomas.perez3865@example.com,Netherlands,2020-12-25,Basic,635.84
3866,Susan Ramirez,susan.ramirez3866@example.com,Singapore,2019-10-17,Standard,2187.67
3867,Betty King,betty.king3867@example.com,United Kingdom,2020-06-10,Premium,10296.54
3868,Susan King,susan.king3868@example.com,Netherlands,2022-11-15,Standard,3425.90
3869,Linda Costa,linda.costa3869@example.com,Germany,2024-11-02,Premium,14818.93
3870,Ashley Wright,ashley.wright3870@example.com,United Arab Emirates,2021-10-10,Premium,9493.69
3871,Mary Mueller,mary.mueller3871@example.com,Spain,2024-06-04,Basic,504.22
3872,David Miller,david.miller3872@example.com,Mexico,2018-07-12,Standard,1607.54
3873,Elizabeth Scott,elizabeth.scott3873@example.com,United Arab Emirates,2022-09-29,Basic,468.16
3874,Joseph White,joseph.white3874@example.com,Singapore,2025-05-15,Premium,6070.05
3875,Steven Wright,steven.wright3875@example.com,Netherlands,2023-03-19,Basic,768.95
3876,James Costa,james.costa3876@example.com,India,2020-03-10,Basic,101.23
3877,Betty Johnson,betty.johnson3877@example.com,Canada,2019-05-15,Basic,460.54
3878,Donna Garcia,donna.garcia3878@example.com,Singapore,2023-12-22,Premium,3633.45
3879,Andrew Walker,andrew.walker3879@example.com,Spain,2021-07-14,Standard,1528.33
3880,Jessica Rossi,jessica.rossi3880@example.com,Mexico,2018-08-30,Standard,2822.32
3881,Christopher Wright,christopher.wright3881@example.com,Singapore,2023-08-20,Basic,573.74
3882,John Jackson,john.jackson3882@example.com,United Arab Emirates,2019-07-10,Standard,1337.48
3883,Fatima Robinson,fatima.robinson3883@example.com,Canada,2021-11-06,Standard,3744.13
3884,Kimberly Young,kimberly.young3884@example.com,Netherlands,2022-07-05,Standard,731.47
3885,Mark Garcia,mark.garcia3885@example.com,India,2023-09-19,Standard,2938.37
3886,Betty Torres,betty.torres3886@example.com,India,2020-09-18,Standard,3234.22
3887,Patricia Ali,patricia.ali3887@example.com,India,2024-02-09,Premium,6182.84
3888,Hans Ramirez,hans.ramirez3888@example.com,Spain,2021-04-10,Premium,7854.72
3889,Jessica Garcia,jessica.garcia3889@example.com,Singapore,2022-04-30,Standard,3317.56
3890,Jessica Nguyen,jessica.nguyen3890@example.com,United Kingdom,2022-01-02,Standard,1517.53
3891,Linda Miller,linda.miller3891@example.com,Germany,2022-05-29,Standard,3834.77
3892,Michelle Williams,michelle.williams3892@example.com,Singapore,2023-09-13,Standard,3661.85
3893,Donald Young,donald.young3893@example.com,United States,2019-10-11,Standard,2269.87
3894,Anthony Costa,anthony.costa3894@example.com,Australia,2018-01-20,Standard,1503.84
3895,Jessica Jackson,jessica.jackson3895@example.com,Canada,2022-03-28,Standard,3267.50
3896,Thomas Jones,thomas.jones3896@example.com,Spain,2022-08-16,Basic,61.23
3897,Michael Flores,michael.flores3897@example.com,Brazil,2021-08-17,Basic,507.68
3898,Susan Perez,susan.perez3898@example.com,Singapore,2025-02-13,Standard,3692.38
3899,Anthony Taylor,anthony.taylor3899@example.com,India,2019-05-25,Premium,2487.15
3900,Wei Scott,wei.scott3900@example.com,United Kingdom,2023-07-02,Standard,3924.49
3901,James Taylor,james.taylor3901@example.com,Australia,2020-05-04,Premium,7488.87
3902,Steven Miller,steven.miller3902@example.com,France,2025-08-02,Standard,1228.24
3903,Linda King,linda.king3903@example.com,Germany,2024-08-21,Basic,253.59
3904,Susan Johnson,susan.johnson3904@example.com,Mexico,2018-07-03,Standard,1789.88
3905,Betty Taylor,betty.taylor3905@example.com,Singapore,2025-05-24,Standard,3469.01
3906,Aarav Khan,aarav.khan3906@example.com,Mexico,2019-12-13,Basic,138.51
3907,Paul Silva,paul.silva3907@example.com,Mexico,2023-09-17,Basic,363.48
3908,Sarah Lee,sarah.lee3908@example.com,India,2019-04-04,Basic,684.54
3909,Jessica Costa,jessica.costa3909@example.com,Italy,2023-02-02,Standard,715.98
3910,Ashley Davis,ashley.davis3910@example.com,United Arab Emirates,2020-03-16,Standard,280.84
3911,Margaret Scott,margaret.scott3911@example.com,Canada,2019-03-09,Basic,606.05
3912,Sarah Costa,sarah.costa3912@example.com,Singapore,2018-05-24,Basic,162.48
3913,Susan Nguyen,susan.nguyen3913@example.com,Japan,2018-09-24,Standard,2127.58
3914,Susan Scott,susan.scott3914@example.com,Spain,2022-01-11,Standard,3854.84
3915,Joseph Rossi,joseph.rossi3915@example.com,Australia,2021-03-09,Standard,3091.73
3916,Mark Smith,mark.smith3916@example.com,Canada,2020-08-10,Basic,573.97
3917,Joshua Smith,joshua.smith3917@example.com,Canada,2021-11-30,Standard,933.41
3918,Aarav Clark,aarav.clark3918@example.com,United Kingdom,2024-02-11,Basic,102.17
3919,William Thompson,william.thompson3919@example.com,United Kingdom,2018-06-11,Standard,3710.55
3920,Robert Kim,robert.kim3920@example.com,Singapore,2020-08-10,Basic,715.55
3921,Michelle Williams,michelle.williams3921@example.com,India,2023-01-19,Basic,369.46
3922,James Moore,james.moore3922@example.com,Canada,2018-03-22,Basic,45.28
3923,Omar Young,omar.young3923@example.com,Singapore,2025-11-24,Standard,1234.02
3924,Andrew Wilson,andrew.wilson3924@example.com,India,2020-09-10,Standard,3392.72
3925,Ananya Jones,ananya.jones3925@example.com,Brazil,2024-11-28,Premium,6024.36
3926,Aarav Martinez,aarav.martinez3926@example.com,France,2024-02-07,Premium,14377.53
3927,Mary Nguyen,mary.nguyen3927@example.com,Japan,2023-04-29,Basic,120.82
3928,Matthew Taylor,matthew.taylor3928@example.com,Mexico,2022-07-25,Basic,163.75
3929,Barbara White,barbara.white3929@example.com,Brazil,2021-05-07,Premium,12314.86
3930,Barbara Jackson,barbara.jackson3930@example.com,Singapore,2025-10-13,Premium,10393.92
3931,Susan Lopez,susan.lopez3931@example.com,Canada,2023-12-26,Standard,3348.06
3932,Patricia Williams,patricia.williams3932@example.com,Australia,2023-11-24,Standard,1840.16
3933,Omar Harris,omar.harris3933@example.com,Brazil,2018-02-19,Standard,767.38
3934,Betty Lewis,betty.lewis3934@example.com,United Kingdom,2018-08-18,Standard,3750.15
3935,Elizabeth Costa,elizabeth.costa3935@example.com,Mexico,2021-10-05,Premium,12132.63
3936,Jessica Sanchez,jessica.sanchez3936@example.com,Australia,2019-07-10,Basic,56.06
3937,Lisa Gonzalez,lisa.gonzalez3937@example.com,Japan,2024-07-17,Standard,318.47
3938,Nancy Robinson,nancy.robinson3938@example.com,India,2018-05-03,Standard,427.74
3939,Ashley Thomas,,Netherlands,2024-04-25,Premium,14554.06
3940,Mary Robinson,mary.robinson3940@example.com,Brazil,2019-01-02,Standard,920.12
3941,Ingrid Williams,ingrid.williams3941@example.com,United Kingdom,2019-10-19,Standard,555.39
3942,Susan Wright,susan.wright3942@example.com,Mexico,2018-06-18,Basic,594.60
3943,Donald Jones,donald.jones3943@example.com,Brazil,2019-08-07,Standard,905.42
3944,Mary Taylor,mary.taylor3944@example.com,United Arab Emirates,2025-12-17,Standard,3139.20
3945,Sofia Clark,sofia.clark3945@example.com,Brazil,2019-03-31,Basic,455.58
3946,Emily Jones,emily.jones3946@example.com,United States,2023-02-06,Standard,1175.97
3947,Jessica Clark,jessica.clark3947@example.com,United Kingdom,2020-07-12,Premium,11874.49
3948,Charles Rodriguez,charles.rodriguez3948@example.com,United Kingdom,2019-01-16,Standard,2662.19
3949,James Martinez,james.martinez3949@example.com,Germany,2024-08-04,Standard,1225.54
3950,Jennifer Martinez,jennifer.martinez3950@example.com,United Arab Emirates,2025-06-14,Basic,584.34
3951,Donna Moore,donna.moore3951@example.com,Singapore,2023-01-02,Standard,3231.78
3952,Donald Lopez,donald.lopez3952@example.com,United States,2020-05-02,Standard,2762.73
3953,Anthony Kim,anthony.kim3953@example.com,India,2019-01-22,Standard,1053.67
3954,William Walker,william.walker3954@example.com,Spain,2023-03-23,Standard,2490.18
3955,Karen Rossi,karen.rossi3955@example.com,Spain,2019-07-03,Standard,1227.32
3956,Daniel Khan,daniel.khan3956@example.com,Japan,2021-12-07,Standard,625.40
3957,John Rodriguez,john.rodriguez3957@example.com,Mexico,2025-06-26,Premium,3435.72
3958,Paul Nguyen,paul.nguyen3958@example.com,Canada,2019-12-01,Basic,644.34
3959,Paul Sanchez,paul.sanchez3959@example.com,Italy,2021-03-15,Basic,586.01
3960,Paul Clark,paul.clark3960@example.com,Japan,2022-10-19,Standard,3206.42
3961,Steven Singh,steven.singh3961@example.com,Germany,2023-03-14,Standard,1641.60
3962,Patricia Smith,patricia.smith3962@example.com,France,2021-07-01,Standard,1933.51
3963,Mary Allen,mary.allen3963@example.com,Brazil,2025-05-16,Basic,445.99
3964,Jennifer Torres,jennifer.torres3964@example.com,United States,2023-07-03,Premium,5790.49
3965,Andrew Rodriguez,andrew.rodriguez3965@example.com,France,2018-06-28,Premium,2654.57
3966,Andrew Mueller,andrew.mueller3966@example.com,Japan,2020-04-05,Basic,314.43
3967,Carlos Patel,carlos.patel3967@example.com,Germany,2021-08-28,Premium,14735.42
3968,Sarah Wright,sarah.wright3968@example.com,Australia,2021-01-12,Standard,1906.38
3969,John Allen,john.allen3969@example.com,Germany,2024-06-09,Standard,3868.76
3970,Anthony Lee,anthony.lee3970@example.com,United Kingdom,2019-08-30,Standard,2914.78
3971,James Hernandez,james.hernandez3971@example.com,United Kingdom,2020-03-27,Premium,11665.24
3972,Ashley Singh,ashley.singh3972@example.com,United Kingdom,2018-03-01,Basic,287.42
3973,Nancy Smith,nancy.smith3973@example.com,Netherlands,2020-06-11,Basic,1.58
3974,Mary Johnson,mary.johnson3974@example.com,Australia,2020-10-15,Standard,3214.46
3975,Sofia Ali,sofia.ali3975@example.com,Brazil,2020-09-07,Basic,474.99
3976,Michelle Smith,michelle.smith3976@example.com,Japan,2024-05-30,Premium,11985.53
3977,Andrew Garcia,andrew.garcia3977@example.com,Canada,2022-07-22,Premium,12378.18
3978,Mary Nguyen,mary.nguyen3978@example.com,Singapore,2019-01-14,Basic,307.59
3979,Hans Mueller,hans.mueller3979@example.com,Singapore,2020-08-20,Standard,727.68
3980,Ashley Gonzalez,ashley.gonzalez3980@example.com,Italy,2024-07-11,Basic,538.60
3981,Ingrid Torres,ingrid.torres3981@example.com,Italy,2024-12-05,Basic,35.78
3982,James Wright,james.wright3982@example.com,India,2021-05-14,Basic,434.66
3983,Jennifer Scott,jennifer.scott3983@example.com,France,2022-05-11,Standard,1130.79
3984,Patricia Johnson,patricia.johnson3984@example.com,Singapore,2024-08-11,Basic,412.04
3985,Yuki Anderson,yuki.anderson3985@example.com,Canada,2019-02-01,Standard,2947.45
3986,Jessica Lewis,jessica.lewis3986@example.com,Canada,2023-11-14,Premium,13470.95
3987,Christopher Garcia,christopher.garcia3987@example.com,Japan,2025-03-30,Standard,1603.64
3988,Thomas Perez,thomas.perez3988@example.com,Netherlands,2024-06-06,Standard,3858.84
3989,Karen Martinez,karen.martinez3989@example.com,Germany,2025-02-17,Basic,207.82
3990,Wei Smith,wei.smith3990@example.com,Germany,2021-08-19,Premium,11914.31
3991,Sarah Clark,sarah.clark3991@example.com,Brazil,2021-08-10,Standard,1625.23
3992,Andrew Hill,andrew.hill3992@example.com,France,2024-07-11,Standard,3584.17
3993,Sarah Sanchez,sarah.sanchez3993@example.com,United Kingdom,2018-08-08,Standard,562.86
3994,Emily Rodriguez,emily.rodriguez3994@example.com,Spain,2018-03-07,Standard,3278.43
3995,Fatima Costa,fatima.costa3995@example.com,Canada,2025-09-21,Standard,2126.58
3996,William Kim,william.kim3996@example.com,Brazil,2024-09-09,Standard,3705.28
3997,Charles Smith,charles.smith3997@example.com,United Arab Emirates,2022-05-21,Premium,3829.60
3998,Kimberly Thompson,kimberly.thompson3998@example.com,Canada,2023-07-29,Standard,1195.90
3999,Christopher Rodriguez,christopher.rodriguez3999@example.com,Netherlands,2022-01-08,Standard,2621.26
4000,Richard Clark,richard.clark4000@example.com,United Arab Emirates,2020-06-29,Standard,1508.88
4001,Sandra Johnson,sandra.johnson4001@example.com,Canada,2019-10-16,Premium,10056.81
4002,Ingrid Scott,ingrid.scott4002@example.com,Japan,2025-11-12,Basic,265.61
4003,Emily Davis,emily.davis4003@example.com,Canada,2025-01-17,Standard,871.42
4004,Aarav Lee,aarav.lee4004@example.com,United States,2021-03-20,Standard,2729.12
4005,Betty Davis,betty.davis4005@example.com,United States,2023-03-19,Basic,481.29
4006,Joseph Brown,joseph.brown4006@example.com,Australia,2018-04-07,Standard,404.37
4007,William Scott,william.scott4007@example.com,United Kingdom,2023-02-21,Standard,529.33
4008,Jennifer Rossi,jennifer.rossi4008@example.com,United Arab Emirates,2019-12-21,Basic,160.40
4009,William Torres,william.torres4009@example.com,United Arab Emirates,2025-01-12,Basic,341.77
4010,Daniel Garcia,daniel.garcia4010@example.com,Spain,2020-12-19,Premium,14304.55
4011,Fatima White,fatima.white4011@example.com,Italy,2022-10-25,Premium,7657.94
4012,Christopher Anderson,christopher.anderson4012@example.com,Netherlands,2020-11-25,Basic,249.65
4013,Carlos Williams,carlos.williams4013@example.com,France,2025-05-07,Basic,142.16
4014,Elizabeth Lewis,elizabeth.lewis4014@example.com,Germany,2025-02-09,Standard,1339.41
4015,Mary Miller,mary.miller4015@example.com,India,2020-08-27,Standard,226.01
4016,Ashley Rossi,ashley.rossi4016@example.com,Spain,2020-04-19,Basic,771.23
4017,Karen Young,karen.young4017@example.com,France,2020-08-20,Basic,279.78
4018,Anthony Garcia,anthony.garcia4018@example.com,Australia,2023-12-31,Standard,842.49
4019,Christopher Silva,christopher.silva4019@example.com,Spain,2019-06-01,Premium,12738.65
4020,Wei Lopez,wei.lopez4020@example.com,United States,2023-09-18,Standard,1689.54
4021,Anthony Ali,anthony.ali4021@example.com,United Arab Emirates,2021-12-09,Basic,745.51
4022,Betty Martinez,betty.martinez4022@example.com,France,2018-11-10,Basic,765.11
4023,Michelle Lewis,michelle.lewis4023@example.com,Australia,2024-02-14,Basic,353.60
4024,Sarah Flores,sarah.flores4024@example.com,Brazil,2018-11-26,Standard,2717.09
4025,Donna Brown,donna.brown4025@example.com,India,2018-03-03,Standard,338.70
4026,Michael Allen,michael.allen4026@example.com,Mexico,2023-06-03,Standard,3975.00
4027,Elizabeth Rodriguez,elizabeth.rodriguez4027@example.com,Singapore,2021-01-18,Standard,3284.44
4028,Karen Brown,karen.brown4028@example.com,Australia,2022-03-30,Standard,2281.20
4029,Linda Martinez,linda.martinez4029@example.com,Netherlands,2025-02-22,Premium,7626.71
4030,Thomas Hill,thomas.hill4030@example.com,India,2019-11-02,Basic,285.53
4031,Andrew Lopez,andrew.lopez4031@example.com,Australia,2025-05-27,Premium,10982.43
4032,Charles Kim,charles.kim4032@example.com,Netherlands,2019-05-22,Basic,80.86
4033,Fatima Flores,fatima.flores4033@example.com,Germany,2024-02-18,Standard,2291.64
4034,Kimberly Martinez,kimberly.martinez4034@example.com,United States,2025-07-01,Standard,1830.33
4035,Karen Anderson,karen.anderson4035@example.com,Mexico,2021-03-23,Standard,2101.68
4036,Steven Lopez,steven.lopez4036@example.com,Japan,2023-10-18,Basic,221.78
4037,Anthony Wright,anthony.wright4037@example.com,Australia,2022-07-18,Premium,5375.71
4038,Ingrid Johnson,ingrid.johnson4038@example.com,Canada,2019-02-17,Standard,3973.26
4039,Barbara Garcia,barbara.garcia4039@example.com,United Arab Emirates,2022-02-28,Standard,1381.81
4040,Wei Mueller,wei.mueller4040@example.com,Netherlands,2020-02-03,Standard,1139.11
4041,Mary Davis,mary.davis4041@example.com,United States,2021-06-27,Basic,489.04
4042,Kimberly Ramirez,kimberly.ramirez4042@example.com,Germany,2023-07-28,Premium,3849.61
4043,Fatima Rossi,fatima.rossi4043@example.com,Japan,2022-04-27,Standard,400.91
4044,Patricia Gonzalez,patricia.gonzalez4044@example.com,Italy,2020-04-05,Standard,599.13
4045,Mark Scott,mark.scott4045@example.com,Mexico,2024-10-11,Basic,729.94
4046,Patricia Garcia,patricia.garcia4046@example.com,France,2018-05-13,Premium,14198.66
4047,Susan Martin,susan.martin4047@example.com,Brazil,2019-04-24,Basic,192.56
4048,Hans Khan,hans.khan4048@example.com,Canada,2024-08-12,Standard,3326.02
4049,Hans Kim,hans.kim4049@example.com,United States,2019-03-06,Standard,3561.58
4050,Hans Harris,hans.harris4050@example.com,United Kingdom,2021-12-24,Basic,546.99
4051,Michelle Silva,michelle.silva4051@example.com,Italy,2023-09-10,Basic,206.70
4052,Donna Kim,donna.kim4052@example.com,Spain,2023-03-27,Standard,3321.61
4053,Nancy White,nancy.white4053@example.com,Spain,2019-05-09,Basic,61.63
4054,Mark Perez,mark.perez4054@example.com,Japan,2019-11-10,Standard,2883.44
4055,Mary Walker,mary.walker4055@example.com,Japan,2023-12-05,Basic,540.80
4056,Mark King,mark.king4056@example.com,Brazil,2019-07-18,Basic,623.51
4057,Joshua Silva,joshua.silva4057@example.com,Germany,2023-04-01,Premium,3455.36
4058,Anthony Miller,anthony.miller4058@example.com,Japan,2025-09-28,Standard,2145.55
4059,Ingrid Flores,ingrid.flores4059@example.com,Singapore,2019-09-26,Standard,693.16
4060,Richard Singh,richard.singh4060@example.com,Netherlands,2024-08-05,Standard,2608.22
4061,Matthew Taylor,matthew.taylor4061@example.com,Netherlands,2019-05-10,Standard,2234.80
4062,Ashley Perez,ashley.perez4062@example.com,United States,2023-01-07,Basic,702.65
4063,Emily Miller,emily.miller4063@example.com,United States,2020-01-16,Basic,638.62
4064,Emily Smith,emily.smith4064@example.com,Italy,2024-02-27,Standard,1592.08
4065,Daniel Robinson,daniel.robinson4065@example.com,Japan,2018-05-09,Basic,11.78
4066,Ananya Taylor,ananya.taylor4066@example.com,France,2020-03-06,Standard,3233.93
4067,William Wilson,william.wilson4067@example.com,United Kingdom,2019-10-27,Basic,776.22
4068,Linda Sanchez,linda.sanchez4068@example.com,Netherlands,2022-04-24,Standard,2489.37
4069,Hans Harris,hans.harris4069@example.com,Singapore,2023-02-11,Standard,1186.41
4070,Wei Walker,wei.walker4070@example.com,Netherlands,2022-12-18,Premium,10869.12
4071,Daniel Jones,daniel.jones4071@example.com,Italy,2019-04-30,Standard,1134.45
4072,Lisa Khan,lisa.khan4072@example.com,United Arab Emirates,2019-08-05,Basic,71.55
4073,Patricia Mueller,patricia.mueller4073@example.com,Australia,2021-05-06,Premium,12704.87
4074,Matthew Jones,matthew.jones4074@example.com,United Arab Emirates,2018-02-09,Premium,4828.61
4075,Lisa Williams,lisa.williams4075@example.com,Singapore,2025-04-11,Basic,418.15
4076,Thomas Hernandez,thomas.hernandez4076@example.com,Germany,2025-11-18,Standard,3042.62
4077,Linda Flores,linda.flores4077@example.com,Germany,2024-06-25,Standard,720.42
4078,Paul Jackson,paul.jackson4078@example.com,Germany,2018-04-07,Standard,238.83
4079,Michael Mueller,michael.mueller4079@example.com,Netherlands,2018-11-02,Standard,3293.38
4080,Christopher Anderson,christopher.anderson4080@example.com,Canada,2022-02-17,Premium,13850.70
4081,Matthew Walker,matthew.walker4081@example.com,Netherlands,2024-03-03,Basic,791.33
4082,Omar Jackson,omar.jackson4082@example.com,Netherlands,2020-09-30,Standard,1078.14
4083,Michelle Perez,michelle.perez4083@example.com,Japan,2019-01-07,Standard,555.20
4084,Christopher Johnson,christopher.johnson4084@example.com,United Arab Emirates,2021-02-05,Basic,729.67
4085,Anthony Taylor,anthony.taylor4085@example.com,United Kingdom,2023-07-03,Basic,404.45
4086,Donna Ramirez,donna.ramirez4086@example.com,Canada,2021-08-03,Basic,377.97
4087,Emily Perez,emily.perez4087@example.com,Netherlands,2019-04-01,Standard,719.90
4088,Ingrid Jones,ingrid.jones4088@example.com,United Arab Emirates,2023-07-12,Basic,263.61
4089,Michael Rodriguez,michael.rodriguez4089@example.com,India,2024-04-24,Standard,2091.45
4090,Michael Perez,michael.perez4090@example.com,United Kingdom,2022-03-22,Standard,3445.51
4091,Aarav Williams,aarav.williams4091@example.com,Netherlands,2024-09-17,Basic,369.49
4092,Joseph Rossi,joseph.rossi4092@example.com,United Kingdom,2021-04-25,Standard,3189.72
4093,Margaret Silva,margaret.silva4093@example.com,India,2021-02-21,Basic,338.28
4094,Sandra Robinson,sandra.robinson4094@example.com,India,2018-09-22,Premium,7740.06
4095,Mary Robinson,mary.robinson4095@example.com,Singapore,2023-08-11,Standard,1962.61
4096,Lisa Harris,lisa.harris4096@example.com,Netherlands,2025-04-25,Basic,384.55
4097,Ananya Silva,ananya.silva4097@example.com,Spain,2018-09-08,Standard,1022.75
4098,Ashley Lee,ashley.lee4098@example.com,Germany,2023-12-12,Standard,260.59
4099,Barbara Lewis,barbara.lewis4099@example.com,Canada,2021-05-20,Standard,2112.37
4100,Christopher Ali,christopher.ali4100@example.com,United Kingdom,2022-04-20,Standard,389.28
4101,Andrew Lopez,andrew.lopez4101@example.com,Netherlands,2022-06-04,Standard,2803.95
4102,Betty Martinez,betty.martinez4102@example.com,United Kingdom,2024-03-23,Basic,412.96
4103,Karen Williams,karen.williams4103@example.com,Australia,2020-10-23,Standard,717.21
4104,Mark Kim,mark.kim4104@example.com,Spain,2020-04-27,Basic,115.05
4105,Robert Ali,robert.ali4105@example.com,India,2020-05-02,Standard,2961.19
4106,Betty Walker,betty.walker4106@example.com,United Kingdom,2022-01-06,Standard,2494.22
4107,Susan King,susan.king4107@example.com,Japan,2023-05-01,Standard,2508.05
4108,Anthony Chen,anthony.chen4108@example.com,Netherlands,2020-12-14,Standard,2164.65
4109,Kimberly Sanchez,kimberly.sanchez4109@example.com,Germany,2019-12-24,Standard,418.63
4110,Nancy Costa,nancy.costa4110@example.com,Germany,2020-11-29,Standard,222.90
4111,Mary Singh,mary.singh4111@example.com,Singapore,2024-10-09,Standard,3133.61
4112,Donald Gonzalez,donald.gonzalez4112@example.com,Italy,2018-12-10,Standard,3836.57
4113,Christopher Hill,christopher.hill4113@example.com,Australia,2020-11-20,Basic,621.21
4114,Christopher Gonzalez,christopher.gonzalez4114@example.com,Italy,2021-08-10,Standard,1763.68
4115,Patricia Mueller,patricia.mueller4115@example.com,Mexico,2023-03-13,Standard,2099.28
4116,Nancy Thompson,nancy.thompson4116@example.com,Australia,2018-11-12,Standard,2429.45
4117,Mary Thomas,mary.thomas4117@example.com,Japan,2020-11-29,Basic,117.73
4118,Barbara Walker,barbara.walker4118@example.com,Australia,2019-06-18,Standard,1930.68
4119,Susan Lopez,susan.lopez4119@example.com,United Kingdom,2019-12-20,Premium,14268.01
4120,Elizabeth Walker,elizabeth.walker4120@example.com,Netherlands,2018-11-04,Premium,12866.92
4121,Lisa Kim,lisa.kim4121@example.com,Australia,2024-10-21,Basic,96.55
4122,Ashley Miller,ashley.miller4122@example.com,United States,2021-04-21,Standard,798.94
4123,Paul White,paul.white4123@example.com,France,2024-03-12,Premium,7253.93
4124,Emily Anderson,emily.anderson4124@example.com,United Kingdom,2019-03-01,Premium,12862.09
4125,Donna Smith,donna.smith4125@example.com,Singapore,2020-01-04,Standard,911.29
4126,Barbara Mueller,barbara.mueller4126@example.com,Mexico,2024-03-01,Standard,252.87
4127,Sarah Lopez,sarah.lopez4127@example.com,France,2023-07-23,Standard,3349.54
4128,Patricia Ramirez,patricia.ramirez4128@example.com,Singapore,2018-10-20,Standard,1912.19
4129,Hans Johnson,hans.johnson4129@example.com,Netherlands,2018-11-26,Basic,320.05
4130,Richard Lewis,richard.lewis4130@example.com,United States,2021-11-03,Basic,548.20
4131,John Jackson,john.jackson4131@example.com,Germany,2020-01-27,Standard,1770.42
4132,Sandra Lopez,sandra.lopez4132@example.com,France,2022-03-24,Standard,2394.77
4133,Linda Lewis,linda.lewis4133@example.com,France,2022-12-22,Standard,1846.28
4134,Jessica Scott,jessica.scott4134@example.com,Germany,2024-04-24,Premium,2422.65
4135,Betty Silva,betty.silva4135@example.com,France,2018-09-07,Basic,125.02
4136,Daniel Flores,daniel.flores4136@example.com,Singapore,2024-03-02,Basic,260.04
4137,Omar Hill,omar.hill4137@example.com,Mexico,2020-07-10,Standard,683.44
4138,Omar Hernandez,omar.hernandez4138@example.com,Brazil,2020-01-09,Basic,432.73
4139,Jennifer Hernandez,jennifer.hernandez4139@example.com,Canada,2022-05-07,Basic,177.77
4140,Ananya Brown,ananya.brown4140@example.com,Netherlands,2024-04-25,Standard,3305.00
4141,Patricia Rodriguez,patricia.rodriguez4141@example.com,Italy,2022-09-16,Basic,362.05
4142,Ananya Perez,ananya.perez4142@example.com,Brazil,2019-11-12,Basic,442.37
4143,Karen Thompson,karen.thompson4143@example.com,Mexico,2023-06-27,Basic,211.82
4144,Sofia Patel,sofia.patel4144@example.com,United States,2023-01-29,Standard,2946.59
4145,Steven Wright,steven.wright4145@example.com,Singapore,2018-01-12,Standard,1791.04
4146,Ashley White,ashley.white4146@example.com,Singapore,2018-03-30,Basic,135.72
4147,Paul Smith,paul.smith4147@example.com,United Arab Emirates,2019-02-28,Standard,2347.17
4148,David Hill,david.hill4148@example.com,United Kingdom,2018-11-15,Premium,13753.54
4149,Ingrid Martin,ingrid.martin4149@example.com,Germany,2024-12-13,Basic,26.06
4150,Thomas Wright,thomas.wright4150@example.com,United States,2024-07-23,Standard,1055.65
4151,David Thompson,david.thompson4151@example.com,Germany,2020-04-24,Basic,138.65
4152,David Thomas,david.thomas4152@example.com,United States,2019-09-23,Standard,3276.43
4153,Ananya Perez,ananya.perez4153@example.com,United States,2019-04-10,Standard,2549.13
4154,Carlos Anderson,carlos.anderson4154@example.com,France,2021-09-07,Basic,636.97
4155,Yuki Williams,yuki.williams4155@example.com,Australia,2024-07-07,Standard,2116.32
4156,Emily Scott,emily.scott4156@example.com,Netherlands,2020-05-02,Standard,2570.37
4157,Hans Costa,hans.costa4157@example.com,United Arab Emirates,2019-10-27,Standard,1319.26
4158,Jessica Sanchez,jessica.sanchez4158@example.com,Mexico,2022-10-14,Basic,105.81
4159,Paul Johnson,paul.johnson4159@example.com,Italy,2024-01-15,Standard,3999.32
4160,Joseph Davis,joseph.davis4160@example.com,Netherlands,2021-01-08,Premium,11784.56
4161,Jennifer Hernandez,jennifer.hernandez4161@example.com,United States,2022-12-25,Basic,624.06
4162,Hans Hill,hans.hill4162@example.com,United Arab Emirates,2024-11-10,Standard,2484.35
4163,William Brown,william.brown4163@example.com,Germany,2023-07-27,Premium,7219.35
4164,Robert Walker,robert.walker4164@example.com,Mexico,2022-03-03,Standard,1255.85
4165,Robert Smith,robert.smith4165@example.com,Mexico,2021-01-03,Standard,2635.49
4166,Andrew Wilson,andrew.wilson4166@example.com,India,2024-12-23,Basic,788.79
4167,Michael Nguyen,michael.nguyen4167@example.com,Australia,2023-01-03,Premium,2988.18
4168,Joseph Miller,joseph.miller4168@example.com,Germany,2022-06-30,Standard,686.81
4169,Margaret Moore,margaret.moore4169@example.com,United Kingdom,2025-06-28,Standard,3441.58
4170,Aarav Sanchez,aarav.sanchez4170@example.com,Canada,2019-08-05,Standard,2864.63
4171,Michelle Ramirez,michelle.ramirez4171@example.com,Netherlands,2020-07-25,Premium,2343.85
4172,Andrew Nguyen,andrew.nguyen4172@example.com,Italy,2023-12-24,Standard,3629.07
4173,Christopher Rodriguez,christopher.rodriguez4173@example.com,Germany,2019-11-12,Standard,2879.57
4174,Robert Thompson,robert.thompson4174@example.com,Singapore,2021-09-21,Standard,1547.58
4175,Christopher Miller,christopher.miller4175@example.com,Italy,2019-07-26,Standard,581.40
4176,Aarav Miller,aarav.miller4176@example.com,Spain,2018-07-22,Standard,2166.21
4177,Mark Young,mark.young4177@example.com,Brazil,2025-02-25,Basic,111.73
4178,Sandra Hill,sandra.hill4178@example.com,India,2025-10-07,Basic,593.00
4179,William Martinez,william.martinez4179@example.com,Japan,2024-02-12,Basic,189.01
4180,Thomas Patel,thomas.patel4180@example.com,India,2025-11-08,Basic,745.42
4181,Linda Nguyen,linda.nguyen4181@example.com,United Arab Emirates,2018-01-31,Standard,1349.54
4182,Paul Walker,paul.walker4182@example.com,Australia,2023-07-12,Standard,2609.38
4183,Andrew Gonzalez,andrew.gonzalez4183@example.com,United Arab Emirates,2020-08-18,Basic,606.04
4184,Donna Nguyen,donna.nguyen4184@example.com,Australia,2021-12-22,Basic,76.22
4185,Michelle Brown,michelle.brown4185@example.com,Brazil,2024-02-02,Standard,2728.95
4186,Margaret Moore,margaret.moore4186@example.com,Japan,2021-09-28,Premium,10275.02
4187,Daniel Mueller,daniel.mueller4187@example.com,Germany,2024-01-27,Standard,852.83
4188,Ingrid Lee,ingrid.lee4188@example.com,Italy,2023-05-12,Standard,712.91
4189,Barbara Johnson,barbara.johnson4189@example.com,France,2022-06-18,Basic,385.80
4190,Wei Nguyen,wei.nguyen4190@example.com,India,2021-06-03,Basic,739.18
4191,Ingrid Patel,ingrid.patel4191@example.com,Italy,2022-03-09,Basic,64.12
4192,Donna Sanchez,donna.sanchez4192@example.com,United Kingdom,2019-12-09,Standard,897.55
4193,Daniel Smith,daniel.smith4193@example.com,Japan,2020-01-22,Basic,282.14
4194,Wei Patel,wei.patel4194@example.com,Netherlands,2021-05-13,Standard,1899.44
4195,Emily Clark,emily.clark4195@example.com,Netherlands,2020-10-28,Standard,3547.09
4196,Ananya Smith,ananya.smith4196@example.com,United Kingdom,2019-10-28,Premium,5193.89
4197,Sarah Garcia,sarah.garcia4197@example.com,Mexico,2019-12-18,Standard,2457.28
4198,James Hill,james.hill4198@example.com,Australia,2022-06-04,Basic,136.19
4199,Omar Lewis,omar.lewis4199@example.com,Australia,2022-06-21,Premium,2003.21
4200,Nancy Brown,nancy.brown4200@example.com,India,2022-10-29,Basic,155.36
4201,Robert Walker,robert.walker4201@example.com,Spain,2018-06-11,Basic,15.01
4202,Joseph Flores,joseph.flores4202@example.com,Italy,2018-12-12,Premium,9473.97
4203,Jessica White,jessica.white4203@example.com,Japan,2024-12-11,Basic,142.11
4204,David Martin,david.martin4204@example.com,Canada,2018-12-22,Basic,759.71
4205,Joseph Harris,joseph.harris4205@example.com,Italy,2018-07-11,Basic,335.90
4206,Mary King,mary.king4206@example.com,Brazil,2025-05-23,Premium,2484.53
4207,Betty Moore,betty.moore4207@example.com,United Arab Emirates,2025-09-07,Standard,3043.78
4208,Patricia Walker,patricia.walker4208@example.com,Singapore,2019-06-16,Basic,312.74
4209,Susan Ali,susan.ali4209@example.com,India,2018-02-12,Standard,255.96
4210,Christopher Anderson,christopher.anderson4210@example.com,Germany,2021-01-16,Standard,1809.91
4211,Mark Ramirez,mark.ramirez4211@example.com,Singapore,2020-07-02,Standard,2758.53
4212,Susan Gonzalez,susan.gonzalez4212@example.com,Canada,2018-02-20,Basic,514.33
4213,Michelle Taylor,michelle.taylor4213@example.com,Canada,2022-11-18,Standard,1338.75
4214,Richard Ali,richard.ali4214@example.com,India,2021-02-04,Premium,13699.07
4215,Charles Davis,charles.davis4215@example.com,Germany,2023-02-27,Basic,142.94
4216,Donald Chen,donald.chen4216@example.com,Japan,2022-01-22,Basic,381.29
4217,Anthony Silva,anthony.silva4217@example.com,Singapore,2025-10-07,Premium,4709.57
4218,Thomas Hill,thomas.hill4218@example.com,Mexico,2018-07-04,Standard,3311.40
4219,Margaret Jones,margaret.jones4219@example.com,Singapore,2021-10-25,Standard,580.33
4220,Emily Lewis,emily.lewis4220@example.com,Canada,2023-07-19,Premium,10056.39
4221,Andrew Gonzalez,andrew.gonzalez4221@example.com,Italy,2020-01-19,Standard,356.47
4222,David Jackson,david.jackson4222@example.com,Brazil,2021-06-14,Standard,1213.11
4223,Sarah Jones,sarah.jones4223@example.com,United Kingdom,2020-06-16,Basic,214.93
4224,Margaret Costa,margaret.costa4224@example.com,Germany,2023-08-15,Standard,3330.88
4225,Andrew Taylor,andrew.taylor4225@example.com,Netherlands,2018-02-14,Standard,828.93
4226,Charles Costa,charles.costa4226@example.com,Italy,2020-07-12,Standard,1638.30
4227,Hans Rodriguez,hans.rodriguez4227@example.com,Mexico,2018-06-19,Standard,1267.32
4228,Sandra Lopez,sandra.lopez4228@example.com,Australia,2025-12-02,Standard,1211.64
4229,Ananya Smith,ananya.smith4229@example.com,United States,2024-09-05,Basic,271.12
4230,Steven Perez,steven.perez4230@example.com,India,2023-05-28,Standard,3019.29
4231,Sarah Lopez,sarah.lopez4231@example.com,Italy,2021-02-14,Premium,5047.93
4232,Ingrid Nguyen,ingrid.nguyen4232@example.com,Singapore,2018-05-14,Standard,2409.89
4233,Joseph Walker,joseph.walker4233@example.com,France,2025-07-15,Standard,1823.90
4234,Karen Young,karen.young4234@example.com,Spain,2022-08-09,Basic,589.63
4235,Charles Anderson,charles.anderson4235@example.com,United Arab Emirates,2023-11-11,Standard,1195.31
4236,Susan Robinson,susan.robinson4236@example.com,Italy,2022-03-17,Premium,3070.61
4237,Hans Lewis,hans.lewis4237@example.com,Singapore,2021-12-10,Basic,702.78
4238,Thomas Clark,thomas.clark4238@example.com,United Kingdom,2025-08-14,Basic,701.47
4239,Hans Anderson,hans.anderson4239@example.com,United Arab Emirates,2018-10-03,Standard,1597.42
4240,Karen Khan,karen.khan4240@example.com,India,2023-10-21,Premium,11705.08
4241,Andrew Williams,andrew.williams4241@example.com,United Kingdom,2023-01-29,Basic,380.30
4242,Omar Hernandez,omar.hernandez4242@example.com,Canada,2018-02-15,Standard,3152.87
4243,Karen Perez,karen.perez4243@example.com,Brazil,2025-04-15,Premium,12936.35
4244,Emily Harris,emily.harris4244@example.com,Germany,2022-01-28,Premium,7354.67
4245,Margaret Williams,margaret.williams4245@example.com,United States,2020-07-22,Standard,2882.37
4246,Mark Moore,mark.moore4246@example.com,Mexico,2023-09-17,Basic,196.52
4247,Mary Sanchez,mary.sanchez4247@example.com,Brazil,2025-06-20,Standard,1001.76
4248,Betty Walker,betty.walker4248@example.com,United Arab Emirates,2019-05-08,Basic,438.39
4249,William Lopez,william.lopez4249@example.com,Australia,2022-08-08,Basic,710.28
4250,Donald Torres,donald.torres4250@example.com,Netherlands,2018-11-29,Standard,2534.37
4251,Ingrid Allen,ingrid.allen4251@example.com,Spain,2023-09-08,Standard,1837.45
4252,Susan Allen,susan.allen4252@example.com,Spain,2024-09-14,Basic,646.67
4253,John Harris,john.harris4253@example.com,Germany,2024-06-03,Standard,1775.90
4254,Karen Singh,karen.singh4254@example.com,Italy,2023-10-11,Basic,554.88
4255,Steven Silva,steven.silva4255@example.com,Australia,2018-04-09,Standard,3019.19
4256,Christopher Patel,christopher.patel4256@example.com,United States,2025-07-10,Standard,2619.84
4257,Andrew Rodriguez,andrew.rodriguez4257@example.com,Canada,2025-10-15,Premium,7920.35
4258,Thomas Kim,thomas.kim4258@example.com,Australia,2025-11-07,Basic,611.87
4259,Paul Sanchez,paul.sanchez4259@example.com,Brazil,2018-05-02,Standard,1747.11
4260,Susan Lopez,susan.lopez4260@example.com,Netherlands,2018-10-13,Basic,321.78
4261,David Torres,david.torres4261@example.com,Spain,2018-03-02,Basic,379.65
4262,Donna Nguyen,donna.nguyen4262@example.com,Singapore,2023-09-16,Standard,3389.36
4263,Jennifer Singh,jennifer.singh4263@example.com,Singapore,2024-01-07,Basic,744.39
4264,Ashley Davis,ashley.davis4264@example.com,Australia,2025-11-17,Standard,1426.86
4265,Ingrid Wilson,ingrid.wilson4265@example.com,Germany,2023-03-15,Basic,72.35
4266,Sofia Smith,sofia.smith4266@example.com,Singapore,2021-06-15,Standard,2520.83
4267,David Sanchez,david.sanchez4267@example.com,United Kingdom,2018-05-04,Standard,983.74
4268,Omar Nguyen,omar.nguyen4268@example.com,Spain,2020-08-18,Standard,3895.41
4269,Jennifer Singh,jennifer.singh4269@example.com,India,2021-05-23,Basic,549.67
4270,Aarav Hill,aarav.hill4270@example.com,Canada,2021-03-02,Standard,1563.41
4271,Andrew Flores,andrew.flores4271@example.com,Brazil,2018-04-20,Basic,795.11
4272,Joshua Lopez,joshua.lopez4272@example.com,India,2024-01-16,Premium,7709.46
4273,James White,james.white4273@example.com,Mexico,2023-12-13,Standard,817.14
4274,Sarah Anderson,sarah.anderson4274@example.com,Japan,2021-02-12,Standard,2703.02
4275,Jessica Brown,jessica.brown4275@example.com,Netherlands,2025-10-12,Standard,2777.52
4276,Sofia Jones,sofia.jones4276@example.com,Japan,2019-04-03,Standard,1774.28
4277,Steven Smith,steven.smith4277@example.com,Australia,2025-03-10,Standard,1230.10
4278,Joseph Singh,joseph.singh4278@example.com,United Arab Emirates,2025-03-27,Premium,8860.15
4279,Hans Silva,hans.silva4279@example.com,United States,2019-02-26,Basic,303.69
4280,Thomas Costa,thomas.costa4280@example.com,Italy,2025-05-19,Standard,739.28
4281,Ananya Allen,ananya.allen4281@example.com,United States,2020-03-29,Premium,14213.27
4282,Ingrid Williams,ingrid.williams4282@example.com,United States,2024-09-19,Premium,14705.24
4283,Anthony Patel,anthony.patel4283@example.com,Brazil,2018-07-16,Standard,973.63
4284,Steven Patel,steven.patel4284@example.com,Japan,2025-03-08,Standard,3613.37
4285,Robert Robinson,robert.robinson4285@example.com,United Kingdom,2023-12-06,Standard,829.30
4286,Anthony Scott,anthony.scott4286@example.com,Singapore,2021-04-27,Standard,3365.11
4287,Kimberly Lee,kimberly.lee4287@example.com,United States,2025-05-29,Basic,680.53
4288,Sandra Martinez,sandra.martinez4288@example.com,Spain,2024-07-01,Standard,3870.58
4289,Andrew Lopez,andrew.lopez4289@example.com,Brazil,2025-01-29,Standard,1247.32
4290,Robert Clark,robert.clark4290@example.com,Australia,2024-08-23,Standard,2804.61
4291,Carlos Hill,carlos.hill4291@example.com,Australia,2019-03-28,Basic,137.19
4292,Donald Sanchez,donald.sanchez4292@example.com,United States,2024-04-02,Standard,325.76
4293,William Johnson,william.johnson4293@example.com,Canada,2023-02-12,Standard,415.91
4294,Hans Lopez,hans.lopez4294@example.com,Australia,2020-03-08,Basic,538.01
4295,Thomas Moore,thomas.moore4295@example.com,India,2024-09-02,Standard,1649.64
4296,Ananya Lopez,ananya.lopez4296@example.com,India,2023-11-08,Standard,2785.77
4297,Ashley Smith,ashley.smith4297@example.com,United States,2021-04-24,Premium,12536.58
4298,Wei Martinez,wei.martinez4298@example.com,Spain,2022-03-12,Standard,1016.81
4299,Joshua Johnson,joshua.johnson4299@example.com,United Arab Emirates,2019-10-02,Standard,3835.93
4300,Sandra White,sandra.white4300@example.com,United Kingdom,2024-03-08,Standard,3656.00
4301,Andrew Lewis,andrew.lewis4301@example.com,Singapore,2025-11-24,Standard,423.44
4302,Michelle Harris,michelle.harris4302@example.com,Brazil,2018-01-04,Standard,701.06
4303,Hans Jackson,hans.jackson4303@example.com,India,2019-06-29,Standard,3408.95
4304,Omar Martin,omar.martin4304@example.com,India,2020-06-29,Premium,11079.22
4305,Margaret Taylor,margaret.taylor4305@example.com,Canada,2025-11-06,Standard,2224.60
4306,Mark White,mark.white4306@example.com,France,2025-08-15,Basic,13.01
4307,Jessica Sanchez,jessica.sanchez4307@example.com,France,2023-09-21,Basic,437.43
4308,Linda Thompson,linda.thompson4308@example.com,Mexico,2023-01-25,Basic,798.46
4309,Jessica King,jessica.king4309@example.com,Italy,2022-06-27,Standard,1762.23
4310,Richard Rodriguez,richard.rodriguez4310@example.com,United States,2022-04-11,Standard,1732.28
4311,Sandra Hill,sandra.hill4311@example.com,Japan,2022-07-29,Basic,226.96
4312,Robert Rodriguez,robert.rodriguez4312@example.com,France,2024-05-11,Standard,3303.07
4313,Wei Lopez,wei.lopez4313@example.com,United States,2020-11-16,Premium,4417.94
4314,Kimberly Harris,kimberly.harris4314@example.com,Australia,2024-04-27,Standard,2555.55
4315,James Harris,james.harris4315@example.com,Canada,2023-02-02,Standard,3804.79
4316,Andrew Nguyen,andrew.nguyen4316@example.com,Germany,2021-11-13,Standard,1632.43
4317,Donna Hill,donna.hill4317@example.com,United Kingdom,2024-08-05,Standard,3676.29
4318,Joshua Rossi,joshua.rossi4318@example.com,Germany,2021-08-06,Standard,3055.68
4319,Sofia Walker,sofia.walker4319@example.com,Australia,2024-03-27,Basic,411.81
4320,Fatima Young,fatima.young4320@example.com,United Kingdom,2022-03-05,Standard,3682.19
4321,Margaret Smith,,Germany,2020-11-09,Standard,2195.73
4322,Patricia King,patricia.king4322@example.com,Netherlands,2020-10-27,Basic,716.17
4323,Jessica Miller,jessica.miller4323@example.com,Mexico,2023-12-03,Standard,3034.94
4324,Hans Hill,hans.hill4324@example.com,United Kingdom,2022-07-07,Premium,2127.97
4325,James Jones,james.jones4325@example.com,United States,2025-04-26,Standard,3919.78
4326,Omar Robinson,omar.robinson4326@example.com,United Kingdom,2024-12-01,Basic,579.50
4327,Robert Martin,robert.martin4327@example.com,Spain,2020-07-18,Basic,682.33
4328,Charles Rossi,charles.rossi4328@example.com,Canada,2020-06-10,Basic,240.42
4329,Mary Wilson,mary.wilson4329@example.com,Mexico,2023-07-24,Standard,1421.31
4330,Aarav Wright,aarav.wright4330@example.com,United States,2024-08-19,Standard,2529.01
4331,Margaret Kim,margaret.kim4331@example.com,Spain,2022-04-21,Standard,1329.07
4332,Sofia Chen,sofia.chen4332@example.com,United Kingdom,2021-04-30,Basic,726.87
4333,Nancy Flores,nancy.flores4333@example.com,Spain,2019-09-12,Basic,44.49
4334,Barbara Anderson,barbara.anderson4334@example.com,Germany,2018-05-07,Standard,2366.87
4335,Ashley Ramirez,ashley.ramirez4335@example.com,Netherlands,2019-02-24,Standard,2565.06
4336,Thomas Scott,thomas.scott4336@example.com,Australia,2019-05-28,Basic,732.30
4337,Andrew Costa,andrew.costa4337@example.com,Singapore,2018-05-20,Standard,2666.33
4338,Lisa Sanchez,lisa.sanchez4338@example.com,United Arab Emirates,2018-01-18,Standard,523.67
4339,Wei White,wei.white4339@example.com,United Arab Emirates,2018-01-12,Standard,1904.57
4340,Anthony Clark,anthony.clark4340@example.com,Japan,2022-10-30,Premium,9434.32
4341,Donald Martinez,donald.martinez4341@example.com,Spain,2025-03-14,Basic,770.87
4342,Charles Smith,charles.smith4342@example.com,Netherlands,2021-06-12,Standard,2064.86
4343,Linda Ali,linda.ali4343@example.com,Germany,2018-10-25,Standard,2695.26
4344,Donald Chen,donald.chen4344@example.com,Singapore,2022-07-16,Standard,568.35
4345,Patricia Young,patricia.young4345@example.com,Germany,2025-03-16,Standard,844.32
4346,Ashley Thompson,ashley.thompson4346@example.com,Australia,2018-12-19,Premium,11848.40
4347,Hans Chen,hans.chen4347@example.com,United States,2019-08-24,Standard,2841.04
4348,Michelle Mueller,michelle.mueller4348@example.com,Mexico,2018-10-18,Basic,472.63
4349,Kimberly Walker,kimberly.walker4349@example.com,Brazil,2018-06-15,Standard,921.53
4350,Carlos Lopez,carlos.lopez4350@example.com,Singapore,2021-06-25,Basic,220.05
4351,Mark Jackson,mark.jackson4351@example.com,United States,2021-01-14,Standard,2074.85
4352,Mary Lewis,mary.lewis4352@example.com,Japan,2022-08-31,Basic,692.80
4353,Ingrid Anderson,ingrid.anderson4353@example.com,Canada,2018-01-22,Standard,2828.95
4354,Donald Clark,donald.clark4354@example.com,Netherlands,2024-10-27,Standard,470.91
4355,Donald Patel,donald.patel4355@example.com,United Arab Emirates,2025-09-19,Premium,9245.72
4356,Ingrid Thompson,ingrid.thompson4356@example.com,Italy,2020-09-05,Premium,14493.18
4357,David Wright,david.wright4357@example.com,Canada,2021-01-02,Standard,1536.37
4358,Richard Taylor,richard.taylor4358@example.com,Singapore,2018-10-28,Premium,9258.48
4359,Daniel Allen,daniel.allen4359@example.com,India,2024-02-09,Premium,11645.84
4360,Carlos Mueller,carlos.mueller4360@example.com,India,2023-01-25,Basic,208.46
4361,Fatima Flores,fatima.flores4361@example.com,India,2020-10-16,Standard,2488.65
4362,Linda Sanchez,linda.sanchez4362@example.com,Brazil,2023-04-21,Premium,2035.01
4363,Charles Smith,charles.smith4363@example.com,United Arab Emirates,2018-02-21,Standard,2923.93
4364,Christopher Martin,christopher.martin4364@example.com,France,2018-03-17,Premium,14927.99
4365,Jessica Hill,jessica.hill4365@example.com,Italy,2024-02-15,Basic,119.69
4366,Jennifer Wright,jennifer.wright4366@example.com,Germany,2024-08-07,Premium,6974.05
4367,Ingrid Hernandez,ingrid.hernandez4367@example.com,Italy,2018-06-13,Basic,190.84
4368,Lisa Wright,lisa.wright4368@example.com,Spain,2021-02-15,Standard,2587.70
4369,Omar Mueller,omar.mueller4369@example.com,Brazil,2023-12-28,Premium,9026.30
4370,Elizabeth Sanchez,elizabeth.sanchez4370@example.com,Mexico,2025-10-29,Standard,1484.20
4371,Matthew Jackson,matthew.jackson4371@example.com,Italy,2024-09-24,Standard,985.26
4372,Susan Rossi,susan.rossi4372@example.com,Italy,2022-09-07,Standard,702.17
4373,Patricia Gonzalez,patricia.gonzalez4373@example.com,Brazil,2021-05-13,Standard,1201.86
4374,Mary Allen,mary.allen4374@example.com,United Arab Emirates,2018-08-07,Basic,609.67
4375,Margaret Young,margaret.young4375@example.com,Italy,2024-10-14,Premium,9259.06
4376,John Hill,john.hill4376@example.com,Spain,2019-04-27,Standard,2478.04
4377,Michelle Garcia,michelle.garcia4377@example.com,Italy,2025-10-08,Standard,2590.97
4378,Charles Anderson,charles.anderson4378@example.com,Germany,2025-08-20,Premium,13130.07
4379,Elizabeth Harris,elizabeth.harris4379@example.com,Canada,2021-10-05,Standard,2241.03
4380,Emily Perez,emily.perez4380@example.com,India,2019-10-30,Standard,3241.30
4381,Jessica Lopez,jessica.lopez4381@example.com,Canada,2024-08-30,Standard,2693.55
4382,John Jackson,john.jackson4382@example.com,Netherlands,2025-09-01,Basic,537.79
4383,David Martinez,david.martinez4383@example.com,Germany,2024-09-26,Premium,13764.79
4384,Yuki Smith,yuki.smith4384@example.com,France,2022-01-28,Standard,2902.44
4385,Charles Walker,charles.walker4385@example.com,Netherlands,2018-08-21,Basic,690.83
4386,Yuki Singh,yuki.singh4386@example.com,United Arab Emirates,2025-03-08,Basic,716.32
4387,Jennifer Lewis,jennifer.lewis4387@example.com,France,2022-05-19,Basic,596.72
4388,Michelle Torres,michelle.torres4388@example.com,Germany,2024-06-19,Standard,1234.74
4389,Ashley Harris,ashley.harris4389@example.com,United Kingdom,2022-07-27,Basic,143.84
4390,Christopher Khan,christopher.khan4390@example.com,Australia,2018-01-12,Basic,290.64
4391,James Rodriguez,james.rodriguez4391@example.com,Canada,2023-12-30,Basic,240.97
4392,William White,william.white4392@example.com,Japan,2023-01-11,Standard,222.56
4393,Matthew King,matthew.king4393@example.com,India,2018-08-01,Standard,1694.81
4394,John Sanchez,john.sanchez4394@example.com,Australia,2018-02-04,Standard,1609.67
4395,William Rossi,william.rossi4395@example.com,Spain,2018-12-26,Standard,2658.52
4396,Margaret Moore,margaret.moore4396@example.com,Mexico,2024-02-11,Basic,470.21
4397,James Wilson,james.wilson4397@example.com,Mexico,2019-04-30,Standard,3956.06
4398,Patricia Mueller,patricia.mueller4398@example.com,United States,2019-08-10,Standard,1586.38
4399,Mary Hill,mary.hill4399@example.com,United Kingdom,2025-09-21,Standard,960.12
4400,Sandra Silva,sandra.silva4400@example.com,Brazil,2025-10-22,Standard,2470.33
4401,Joseph Davis,joseph.davis4401@example.com,Singapore,2020-02-04,Standard,3882.87
4402,John Brown,john.brown4402@example.com,Japan,2022-10-29,Standard,363.39
4403,Sandra Thompson,sandra.thompson4403@example.com,Brazil,2021-04-24,Basic,529.27
4404,Thomas Moore,thomas.moore4404@example.com,Mexico,2019-07-16,Basic,35.08
4405,Charles Mueller,charles.mueller4405@example.com,Mexico,2021-02-27,Standard,2835.25
4406,Nancy Anderson,nancy.anderson4406@example.com,Canada,2024-04-02,Standard,261.90
4407,Emily Davis,emily.davis4407@example.com,Mexico,2022-05-14,Basic,278.29
4408,Daniel King,daniel.king4408@example.com,United Arab Emirates,2021-03-05,Standard,3095.94
4409,Betty Sanchez,betty.sanchez4409@example.com,United Kingdom,2024-09-11,Standard,3217.97
4410,Lisa Martinez,lisa.martinez4410@example.com,Mexico,2023-07-21,Premium,2680.33
4411,Omar Clark,omar.clark4411@example.com,Germany,2022-07-31,Standard,589.69
4412,Anthony Rodriguez,anthony.rodriguez4412@example.com,Australia,2018-05-05,Standard,1901.05
4413,Charles Lewis,charles.lewis4413@example.com,United Kingdom,2022-09-23,Basic,721.44
4414,Betty Johnson,betty.johnson4414@example.com,India,2018-09-15,Premium,6757.64
4415,Lisa Johnson,lisa.johnson4415@example.com,Germany,2025-08-20,Premium,2056.78
4416,Mark Anderson,mark.anderson4416@example.com,Spain,2019-01-05,Standard,1808.01
4417,Michael Lee,michael.lee4417@example.com,India,2023-11-27,Standard,1872.14
4418,Patricia White,patricia.white4418@example.com,France,2021-05-22,Premium,2975.69
4419,Jessica Nguyen,jessica.nguyen4419@example.com,Brazil,2024-05-12,Standard,1208.32
4420,Fatima Harris,fatima.harris4420@example.com,Italy,2022-02-05,Basic,171.04
4421,Yuki Lee,yuki.lee4421@example.com,United Arab Emirates,2023-03-31,Standard,2417.39
4422,Christopher Rossi,christopher.rossi4422@example.com,Mexico,2018-11-24,Standard,3082.19
4423,Kimberly Patel,kimberly.patel4423@example.com,Australia,2022-11-16,Standard,3864.81
4424,Karen Ali,karen.ali4424@example.com,Germany,2022-10-26,Standard,1454.37
4425,Linda Scott,linda.scott4425@example.com,United Arab Emirates,2021-08-13,Standard,2911.24
4426,Ashley Taylor,ashley.taylor4426@example.com,Japan,2023-02-28,Standard,1704.75
4427,James White,james.white4427@example.com,United States,2020-01-31,Standard,3888.16
4428,Sofia Khan,sofia.khan4428@example.com,Brazil,2018-12-30,Standard,2259.83
4429,Jessica Smith,jessica.smith4429@example.com,Canada,2024-04-27,Basic,148.49
4430,Mary Hill,mary.hill4430@example.com,Brazil,2020-09-17,Standard,1024.65
4431,Elizabeth Khan,elizabeth.khan4431@example.com,Italy,2023-05-17,Basic,170.16
4432,Yuki Rodriguez,yuki.rodriguez4432@example.com,Singapore,2022-07-17,Standard,1298.56
4433,John Lopez,john.lopez4433@example.com,United Arab Emirates,2019-07-01,Basic,257.73
4434,Hans Hernandez,hans.hernandez4434@example.com,United Arab Emirates,2023-02-28,Basic,300.85
4435,Donna Kim,donna.kim4435@example.com,United Kingdom,2022-12-05,Standard,1998.91
4436,Jessica Flores,jessica.flores4436@example.com,United Kingdom,2020-07-05,Basic,576.74
4437,Nancy Kim,nancy.kim4437@example.com,United Kingdom,2020-09-03,Premium,10918.14
4438,Mary Torres,mary.torres4438@example.com,Italy,2018-01-01,Premium,2848.36
4439,Michelle Gonzalez,michelle.gonzalez4439@example.com,Netherlands,2019-12-19,Standard,2161.81
4440,Charles Rodriguez,charles.rodriguez4440@example.com,France,2023-07-20,Standard,2707.40
4441,Joshua Nguyen,joshua.nguyen4441@example.com,United Arab Emirates,2024-10-26,Standard,234.55
4442,Yuki Walker,yuki.walker4442@example.com,India,2018-12-11,Standard,1447.37
4443,Sarah Khan,sarah.khan4443@example.com,United Arab Emirates,2022-05-13,Standard,418.80
4444,Mark Lee,mark.lee4444@example.com,Italy,2024-10-31,Standard,2564.88
4445,Richard Scott,richard.scott4445@example.com,Canada,2018-05-01,Basic,3.02
4446,Betty Jackson,betty.jackson4446@example.com,Germany,2025-07-21,Basic,123.78
4447,Ingrid Silva,ingrid.silva4447@example.com,Spain,2019-09-09,Standard,3671.72
4448,Ashley Lewis,ashley.lewis4448@example.com,Germany,2020-04-14,Standard,3769.09
4449,Anthony Rossi,anthony.rossi4449@example.com,United States,2022-06-20,Standard,1726.87
4450,Karen Rossi,karen.rossi4450@example.com,United Arab Emirates,2022-12-20,Standard,213.11
4451,Emily White,emily.white4451@example.com,Australia,2018-05-22,Premium,6355.76
4452,Christopher Hernandez,christopher.hernandez4452@example.com,Netherlands,2021-05-31,Standard,714.03
4453,Charles Garcia,charles.garcia4453@example.com,United States,2025-03-07,Basic,378.33
4454,Fatima Martin,fatima.martin4454@example.com,United Kingdom,2023-07-25,Basic,216.20
4455,Yuki Kim,yuki.kim4455@example.com,Brazil,2022-02-11,Basic,405.07
4456,Margaret Robinson,margaret.robinson4456@example.com,India,2024-05-20,Standard,3718.81
4457,Margaret Hernandez,margaret.hernandez4457@example.com,United States,2020-09-30,Premium,11185.65
4458,Richard Allen,richard.allen4458@example.com,India,2025-02-11,Standard,3418.41
4459,Betty Taylor,betty.taylor4459@example.com,Italy,2018-10-18,Basic,226.18
4460,Mark Moore,mark.moore4460@example.com,Brazil,2025-03-29,Standard,2427.55
4461,Michael King,michael.king4461@example.com,Mexico,2025-11-03,Basic,616.06
4462,Yuki Young,yuki.young4462@example.com,Singapore,2024-01-28,Basic,566.45
4463,Joshua Jones,joshua.jones4463@example.com,United Arab Emirates,2025-12-02,Standard,2123.13
4464,John Nguyen,john.nguyen4464@example.com,United Arab Emirates,2021-07-14,Basic,651.09
4465,James Jackson,james.jackson4465@example.com,Netherlands,2025-06-03,Standard,988.64
4466,Anthony Costa,anthony.costa4466@example.com,France,2020-06-05,Basic,102.05
4467,Sofia Anderson,sofia.anderson4467@example.com,France,2022-04-10,Basic,81.14
4468,Michael Hernandez,michael.hernandez4468@example.com,Mexico,2025-11-23,Basic,747.65
4469,Paul Kim,paul.kim4469@example.com,Singapore,2019-03-04,Premium,6284.08
4470,Charles Scott,charles.scott4470@example.com,Germany,2020-10-27,Basic,13.03
4471,Omar Jones,omar.jones4471@example.com,Brazil,2022-11-25,Standard,3016.99
4472,David Rodriguez,david.rodriguez4472@example.com,Singapore,2024-08-20,Basic,777.74
4473,Fatima Martin,fatima.martin4473@example.com,France,2019-12-09,Basic,661.37
4474,Aarav Hernandez,aarav.hernandez4474@example.com,Italy,2023-03-04,Standard,3036.79
4475,Omar Young,omar.young4475@example.com,Japan,2023-08-15,Premium,8842.62
4476,William Wilson,william.wilson4476@example.com,Spain,2024-02-15,Standard,2665.94
4477,Patricia Perez,patricia.perez4477@example.com,Singapore,2021-04-03,Standard,456.09
4478,Kimberly Brown,kimberly.brown4478@example.com,Canada,2020-03-29,Standard,2852.05
4479,Thomas Torres,thomas.torres4479@example.com,Australia,2021-06-07,Standard,1976.65
4480,Andrew Hill,andrew.hill4480@example.com,Singapore,2021-01-15,Standard,1687.38
4481,Hans Singh,hans.singh4481@example.com,Australia,2025-09-13,Standard,1886.53
4482,Sarah Torres,sarah.torres4482@example.com,Australia,2020-02-29,Basic,706.88
4483,Paul Thomas,paul.thomas4483@example.com,Singapore,2024-12-18,Basic,686.46
4484,Mark Martinez,mark.martinez4484@example.com,Netherlands,2019-05-04,Standard,392.64
4485,Paul Brown,paul.brown4485@example.com,United Kingdom,2022-09-05,Standard,517.96
4486,Betty Rodriguez,betty.rodriguez4486@example.com,Australia,2021-08-14,Premium,6632.27
4487,Christopher Rossi,christopher.rossi4487@example.com,Japan,2022-07-23,Standard,3814.12
4488,Nancy Young,nancy.young4488@example.com,Japan,2022-06-21,Standard,1425.40
4489,Hans Silva,hans.silva4489@example.com,Brazil,2021-12-13,Standard,579.53
4490,Barbara Taylor,barbara.taylor4490@example.com,France,2018-01-24,Standard,226.02
4491,Matthew King,matthew.king4491@example.com,Japan,2022-08-27,Standard,3271.76
4492,William Jackson,william.jackson4492@example.com,India,2018-10-20,Standard,1775.95
4493,Daniel Taylor,daniel.taylor4493@example.com,United Kingdom,2019-12-19,Standard,3588.74
4494,Karen Taylor,karen.taylor4494@example.com,Japan,2024-08-08,Premium,9951.09
4495,Charles Smith,charles.smith4495@example.com,Singapore,2020-04-06,Premium,4620.68
4496,Anthony Wright,anthony.wright4496@example.com,United States,2023-10-01,Basic,620.43
4497,Christopher Walker,christopher.walker4497@example.com,Italy,2018-09-18,Basic,362.11
4498,Jessica Clark,jessica.clark4498@example.com,United Arab Emirates,2024-12-23,Standard,1333.54
4499,Sarah Martinez,sarah.martinez4499@example.com,Japan,2025-03-18,Basic,328.97
4500,Barbara Williams,barbara.williams4500@example.com,India,2018-07-18,Basic,432.45
4501,Sofia Wright,sofia.wright4501@example.com,Mexico,2021-02-12,Standard,3037.49
4502,Susan Moore,susan.moore4502@example.com,United States,2024-07-19,Standard,3126.60
4503,Aarav Jones,aarav.jones4503@example.com,Brazil,2024-09-08,Basic,387.83
4504,Andrew Young,andrew.young4504@example.com,France,2021-10-10,Premium,14870.42
4505,Emily Moore,emily.moore4505@example.com,India,2022-05-14,Premium,9922.11
4506,Kimberly Smith,kimberly.smith4506@example.com,United Arab Emirates,2018-06-23,Standard,1963.35
4507,Daniel Silva,daniel.silva4507@example.com,Netherlands,2025-10-02,Basic,393.71
4508,Steven Smith,steven.smith4508@example.com,Brazil,2025-03-07,Standard,2628.80
4509,Joseph Torres,joseph.torres4509@example.com,United States,2021-10-11,Standard,2421.02
4510,Aarav Silva,aarav.silva4510@example.com,United Kingdom,2025-05-18,Standard,3933.85
4511,James Hernandez,james.hernandez4511@example.com,France,2021-01-12,Basic,117.71
4512,John Anderson,john.anderson4512@example.com,India,2023-12-13,Basic,480.37
4513,Hans Rodriguez,hans.rodriguez4513@example.com,France,2024-11-05,Standard,3397.82
4514,Mary Robinson,mary.robinson4514@example.com,France,2019-09-22,Standard,355.30
4515,Michael Torres,michael.torres4515@example.com,Spain,2023-02-27,Basic,376.93
4516,Paul Ramirez,paul.ramirez4516@example.com,Mexico,2022-02-05,Standard,3831.54
4517,Linda Chen,linda.chen4517@example.com,Japan,2022-10-09,Standard,3003.69
4518,Yuki King,yuki.king4518@example.com,Germany,2018-01-16,Basic,400.69
4519,Hans Rossi,hans.rossi4519@example.com,Mexico,2021-08-03,Premium,12227.20
4520,Kimberly Sanchez,kimberly.sanchez4520@example.com,Netherlands,2021-02-06,Standard,602.88
4521,Anthony Hernandez,anthony.hernandez4521@example.com,Netherlands,2020-06-19,Standard,839.60
4522,Margaret Johnson,margaret.johnson4522@example.com,India,2024-02-26,Basic,301.40
4523,Michelle Silva,michelle.silva4523@example.com,Brazil,2022-09-17,Standard,3386.85
4524,Charles King,charles.king4524@example.com,Singapore,2022-12-22,Standard,931.39
4525,James Harris,james.harris4525@example.com,Singapore,2024-08-15,Standard,1011.82
4526,Ananya Singh,ananya.singh4526@example.com,Canada,2023-12-10,Premium,14003.20
4527,Hans Garcia,hans.garcia4527@example.com,Japan,2019-09-05,Standard,1320.62
4528,Elizabeth Harris,elizabeth.harris4528@example.com,Singapore,2021-10-24,Basic,450.50
4529,Anthony Flores,anthony.flores4529@example.com,Singapore,2018-04-06,Standard,3747.54
4530,Elizabeth Thomas,elizabeth.thomas4530@example.com,Italy,2019-08-15,Premium,4860.83
4531,Donald Davis,donald.davis4531@example.com,Japan,2024-06-30,Standard,302.50
4532,Elizabeth Hernandez,elizabeth.hernandez4532@example.com,Spain,2024-06-05,Standard,415.13
4533,Fatima Silva,fatima.silva4533@example.com,India,2021-01-22,Basic,698.34
4534,Fatima Wright,fatima.wright4534@example.com,Brazil,2018-08-16,Standard,2750.18
4535,Emily Moore,emily.moore4535@example.com,Brazil,2024-07-07,Basic,258.37
4536,Thomas Jones,thomas.jones4536@example.com,Brazil,2022-09-20,Standard,2086.32
4537,Christopher Gonzalez,christopher.gonzalez4537@example.com,Canada,2024-02-09,Standard,2254.99
4538,Yuki Williams,yuki.williams4538@example.com,Italy,2020-05-10,Basic,370.22
4539,Robert Thompson,robert.thompson4539@example.com,India,2023-07-17,Standard,2489.61
4540,Emily Nguyen,emily.nguyen4540@example.com,Japan,2024-10-28,Standard,3096.00
4541,Aarav Harris,aarav.harris4541@example.com,Singapore,2024-03-02,Standard,998.37
4542,Thomas Scott,thomas.scott4542@example.com,Australia,2020-04-21,Standard,2195.47
4543,Elizabeth Johnson,elizabeth.johnson4543@example.com,Australia,2018-11-21,Standard,773.56
4544,Donna Sanchez,donna.sanchez4544@example.com,United Kingdom,2019-04-15,Standard,3755.49
4545,Wei Hill,wei.hill4545@example.com,Singapore,2021-09-28,Premium,11596.96
4546,Emily Wright,emily.wright4546@example.com,United Arab Emirates,2024-05-11,Premium,10411.53
4547,Paul King,paul.king4547@example.com,Singapore,2025-05-09,Standard,3179.72
4548,Michael Allen,michael.allen4548@example.com,Singapore,2018-04-19,Basic,519.08
4549,Ashley Smith,ashley.smith4549@example.com,Australia,2024-09-07,Basic,29.32
4550,Linda Brown,linda.brown4550@example.com,United Kingdom,2020-06-17,Standard,2027.98
4551,Elizabeth Nguyen,elizabeth.nguyen4551@example.com,Australia,2024-03-16,Standard,2505.44
4552,Joseph Anderson,joseph.anderson4552@example.com,Italy,2023-09-26,Standard,2718.46
4553,Margaret Chen,margaret.chen4553@example.com,United Arab Emirates,2023-02-04,Standard,3701.02
4554,Jessica Ali,jessica.ali4554@example.com,Australia,2023-07-04,Standard,1446.03
4555,Steven Flores,steven.flores4555@example.com,Japan,2020-07-11,Standard,3986.87
4556,Richard Perez,richard.perez4556@example.com,Brazil,2018-02-24,Standard,3241.39
4557,Mark Thomas,mark.thomas4557@example.com,Netherlands,2019-12-01,Basic,671.89
4558,Wei Wilson,wei.wilson4558@example.com,India,2021-10-25,Premium,10217.63
4559,Yuki Costa,yuki.costa4559@example.com,Spain,2018-05-15,Standard,1558.41
4560,Ananya Garcia,ananya.garcia4560@example.com,Mexico,2024-10-07,Standard,2766.91
4561,Sofia Anderson,sofia.anderson4561@example.com,Italy,2021-02-21,Standard,1200.95
4562,Karen White,karen.white4562@example.com,Japan,2020-05-07,Basic,83.74
4563,Robert Martin,robert.martin4563@example.com,United Arab Emirates,2023-06-03,Premium,14362.66
4564,Ananya Khan,ananya.khan4564@example.com,United Kingdom,2020-07-18,Premium,14711.10
4565,Christopher Brown,christopher.brown4565@example.com,Japan,2022-12-24,Standard,632.56
4566,Aarav Silva,aarav.silva4566@example.com,United Arab Emirates,2023-12-27,Standard,2486.61
4567,Sofia Williams,sofia.williams4567@example.com,Brazil,2023-01-19,Standard,2548.06
4568,Paul Brown,paul.brown4568@example.com,United Kingdom,2020-08-08,Basic,511.05
4569,Karen Costa,,India,2022-10-13,Standard,2147.04
4570,Thomas Clark,thomas.clark4570@example.com,Mexico,2021-04-16,Basic,19.79
4571,Hans Anderson,hans.anderson4571@example.com,Australia,2022-10-17,Basic,763.02
4572,Mary Jones,mary.jones4572@example.com,United Kingdom,2024-11-16,Standard,1413.33
4573,Susan Silva,susan.silva4573@example.com,Spain,2020-05-03,Standard,3500.70
4574,Daniel Nguyen,daniel.nguyen4574@example.com,India,2023-01-30,Basic,565.13
4575,David Hill,david.hill4575@example.com,Spain,2019-08-27,Basic,530.04
4576,Joseph Miller,joseph.miller4576@example.com,Japan,2020-05-03,Standard,2900.55
4577,William Torres,william.torres4577@example.com,India,2024-04-09,Basic,294.63
4578,Fatima Chen,fatima.chen4578@example.com,United Kingdom,2020-07-17,Standard,1061.23
4579,Karen Garcia,karen.garcia4579@example.com,Italy,2022-03-08,Standard,462.10
4580,Daniel Patel,daniel.patel4580@example.com,Japan,2020-10-10,Basic,466.46
4581,Matthew Johnson,matthew.johnson4581@example.com,United Arab Emirates,2020-04-29,Basic,239.91
4582,Matthew Walker,matthew.walker4582@example.com,Australia,2019-12-25,Basic,581.72
4583,Daniel Mueller,daniel.mueller4583@example.com,India,2024-02-10,Standard,1277.05
4584,Jennifer Patel,jennifer.patel4584@example.com,Italy,2024-11-02,Standard,636.64
4585,Robert Lewis,robert.lewis4585@example.com,United States,2019-10-24,Premium,13668.28
4586,Robert Allen,robert.allen4586@example.com,Australia,2024-05-01,Standard,2296.88
4587,Ananya Jackson,ananya.jackson4587@example.com,Canada,2020-07-22,Basic,630.19
4588,Karen Moore,karen.moore4588@example.com,Australia,2025-11-03,Standard,3579.56
4589,Fatima Nguyen,fatima.nguyen4589@example.com,Japan,2020-04-13,Standard,2837.18
4590,Mark Jackson,mark.jackson4590@example.com,United Kingdom,2024-08-19,Premium,12534.74
4591,William Wright,william.wright4591@example.com,Spain,2025-02-21,Standard,3988.30
4592,Richard Costa,richard.costa4592@example.com,Netherlands,2019-09-13,Basic,339.80
4593,Aarav Thompson,aarav.thompson4593@example.com,Italy,2018-05-02,Basic,460.11
4594,Ananya Nguyen,ananya.nguyen4594@example.com,Singapore,2020-02-06,Standard,642.99
4595,Richard Clark,richard.clark4595@example.com,Brazil,2019-05-20,Standard,2479.18
4596,Matthew Clark,matthew.clark4596@example.com,Canada,2018-01-07,Standard,730.29
4597,Christopher Mueller,christopher.mueller4597@example.com,Germany,2021-02-12,Standard,860.81
4598,John Rodriguez,john.rodriguez4598@example.com,Singapore,2019-06-09,Basic,106.91
4599,Omar Anderson,omar.anderson4599@example.com,Mexico,2024-02-08,Standard,350.55
4600,Susan Rossi,susan.rossi4600@example.com,Australia,2024-03-18,Standard,1038.69
4601,Anthony Young,anthony.young4601@example.com,Italy,2018-03-08,Standard,556.39
4602,Mark Flores,mark.flores4602@example.com,United Kingdom,2025-02-16,Premium,5957.58
4603,Betty Davis,betty.davis4603@example.com,United States,2024-12-01,Standard,823.98
4604,Jessica Costa,jessica.costa4604@example.com,Canada,2023-02-19,Basic,243.24
4605,Betty White,betty.white4605@example.com,France,2019-07-28,Standard,3500.50
4606,Matthew Brown,matthew.brown4606@example.com,Australia,2020-10-05,Premium,8365.01
4607,William Harris,william.harris4607@example.com,Mexico,2024-07-22,Standard,3172.72
4608,Daniel Mueller,daniel.mueller4608@example.com,Australia,2024-11-13,Basic,506.96
4609,Daniel Nguyen,daniel.nguyen4609@example.com,Spain,2020-01-19,Basic,388.77
4610,Mark Harris,mark.harris4610@example.com,France,2019-01-15,Basic,238.90
4611,John Johnson,john.johnson4611@example.com,Singapore,2024-02-21,Standard,1428.83
4612,Barbara Mueller,barbara.mueller4612@example.com,India,2018-09-18,Basic,582.89
4613,Susan Moore,susan.moore4613@example.com,United Arab Emirates,2025-08-30,Basic,204.65
4614,Emily Sanchez,emily.sanchez4614@example.com,United Kingdom,2023-12-25,Standard,3660.30
4615,Joseph Torres,joseph.torres4615@example.com,Brazil,2020-09-14,Premium,14437.13
4616,Robert Taylor,robert.taylor4616@example.com,France,2022-03-29,Basic,584.97
4617,Omar Garcia,omar.garcia4617@example.com,Brazil,2021-04-12,Standard,2404.99
4618,Richard Martinez,richard.martinez4618@example.com,Canada,2020-12-03,Standard,2847.39
4619,Donna Robinson,donna.robinson4619@example.com,Brazil,2024-08-12,Standard,3330.82
4620,Susan Jones,susan.jones4620@example.com,Italy,2018-02-03,Premium,5763.67
4621,Donna Lee,donna.lee4621@example.com,Brazil,2023-07-23,Standard,2672.40
4622,Margaret Miller,margaret.miller4622@example.com,United States,2025-10-31,Standard,2207.68
4623,Lisa Allen,lisa.allen4623@example.com,Canada,2025-10-24,Premium,8966.88
4624,Jessica Garcia,jessica.garcia4624@example.com,Mexico,2018-12-12,Standard,1433.38
4625,Robert Taylor,robert.taylor4625@example.com,Brazil,2023-12-31,Standard,1767.70
4626,Aarav Miller,aarav.miller4626@example.com,United States,2023-06-14,Basic,638.75
4627,Robert Scott,robert.scott4627@example.com,United States,2024-11-24,Standard,2751.27
4628,Aarav King,aarav.king4628@example.com,France,2019-06-12,Standard,1456.54
4629,Sandra Brown,sandra.brown4629@example.com,Japan,2025-04-23,Standard,3383.84
4630,Elizabeth Ramirez,elizabeth.ramirez4630@example.com,Spain,2020-03-21,Basic,195.51
4631,Carlos Jones,carlos.jones4631@example.com,France,2020-01-05,Standard,2885.57
4632,Richard Smith,richard.smith4632@example.com,United States,2020-01-27,Standard,941.90
4633,Barbara Allen,barbara.allen4633@example.com,India,2025-04-04,Standard,2827.25
4634,Nancy Khan,nancy.khan4634@example.com,India,2019-07-20,Premium,4186.60
4635,Sofia Miller,sofia.miller4635@example.com,Netherlands,2019-09-21,Premium,2355.01
4636,Anthony Walker,anthony.walker4636@example.com,India,2018-11-05,Premium,5329.23
4637,Sofia Nguyen,sofia.nguyen4637@example.com,United States,2019-01-26,Standard,3935.79
4638,Betty Ramirez,betty.ramirez4638@example.com,Germany,2023-10-29,Basic,112.52
4639,William Rodriguez,william.rodriguez4639@example.com,United States,2021-08-01,Standard,1082.01
4640,Donna Rodriguez,donna.rodriguez4640@example.com,United Kingdom,2018-07-13,Standard,1615.27
4641,William Kim,william.kim4641@example.com,Spain,2024-11-19,Premium,11847.61
4642,Robert Davis,robert.davis4642@example.com,France,2023-12-29,Basic,245.40
4643,Joseph Torres,joseph.torres4643@example.com,Germany,2025-03-13,Premium,4266.02
4644,Barbara King,barbara.king4644@example.com,Canada,2020-05-29,Standard,801.63
4645,Carlos Hill,carlos.hill4645@example.com,Singapore,2022-08-14,Standard,2781.24
4646,Nancy Rodriguez,nancy.rodriguez4646@example.com,United Kingdom,2023-08-13,Standard,1718.97
4647,Ingrid Martin,ingrid.martin4647@example.com,Australia,2018-01-21,Standard,858.40
4648,Donna Allen,donna.allen4648@example.com,Germany,2021-01-01,Standard,860.70
4649,Patricia Rossi,patricia.rossi4649@example.com,India,2020-10-10,Basic,349.81
4650,Sandra Patel,sandra.patel4650@example.com,Spain,2020-09-20,Standard,1251.57
4651,Andrew Scott,andrew.scott4651@example.com,India,2019-12-28,Standard,2562.96
4652,Joseph Thompson,joseph.thompson4652@example.com,Netherlands,2019-01-13,Standard,1471.51
4653,Barbara Harris,barbara.harris4653@example.com,Australia,2022-02-28,Basic,651.26
4654,Andrew Jones,andrew.jones4654@example.com,Netherlands,2022-05-17,Standard,3849.68
4655,Lisa Thomas,lisa.thomas4655@example.com,Japan,2018-09-06,Basic,495.67
4656,Anthony Clark,anthony.clark4656@example.com,France,2023-04-21,Standard,3174.47
4657,Lisa Anderson,lisa.anderson4657@example.com,Singapore,2024-07-10,Standard,2852.28
4658,David Jackson,david.jackson4658@example.com,Netherlands,2021-01-14,Basic,739.04
4659,Betty Ramirez,betty.ramirez4659@example.com,Spain,2020-08-13,Basic,270.45
4660,Emily Nguyen,emily.nguyen4660@example.com,Italy,2022-07-29,Standard,683.67
4661,Aarav Costa,aarav.costa4661@example.com,United Arab Emirates,2021-10-20,Standard,3042.16
4662,Elizabeth Jackson,elizabeth.jackson4662@example.com,United Arab Emirates,2025-12-06,Standard,3068.92
4663,Matthew Young,matthew.young4663@example.com,United Kingdom,2021-05-04,Basic,82.61
4664,Donald Garcia,donald.garcia4664@example.com,Brazil,2025-03-26,Standard,2851.80
4665,Anthony Gonzalez,anthony.gonzalez4665@example.com,Japan,2020-07-08,Basic,259.19
4666,Susan Chen,susan.chen4666@example.com,Japan,2021-09-07,Standard,2100.80
4667,Margaret Thomas,margaret.thomas4667@example.com,United States,2022-08-19,Standard,3182.21
4668,Betty Rossi,betty.rossi4668@example.com,France,2024-05-05,Standard,1987.48
4669,Aarav Thomas,aarav.thomas4669@example.com,Netherlands,2024-02-16,Standard,3191.85
4670,Robert Clark,robert.clark4670@example.com,Singapore,2020-07-08,Premium,10759.54
4671,Steven Garcia,steven.garcia4671@example.com,United Arab Emirates,2023-10-12,Premium,10525.12
4672,Omar Robinson,omar.robinson4672@example.com,Germany,2018-04-05,Premium,8462.34
4673,Susan Walker,susan.walker4673@example.com,United States,2023-04-16,Premium,10984.73
4674,Ingrid Costa,ingrid.costa4674@example.com,Canada,2021-01-26,Premium,8971.97
4675,Margaret Walker,margaret.walker4675@example.com,United Arab Emirates,2025-12-24,Basic,15.28
4676,William Harris,william.harris4676@example.com,Mexico,2020-05-01,Basic,94.26
4677,Linda Jackson,linda.jackson4677@example.com,Germany,2024-08-22,Standard,3119.21
4678,Ingrid Lewis,ingrid.lewis4678@example.com,India,2025-03-16,Standard,1256.29
4679,Elizabeth Mueller,elizabeth.mueller4679@example.com,Singapore,2025-02-05,Standard,824.90
4680,Omar Jackson,omar.jackson4680@example.com,Australia,2020-04-20,Standard,3685.21
4681,Richard Hill,richard.hill4681@example.com,United Kingdom,2024-07-24,Premium,13187.47
4682,Donna Patel,donna.patel4682@example.com,United States,2020-05-31,Basic,316.33
4683,Andrew Taylor,andrew.taylor4683@example.com,Spain,2018-11-24,Standard,3975.21
4684,Linda Lopez,linda.lopez4684@example.com,Italy,2022-04-19,Standard,2930.70
4685,Andrew Robinson,andrew.robinson4685@example.com,Australia,2023-01-24,Premium,14864.47
4686,Mary Clark,mary.clark4686@example.com,Japan,2020-07-07,Standard,1030.11
4687,Joseph Hill,joseph.hill4687@example.com,Canada,2022-05-15,Premium,3396.67
4688,Daniel Costa,daniel.costa4688@example.com,Canada,2022-07-02,Standard,3149.07
4689,Jessica Torres,jessica.torres4689@example.com,Italy,2024-07-24,Standard,328.77
4690,Hans Garcia,hans.garcia4690@example.com,Germany,2021-01-19,Standard,3893.84
4691,Susan Walker,susan.walker4691@example.com,Australia,2023-05-29,Basic,525.43
4692,Susan Singh,susan.singh4692@example.com,Netherlands,2019-02-16,Standard,1269.50
4693,Andrew Wright,andrew.wright4693@example.com,France,2018-12-29,Basic,582.70
4694,Robert Ramirez,robert.ramirez4694@example.com,Germany,2018-06-04,Standard,480.87
4695,Thomas Wright,thomas.wright4695@example.com,Australia,2018-02-12,Premium,14679.15
4696,Donna Kim,donna.kim4696@example.com,Spain,2025-05-17,Basic,66.43
4697,Mary Brown,mary.brown4697@example.com,Spain,2019-10-24,Basic,714.91
4698,John Martinez,john.martinez4698@example.com,Singapore,2022-09-05,Standard,3442.22
4699,Linda Sanchez,linda.sanchez4699@example.com,United States,2018-10-24,Basic,700.94
4700,Joshua Williams,joshua.williams4700@example.com,United Kingdom,2019-05-15,Standard,3828.14
4701,Ingrid Gonzalez,ingrid.gonzalez4701@example.com,United Arab Emirates,2021-09-10,Standard,1348.98
4702,Thomas Martinez,thomas.martinez4702@example.com,Germany,2021-07-31,Basic,157.99
4703,Margaret Brown,margaret.brown4703@example.com,Mexico,2025-07-12,Standard,565.44
4704,Donna Miller,donna.miller4704@example.com,Japan,2022-04-15,Standard,423.29
4705,Christopher Walker,christopher.walker4705@example.com,Italy,2018-12-20,Premium,12279.30
4706,Linda Wilson,linda.wilson4706@example.com,Netherlands,2025-11-29,Basic,78.21
4707,Yuki Martin,yuki.martin4707@example.com,Singapore,2018-03-08,Basic,797.09
4708,Karen Robinson,karen.robinson4708@example.com,United States,2019-10-24,Standard,3888.47
4709,Kimberly Scott,kimberly.scott4709@example.com,Canada,2021-03-31,Basic,73.61
4710,William Wright,william.wright4710@example.com,Spain,2021-05-10,Standard,1405.03
4711,Ashley Khan,ashley.khan4711@example.com,United Arab Emirates,2024-10-24,Premium,4770.65
4712,Margaret Walker,margaret.walker4712@example.com,India,2023-07-04,Basic,304.45
4713,Margaret Gonzalez,margaret.gonzalez4713@example.com,Germany,2024-03-19,Standard,3196.75
4714,Jennifer Williams,jennifer.williams4714@example.com,Brazil,2021-05-20,Basic,491.73
4715,Linda Chen,linda.chen4715@example.com,Canada,2024-06-23,Basic,799.00
4716,David Thomas,david.thomas4716@example.com,Canada,2021-11-27,Standard,1279.04
4717,Patricia Jones,patricia.jones4717@example.com,Canada,2021-10-06,Basic,174.24
4718,Patricia Clark,patricia.clark4718@example.com,Australia,2025-06-04,Standard,905.08
4719,Robert Clark,robert.clark4719@example.com,Singapore,2021-11-11,Standard,1481.11
4720,Christopher Lopez,christopher.lopez4720@example.com,Brazil,2021-07-01,Basic,714.74
4721,James Rodriguez,james.rodriguez4721@example.com,France,2023-06-16,Standard,2938.52
4722,Robert Ali,robert.ali4722@example.com,Japan,2024-09-12,Standard,2878.19
4723,Sarah King,sarah.king4723@example.com,United Arab Emirates,2022-01-10,Standard,1818.49
4724,Joshua Jackson,joshua.jackson4724@example.com,Mexico,2020-06-23,Standard,3928.41
4725,Mary White,mary.white4725@example.com,Spain,2025-11-10,Premium,11496.10
4726,Margaret Lewis,margaret.lewis4726@example.com,Spain,2022-07-05,Standard,991.19
4727,Lisa Costa,lisa.costa4727@example.com,United Arab Emirates,2019-08-20,Standard,3436.60
4728,Barbara Lewis,barbara.lewis4728@example.com,Canada,2023-02-10,Standard,793.04
4729,Betty Rodriguez,betty.rodriguez4729@example.com,India,2022-07-18,Basic,293.57
4730,Thomas Harris,thomas.harris4730@example.com,Brazil,2018-04-03,Basic,530.67
4731,Jennifer Jackson,jennifer.jackson4731@example.com,Spain,2021-01-29,Basic,88.99
4732,Joseph Smith,joseph.smith4732@example.com,Australia,2023-09-17,Basic,518.63
4733,Anthony Lopez,anthony.lopez4733@example.com,Netherlands,2025-11-08,Standard,2145.41
4734,Ingrid Miller,ingrid.miller4734@example.com,United States,2025-02-26,Basic,784.37
4735,Anthony Clark,anthony.clark4735@example.com,United States,2025-07-16,Standard,1233.38
4736,Hans Miller,hans.miller4736@example.com,Japan,2019-07-31,Standard,229.29
4737,Anthony Hernandez,anthony.hernandez4737@example.com,Italy,2019-04-01,Standard,662.52
4738,Wei Hernandez,wei.hernandez4738@example.com,United Kingdom,2024-03-11,Premium,3925.08
4739,Barbara Scott,barbara.scott4739@example.com,United States,2024-01-05,Standard,1255.33
4740,Christopher Martinez,christopher.martinez4740@example.com,India,2024-10-18,Standard,2446.01
4741,Karen Williams,karen.williams4741@example.com,Canada,2018-06-09,Premium,11441.77
4742,Emily Moore,emily.moore4742@example.com,Netherlands,2019-04-20,Standard,1067.06
4743,Michael Ali,michael.ali4743@example.com,Germany,2021-11-22,Premium,10671.18
4744,Ingrid Lee,ingrid.lee4744@example.com,Netherlands,2022-12-20,Standard,3725.05
4745,David Costa,david.costa4745@example.com,Mexico,2019-06-22,Standard,3709.44
4746,James Ramirez,james.ramirez4746@example.com,Spain,2025-11-08,Standard,3756.83
4747,Lisa Young,lisa.young4747@example.com,United States,2024-09-18,Standard,3084.85
4748,Kimberly Thomas,kimberly.thomas4748@example.com,United Arab Emirates,2024-01-23,Premium,2223.52
4749,Robert Johnson,robert.johnson4749@example.com,Canada,2024-12-22,Basic,230.16
4750,Fatima Perez,fatima.perez4750@example.com,Canada,2024-11-16,Standard,1465.08
4751,Hans Rodriguez,hans.rodriguez4751@example.com,Japan,2019-01-27,Basic,743.87
4752,Thomas Jackson,thomas.jackson4752@example.com,Australia,2023-02-04,Standard,1293.78
4753,Aarav Rodriguez,aarav.rodriguez4753@example.com,United Kingdom,2018-12-15,Standard,2637.93
4754,Yuki Scott,yuki.scott4754@example.com,Germany,2018-04-03,Basic,308.42
4755,Hans Thompson,hans.thompson4755@example.com,United Arab Emirates,2024-04-09,Standard,2641.41
4756,Mary Singh,mary.singh4756@example.com,Brazil,2024-04-05,Basic,468.15
4757,Linda Chen,linda.chen4757@example.com,Germany,2025-05-30,Premium,10067.35
4758,Fatima Lewis,fatima.lewis4758@example.com,United Arab Emirates,2020-09-08,Standard,3323.67
4759,Betty Hill,betty.hill4759@example.com,India,2021-09-21,Standard,2299.69
4760,Daniel Young,daniel.young4760@example.com,Mexico,2024-06-01,Basic,244.85
4761,Ingrid Johnson,ingrid.johnson4761@example.com,France,2020-02-04,Standard,2388.47
4762,Sofia Smith,sofia.smith4762@example.com,Mexico,2022-10-27,Basic,453.15
4763,Patricia Khan,patricia.khan4763@example.com,United Arab Emirates,2019-09-20,Standard,2175.32
4764,Paul Ramirez,paul.ramirez4764@example.com,Canada,2018-07-18,Premium,7050.59
4765,Anthony Robinson,anthony.robinson4765@example.com,Brazil,2021-01-24,Standard,1610.77
4766,John Garcia,john.garcia4766@example.com,United Kingdom,2022-12-25,Standard,1774.62
4767,Joseph Clark,joseph.clark4767@example.com,Canada,2021-05-09,Standard,2433.43
4768,Emily Brown,emily.brown4768@example.com,Germany,2025-02-14,Premium,2266.44
4769,Sarah Gonzalez,sarah.gonzalez4769@example.com,Australia,2024-11-27,Standard,2532.37
4770,Aarav Flores,aarav.flores4770@example.com,France,2021-01-08,Basic,241.04
4771,Ingrid Young,ingrid.young4771@example.com,United Kingdom,2021-08-16,Basic,642.17
4772,James Wright,james.wright4772@example.com,United Kingdom,2020-09-11,Standard,3027.00
4773,Thomas Lopez,thomas.lopez4773@example.com,Japan,2018-01-20,Standard,3113.81
4774,Sarah Garcia,sarah.garcia4774@example.com,United Kingdom,2021-06-14,Standard,620.32
4775,Nancy Perez,nancy.perez4775@example.com,Singapore,2022-06-20,Standard,2481.34
4776,Christopher Wright,christopher.wright4776@example.com,Brazil,2021-02-28,Standard,3414.21
4777,Donna Johnson,donna.johnson4777@example.com,Singapore,2023-08-06,Standard,2339.78
4778,Matthew Smith,matthew.smith4778@example.com,United Kingdom,2022-02-20,Standard,1918.28
4779,Jessica Silva,jessica.silva4779@example.com,Spain,2019-08-15,Standard,2558.21
4780,Nancy Singh,nancy.singh4780@example.com,India,2020-01-13,Standard,3737.49
4781,Jennifer Lee,jennifer.lee4781@example.com,United Arab Emirates,2019-07-25,Standard,2196.37
4782,Joseph Williams,joseph.williams4782@example.com,United Arab Emirates,2019-07-27,Standard,2499.38
4783,Betty Lopez,betty.lopez4783@example.com,Italy,2024-12-03,Basic,480.08
4784,Mark Hernandez,mark.hernandez4784@example.com,France,2019-10-05,Premium,9803.10
4785,William Johnson,william.johnson4785@example.com,Australia,2023-03-16,Standard,2257.98
4786,Ingrid Lopez,ingrid.lopez4786@example.com,India,2025-09-04,Basic,192.59
4787,Barbara Sanchez,barbara.sanchez4787@example.com,Germany,2023-04-29,Standard,3462.06
4788,James Sanchez,james.sanchez4788@example.com,United Kingdom,2021-12-24,Standard,3055.79
4789,Susan Davis,susan.davis4789@example.com,Mexico,2019-10-05,Basic,400.09
4790,Karen Wright,karen.wright4790@example.com,Singapore,2022-01-07,Basic,6.07
4791,Elizabeth Williams,elizabeth.williams4791@example.com,Spain,2024-07-24,Standard,385.25
4792,Andrew Thomas,andrew.thomas4792@example.com,Germany,2022-03-11,Standard,2552.18
4793,Ashley Hill,ashley.hill4793@example.com,Mexico,2018-09-11,Standard,207.83
4794,Ananya Johnson,ananya.johnson4794@example.com,Mexico,2025-04-08,Standard,1498.05
4795,Michael Harris,michael.harris4795@example.com,Singapore,2021-10-26,Premium,6895.45
4796,Fatima Singh,fatima.singh4796@example.com,Brazil,2018-09-20,Standard,2153.67
4797,Lisa Thompson,lisa.thompson4797@example.com,France,2018-01-11,Basic,581.68
4798,Donna Flores,donna.flores4798@example.com,United Kingdom,2020-07-18,Basic,0.38
4799,Ingrid Thompson,ingrid.thompson4799@example.com,Germany,2019-07-14,Basic,594.32
4800,Jennifer Harris,jennifer.harris4800@example.com,Brazil,2023-03-22,Standard,3680.99
4801,Paul Costa,paul.costa4801@example.com,India,2022-03-24,Premium,5765.13
4802,Carlos Jackson,carlos.jackson4802@example.com,Brazil,2018-02-22,Basic,625.90
4803,Linda Flores,linda.flores4803@example.com,Netherlands,2021-12-15,Standard,944.08
4804,Michelle Khan,michelle.khan4804@example.com,United Arab Emirates,2018-11-25,Basic,536.06
4805,Ashley Ramirez,ashley.ramirez4805@example.com,Italy,2022-10-20,Basic,271.99
4806,Daniel Lopez,daniel.lopez4806@example.com,Spain,2022-09-09,Standard,454.21
4807,Mary Torres,mary.torres4807@example.com,Canada,2025-11-08,Standard,2662.41
4808,Donald Scott,donald.scott4808@example.com,Spain,2018-10-31,Premium,12363.00
4809,Michelle Brown,michelle.brown4809@example.com,Germany,2018-10-11,Standard,2765.66
4810,Betty Walker,betty.walker4810@example.com,Spain,2022-12-15,Standard,291.35
4811,Aarav Walker,aarav.walker4811@example.com,Germany,2021-10-05,Standard,1135.08
4812,Elizabeth Gonzalez,elizabeth.gonzalez4812@example.com,Canada,2024-01-18,Standard,1551.80
4813,Elizabeth Jones,elizabeth.jones4813@example.com,Australia,2025-02-17,Basic,413.45
4814,Charles Kim,charles.kim4814@example.com,Australia,2020-06-22,Standard,3664.14
4815,Jennifer Garcia,jennifer.garcia4815@example.com,United Kingdom,2024-10-19,Standard,1383.96
4816,Mary Williams,mary.williams4816@example.com,Italy,2020-09-29,Premium,7896.23
4817,Nancy Costa,nancy.costa4817@example.com,Mexico,2024-01-13,Basic,451.68
4818,Omar Martinez,omar.martinez4818@example.com,Italy,2025-10-27,Basic,58.52
4819,Elizabeth Taylor,elizabeth.taylor4819@example.com,Mexico,2025-05-22,Standard,2580.20
4820,Matthew Harris,matthew.harris4820@example.com,United Kingdom,2023-05-15,Standard,3068.87
4821,Paul Ali,paul.ali4821@example.com,Brazil,2025-05-23,Standard,2304.23
4822,Yuki Young,yuki.young4822@example.com,Mexico,2018-10-21,Standard,3553.06
4823,Nancy Wilson,nancy.wilson4823@example.com,United Kingdom,2018-06-18,Basic,75.40
4824,Ingrid Moore,ingrid.moore4824@example.com,United States,2022-05-08,Standard,3254.55
4825,David Khan,david.khan4825@example.com,France,2020-01-24,Standard,1838.11
4826,Joseph White,joseph.white4826@example.com,United Kingdom,2023-06-22,Premium,4380.02
4827,Sarah Lee,sarah.lee4827@example.com,Germany,2020-10-16,Basic,391.21
4828,Lisa Singh,lisa.singh4828@example.com,United Arab Emirates,2022-04-30,Standard,2531.66
4829,Anthony Taylor,anthony.taylor4829@example.com,Japan,2021-04-17,Standard,2436.99
4830,David Hernandez,david.hernandez4830@example.com,Netherlands,2024-06-24,Standard,1294.32
4831,Lisa Davis,lisa.davis4831@example.com,Australia,2025-01-05,Premium,3795.17
4832,James Clark,james.clark4832@example.com,Mexico,2022-09-12,Standard,1442.57
4833,Paul Perez,paul.perez4833@example.com,United Kingdom,2025-07-16,Basic,43.39
4834,Anthony Costa,anthony.costa4834@example.com,Brazil,2022-09-08,Premium,11242.51
4835,Barbara Hill,barbara.hill4835@example.com,Italy,2021-08-01,Basic,561.72
4836,Michelle Lewis,michelle.lewis4836@example.com,Germany,2020-11-20,Standard,2802.30
4837,Sarah Rodriguez,sarah.rodriguez4837@example.com,Mexico,2019-03-28,Premium,5915.10
4838,Wei White,wei.white4838@example.com,United Kingdom,2019-08-27,Basic,629.94
4839,Charles Young,charles.young4839@example.com,Singapore,2025-09-25,Standard,3752.69
4840,Omar Chen,omar.chen4840@example.com,United States,2021-03-21,Basic,728.57
4841,Ashley Rossi,ashley.rossi4841@example.com,Singapore,2019-07-15,Standard,1619.61
4842,Kimberly Jackson,kimberly.jackson4842@example.com,United States,2023-02-23,Standard,292.06
4843,Joseph Kim,joseph.kim4843@example.com,United Kingdom,2019-01-19,Standard,1311.90
4844,Emily Singh,emily.singh4844@example.com,United Kingdom,2020-09-22,Basic,154.45
4845,Ananya Rossi,ananya.rossi4845@example.com,Italy,2018-08-18,Basic,741.17
4846,Omar Ali,omar.ali4846@example.com,Canada,2022-06-05,Standard,2055.30
4847,Ingrid Rossi,ingrid.rossi4847@example.com,Australia,2020-03-18,Standard,1746.59
4848,Joseph Chen,joseph.chen4848@example.com,Singapore,2023-11-01,Premium,7542.40
4849,James Davis,james.davis4849@example.com,United Kingdom,2019-09-13,Premium,2351.87
4850,Patricia Rossi,patricia.rossi4850@example.com,France,2023-08-24,Standard,3688.80
4851,William Harris,william.harris4851@example.com,Netherlands,2024-02-03,Basic,162.83
4852,Hans Wilson,hans.wilson4852@example.com,Brazil,2025-07-30,Standard,2389.78
4853,Mary Allen,mary.allen4853@example.com,Italy,2024-01-22,Standard,2499.96
4854,Ashley Rossi,ashley.rossi4854@example.com,Canada,2025-10-27,Basic,165.48
4855,James Perez,james.perez4855@example.com,France,2024-10-20,Standard,3685.95
4856,Margaret Hill,margaret.hill4856@example.com,Japan,2022-02-26,Premium,13923.95
4857,Sarah Torres,sarah.torres4857@example.com,United States,2019-04-11,Basic,693.67
4858,Elizabeth Taylor,elizabeth.taylor4858@example.com,Netherlands,2019-01-19,Standard,3650.77
4859,Susan White,susan.white4859@example.com,Spain,2018-01-04,Premium,3006.79
4860,Nancy Jackson,nancy.jackson4860@example.com,Brazil,2021-11-14,Standard,3190.92
4861,Kimberly Ali,kimberly.ali4861@example.com,Italy,2025-03-15,Standard,428.05
4862,Patricia Wilson,patricia.wilson4862@example.com,Italy,2023-09-19,Basic,461.66
4863,Hans Rossi,hans.rossi4863@example.com,France,2020-11-11,Basic,510.45
4864,Patricia Jackson,patricia.jackson4864@example.com,Germany,2018-09-19,Premium,6531.42
4865,Matthew Allen,matthew.allen4865@example.com,Spain,2020-05-24,Standard,3367.82
4866,Richard King,richard.king4866@example.com,Canada,2021-01-29,Standard,2157.20
4867,Susan Walker,susan.walker4867@example.com,India,2021-12-13,Standard,2121.61
4868,Richard Williams,richard.williams4868@example.com,United States,2019-02-27,Standard,3704.26
4869,Kimberly Lee,kimberly.lee4869@example.com,Brazil,2019-03-27,Standard,2050.82
4870,Mark Scott,mark.scott4870@example.com,Canada,2024-10-27,Standard,341.37
4871,Sandra Chen,sandra.chen4871@example.com,United Arab Emirates,2024-10-19,Premium,8852.50
4872,Emily Kim,emily.kim4872@example.com,Brazil,2025-11-14,Basic,82.26
4873,Jennifer Miller,jennifer.miller4873@example.com,United Arab Emirates,2022-05-14,Standard,1812.31
4874,Kimberly Ramirez,kimberly.ramirez4874@example.com,Mexico,2024-05-28,Premium,8110.30
4875,Matthew Lewis,matthew.lewis4875@example.com,Italy,2025-12-29,Standard,2181.00
4876,Wei Gonzalez,wei.gonzalez4876@example.com,Canada,2023-05-06,Standard,3505.18
4877,Carlos Lee,carlos.lee4877@example.com,India,2024-01-06,Basic,165.90
4878,Richard Taylor,richard.taylor4878@example.com,Japan,2018-10-02,Standard,2434.64
4879,Margaret Lee,margaret.lee4879@example.com,United Kingdom,2024-02-13,Standard,1604.55
4880,Lisa Thomas,lisa.thomas4880@example.com,Mexico,2025-05-11,Basic,474.61
4881,Hans Allen,hans.allen4881@example.com,United Kingdom,2022-05-08,Standard,1720.68
4882,Elizabeth Miller,elizabeth.miller4882@example.com,Netherlands,2025-11-08,Standard,2031.52
4883,Emily Williams,emily.williams4883@example.com,India,2024-01-19,Premium,12586.99
4884,Margaret Ramirez,margaret.ramirez4884@example.com,Mexico,2020-05-02,Standard,216.34
4885,Ingrid Gonzalez,ingrid.gonzalez4885@example.com,Netherlands,2023-10-13,Premium,6432.64
4886,David Robinson,david.robinson4886@example.com,Netherlands,2022-04-23,Standard,1833.99
4887,Emily Kim,emily.kim4887@example.com,India,2018-10-13,Standard,2624.29
4888,Sofia Ali,sofia.ali4888@example.com,India,2019-05-31,Premium,13372.24
4889,Lisa Martin,lisa.martin4889@example.com,Germany,2018-01-19,Standard,3254.41
4890,Sandra Gonzalez,sandra.gonzalez4890@example.com,United States,2024-01-02,Basic,732.88
4891,Donald Rodriguez,donald.rodriguez4891@example.com,Singapore,2018-02-02,Basic,511.13
4892,Hans Anderson,hans.anderson4892@example.com,Italy,2019-11-15,Standard,3810.50
4893,Donald Walker,donald.walker4893@example.com,Italy,2019-04-20,Standard,659.31
4894,Hans Allen,hans.allen4894@example.com,India,2019-06-10,Standard,2834.52
4895,Donald Kim,donald.kim4895@example.com,Australia,2020-03-23,Standard,204.17
4896,Joshua Brown,joshua.brown4896@example.com,United Arab Emirates,2018-12-06,Premium,3903.55
4897,Patricia Martinez,patricia.martinez4897@example.com,France,2019-07-31,Basic,154.77
4898,Yuki Jackson,yuki.jackson4898@example.com,United Arab Emirates,2025-08-08,Standard,3864.39
4899,Daniel Mueller,daniel.mueller4899@example.com,Singapore,2025-10-04,Standard,2716.42
4900,Donald Miller,donald.miller4900@example.com,Singapore,2025-12-25,Basic,722.63
4901,Linda Singh,linda.singh4901@example.com,Spain,2023-04-29,Standard,611.68
4902,Lisa Ali,lisa.ali4902@example.com,India,2022-06-22,Standard,1730.02
4903,Sandra Clark,sandra.clark4903@example.com,Mexico,2024-11-01,Standard,2949.03
4904,Matthew King,matthew.king4904@example.com,Germany,2021-03-23,Basic,623.18
4905,Mary Johnson,mary.johnson4905@example.com,India,2019-09-16,Standard,813.61
4906,Charles Rodriguez,charles.rodriguez4906@example.com,Australia,2025-08-26,Basic,570.12
4907,Richard Costa,richard.costa4907@example.com,Germany,2025-10-15,Standard,892.74
4908,Jennifer Nguyen,jennifer.nguyen4908@example.com,France,2020-09-25,Premium,14792.97
4909,Fatima Smith,fatima.smith4909@example.com,India,2025-10-10,Standard,1281.15
4910,Wei Thomas,wei.thomas4910@example.com,Netherlands,2019-04-13,Standard,1471.38
4911,Aarav Nguyen,aarav.nguyen4911@example.com,United Arab Emirates,2021-09-08,Premium,2482.84
4912,Omar Miller,omar.miller4912@example.com,Australia,2025-12-13,Premium,12774.45
4913,Elizabeth Clark,elizabeth.clark4913@example.com,Japan,2018-05-14,Premium,3749.15
4914,Daniel Scott,daniel.scott4914@example.com,Germany,2025-07-04,Standard,1194.29
4915,Sandra Perez,sandra.perez4915@example.com,Singapore,2024-03-28,Standard,3690.35
4916,Susan Anderson,susan.anderson4916@example.com,Japan,2023-08-12,Standard,2912.17
4917,Daniel Young,daniel.young4917@example.com,Mexico,2020-02-05,Basic,86.24
4918,Andrew Sanchez,andrew.sanchez4918@example.com,Canada,2020-10-29,Standard,1660.73
4919,Fatima Allen,fatima.allen4919@example.com,Spain,2022-05-06,Basic,682.45
4920,Yuki Thomas,yuki.thomas4920@example.com,United States,2020-04-30,Basic,73.30
4921,Ashley Khan,ashley.khan4921@example.com,Spain,2022-07-28,Premium,7502.67
4922,Elizabeth Costa,elizabeth.costa4922@example.com,France,2022-05-29,Standard,2247.16
4923,Thomas Nguyen,thomas.nguyen4923@example.com,Italy,2023-08-03,Basic,535.85
4924,Charles Smith,charles.smith4924@example.com,United States,2025-09-23,Premium,13447.54
4925,Yuki Chen,yuki.chen4925@example.com,Japan,2022-05-22,Premium,10632.92
4926,Jennifer Martin,jennifer.martin4926@example.com,Australia,2018-03-13,Standard,1414.59
4927,Donna Johnson,donna.johnson4927@example.com,India,2021-02-20,Standard,992.19
4928,Elizabeth Young,elizabeth.young4928@example.com,Australia,2025-04-23,Basic,162.33
4929,Patricia Kim,patricia.kim4929@example.com,Germany,2020-08-18,Standard,1417.02
4930,Anthony Kim,anthony.kim4930@example.com,Australia,2024-09-16,Basic,570.21
4931,Richard Smith,richard.smith4931@example.com,United States,2018-08-21,Premium,11390.96
4932,Donna Brown,donna.brown4932@example.com,Mexico,2024-08-08,Standard,1092.23
4933,Emily Lewis,emily.lewis4933@example.com,Italy,2018-01-15,Standard,3276.26
4934,Karen Wright,karen.wright4934@example.com,United Kingdom,2023-11-28,Basic,514.96
4935,Joseph Perez,joseph.perez4935@example.com,France,2018-09-22,Standard,1473.39
4936,Joshua Silva,joshua.silva4936@example.com,Spain,2018-07-27,Standard,2562.22
4937,Joseph Brown,joseph.brown4937@example.com,Italy,2020-06-22,Basic,506.69
4938,Anthony Ramirez,anthony.ramirez4938@example.com,Netherlands,2022-09-07,Premium,7120.81
4939,Paul Kim,paul.kim4939@example.com,Netherlands,2018-12-04,Premium,3824.30
4940,William Singh,william.singh4940@example.com,Japan,2018-10-01,Standard,1525.40
4941,Hans Torres,hans.torres4941@example.com,Brazil,2025-10-27,Standard,3929.29
4942,Ingrid Robinson,ingrid.robinson4942@example.com,Singapore,2021-11-24,Basic,729.09
4943,Joseph Jones,joseph.jones4943@example.com,Singapore,2018-12-28,Basic,29.07
4944,Daniel Singh,daniel.singh4944@example.com,Germany,2025-07-25,Standard,3163.07
4945,Jessica Smith,jessica.smith4945@example.com,Australia,2023-07-30,Basic,743.89
4946,Joshua Lewis,joshua.lewis4946@example.com,France,2019-07-26,Standard,559.73
4947,Donna Davis,donna.davis4947@example.com,United Kingdom,2025-06-26,Basic,337.75
4948,Joseph Walker,joseph.walker4948@example.com,Italy,2021-12-29,Basic,518.11
4949,Hans Rossi,hans.rossi4949@example.com,Netherlands,2023-06-13,Premium,7552.83
4950,Omar Miller,omar.miller4950@example.com,Brazil,2022-06-19,Standard,3504.99
4951,William Chen,william.chen4951@example.com,Netherlands,2020-06-06,Standard,1754.83
4952,Jessica Ramirez,jessica.ramirez4952@example.com,United Arab Emirates,2025-06-16,Standard,2733.72
4953,Mary Garcia,mary.garcia4953@example.com,Australia,2025-03-05,Basic,129.17
4954,Betty Lopez,betty.lopez4954@example.com,United Kingdom,2022-10-08,Standard,1842.57
4955,Mark Allen,mark.allen4955@example.com,Japan,2018-02-15,Basic,455.90
4956,Omar Gonzalez,omar.gonzalez4956@example.com,Australia,2018-12-17,Standard,3808.49
4957,Christopher Hernandez,christopher.hernandez4957@example.com,United Arab Emirates,2025-03-09,Standard,2488.46
4958,Fatima Wright,fatima.wright4958@example.com,United States,2023-03-15,Basic,233.15
4959,Donna Thomas,donna.thomas4959@example.com,Mexico,2024-01-03,Basic,84.94
4960,Christopher Perez,christopher.perez4960@example.com,Brazil,2023-03-20,Standard,778.72
4961,Christopher Hill,christopher.hill4961@example.com,Australia,2021-04-28,Basic,19.95
4962,Richard Scott,richard.scott4962@example.com,Italy,2023-12-20,Standard,293.62
4963,Mary Jones,mary.jones4963@example.com,United Arab Emirates,2021-04-06,Basic,99.84
4964,Mark Miller,mark.miller4964@example.com,Netherlands,2022-05-07,Basic,263.73
4965,Emily Nguyen,emily.nguyen4965@example.com,Canada,2019-07-24,Standard,2442.88
4966,Daniel Sanchez,daniel.sanchez4966@example.com,Canada,2023-12-29,Standard,2224.93
4967,Jennifer Kim,jennifer.kim4967@example.com,France,2023-11-23,Premium,7570.90
4968,Patricia Kim,patricia.kim4968@example.com,United States,2018-01-18,Standard,2929.92
4969,Barbara Taylor,barbara.taylor4969@example.com,Italy,2025-02-28,Standard,887.60
4970,Mark Scott,mark.scott4970@example.com,Brazil,2021-12-02,Basic,511.56
4971,Patricia Patel,patricia.patel4971@example.com,United States,2019-08-02,Standard,2440.67
4972,Mary Davis,mary.davis4972@example.com,United Arab Emirates,2019-09-07,Premium,6418.64
4973,James Jones,james.jones4973@example.com,Australia,2025-01-06,Standard,337.29
4974,Sarah Hernandez,sarah.hernandez4974@example.com,United States,2022-07-03,Standard,2713.96
4975,Joshua Thompson,joshua.thompson4975@example.com,United Kingdom,2019-10-26,Premium,4951.81
4976,Richard Clark,richard.clark4976@example.com,Singapore,2019-05-03,Standard,2609.15
4977,Mary Harris,mary.harris4977@example.com,United States,2018-02-25,Standard,3173.34
4978,Ashley Patel,ashley.patel4978@example.com,United Kingdom,2020-12-07,Standard,3184.89
4979,Matthew Kim,matthew.kim4979@example.com,United Kingdom,2020-11-29,Basic,561.40
4980,Andrew Lewis,andrew.lewis4980@example.com,Brazil,2025-02-14,Standard,1295.47
4981,Mary Khan,mary.khan4981@example.com,Brazil,2025-09-28,Basic,73.62
4982,Ananya Silva,ananya.silva4982@example.com,Australia,2025-06-10,Standard,3851.92
4983,Lisa Clark,lisa.clark4983@example.com,United Arab Emirates,2023-07-25,Standard,1171.71
4984,Carlos Harris,carlos.harris4984@example.com,Brazil,2020-05-03,Standard,1575.17
4985,Karen Taylor,karen.taylor4985@example.com,Germany,2020-11-07,Basic,264.25
4986,Robert Moore,robert.moore4986@example.com,Australia,2024-02-27,Standard,3905.70
4987,Wei Clark,wei.clark4987@example.com,Singapore,2023-10-07,Standard,954.78
4988,Sofia Moore,sofia.moore4988@example.com,Netherlands,2021-04-30,Standard,2333.94
4989,Joseph Chen,joseph.chen4989@example.com,India,2025-05-06,Basic,437.63
4990,Margaret Patel,margaret.patel4990@example.com,Australia,2023-07-19,Standard,1020.17
4991,Betty Martin,betty.martin4991@example.com,Germany,2019-09-24,Standard,311.33
4992,Wei Robinson,wei.robinson4992@example.com,Japan,2023-04-14,Standard,217.39
4993,Steven Hill,steven.hill4993@example.com,United Kingdom,2025-04-18,Standard,1752.35
4994,Michelle Scott,michelle.scott4994@example.com,Singapore,2025-04-11,Standard,1156.92
4995,Jessica Rossi,jessica.rossi4995@example.com,Mexico,2025-09-29,Standard,1481.42
4996,Paul Williams,paul.williams4996@example.com,Netherlands,2021-06-05,Standard,1412.68
4997,Patricia White,patricia.white4997@example.com,United States,2024-09-06,Basic,139.89
4998,Sarah Sanchez,sarah.sanchez4998@example.com,Italy,2018-02-03,Standard,394.32
4999,Richard Moore,richard.moore4999@example.com,Netherlands,2024-10-07,Standard,3082.25
5000,Andrew Williams,andrew.williams5000@example.com,Brazil,2020-07-19,Standard,3675.78
5001,Ashley Martinez,ashley.martinez5001@example.com,Mexico,2021-07-13,Basic,215.71
5002,Daniel Chen,daniel.chen5002@example.com,Spain,2018-01-20,Standard,1118.42
5003,Mary Jones,mary.jones5003@example.com,India,2024-04-09,Standard,3972.67
5004,Linda Thompson,linda.thompson5004@example.com,United Kingdom,2025-09-23,Premium,11063.63
5005,James Martin,james.martin5005@example.com,United States,2025-05-18,Basic,147.99
5006,Emily Miller,emily.miller5006@example.com,India,2020-07-18,Standard,3561.93
5007,William Robinson,william.robinson5007@example.com,Netherlands,2025-09-01,Standard,2809.33
5008,Yuki Anderson,yuki.anderson5008@example.com,Netherlands,2023-07-07,Basic,496.35
5009,Hans Perez,hans.perez5009@example.com,Netherlands,2019-02-16,Standard,624.37
5010,Jessica Chen,jessica.chen5010@example.com,United States,2021-01-30,Standard,3976.28
5011,David Sanchez,david.sanchez5011@example.com,United Arab Emirates,2023-03-03,Standard,3305.04
5012,Elizabeth Scott,elizabeth.scott5012@example.com,Spain,2022-04-07,Standard,3643.22
5013,Wei Thompson,wei.thompson5013@example.com,United States,2023-11-15,Premium,6725.21
5014,Joseph King,joseph.king5014@example.com,Italy,2025-08-04,Standard,1530.37
5015,Charles Perez,charles.perez5015@example.com,France,2025-02-01,Basic,605.28
5016,John Hill,john.hill5016@example.com,Spain,2018-11-28,Basic,467.68
5017,Christopher Miller,christopher.miller5017@example.com,Spain,2021-05-31,Premium,6472.26
5018,Daniel Lee,daniel.lee5018@example.com,Germany,2025-09-21,Basic,363.00
5019,John Silva,john.silva5019@example.com,Brazil,2020-02-03,Standard,2266.50
5020,Michael Clark,michael.clark5020@example.com,Germany,2022-12-17,Standard,1150.68
5021,Michael Rodriguez,michael.rodriguez5021@example.com,Spain,2021-07-24,Basic,664.36
5022,Lisa Ramirez,lisa.ramirez5022@example.com,Netherlands,2019-11-15,Basic,608.84
5023,Thomas Miller,thomas.miller5023@example.com,Australia,2018-04-28,Standard,2152.04
5024,Kimberly Davis,kimberly.davis5024@example.com,Netherlands,2025-05-06,Standard,1879.89
5025,David Smith,david.smith5025@example.com,United Arab Emirates,2018-08-31,Standard,1810.81
5026,Joseph Garcia,joseph.garcia5026@example.com,Australia,2020-09-12,Standard,276.67
5027,Jessica Flores,jessica.flores5027@example.com,Canada,2022-11-21,Standard,3029.98
5028,Patricia Martin,patricia.martin5028@example.com,Italy,2021-09-13,Standard,2940.19
5029,Donna Wright,donna.wright5029@example.com,Singapore,2019-05-28,Premium,13886.93
5030,Fatima Rossi,fatima.rossi5030@example.com,Germany,2025-08-03,Standard,3254.55
5031,Barbara Silva,barbara.silva5031@example.com,Netherlands,2020-07-27,Standard,3345.58
5032,Kimberly Scott,kimberly.scott5032@example.com,United States,2021-06-17,Standard,2107.91
5033,Jennifer Chen,jennifer.chen5033@example.com,United Kingdom,2018-08-23,Standard,751.95
5034,Joshua Thomas,joshua.thomas5034@example.com,India,2018-07-09,Standard,3464.28
5035,Elizabeth Scott,elizabeth.scott5035@example.com,Italy,2020-08-30,Standard,606.85
5036,Thomas Rodriguez,thomas.rodriguez5036@example.com,Netherlands,2022-02-28,Standard,1877.94
5037,Sandra Lopez,sandra.lopez5037@example.com,Canada,2019-03-28,Standard,2929.68
5038,Charles Nguyen,charles.nguyen5038@example.com,France,2025-01-19,Premium,5363.89
5039,Jennifer King,jennifer.king5039@example.com,Germany,2025-04-03,Basic,239.32
5040,Margaret Flores,margaret.flores5040@example.com,United Arab Emirates,2018-12-13,Standard,3569.07
5041,Yuki Kim,yuki.kim5041@example.com,Spain,2024-07-25,Basic,387.05
5042,Linda Singh,linda.singh5042@example.com,India,2018-03-06,Standard,1750.40
5043,Yuki Nguyen,yuki.nguyen5043@example.com,Spain,2023-03-31,Premium,9864.44
5044,Matthew Perez,matthew.perez5044@example.com,United Arab Emirates,2023-01-26,Basic,170.90
5045,David Allen,david.allen5045@example.com,Australia,2019-08-02,Premium,10909.01
5046,Jennifer Mueller,jennifer.mueller5046@example.com,Japan,2023-06-27,Premium,4971.64
5047,Michelle Martinez,michelle.martinez5047@example.com,Mexico,2024-03-02,Standard,1135.51
5048,Andrew Jones,andrew.jones5048@example.com,Brazil,2020-06-11,Basic,543.52
5049,Margaret Costa,margaret.costa5049@example.com,Netherlands,2018-04-21,Standard,1564.14
5050,Andrew Allen,andrew.allen5050@example.com,Brazil,2018-01-05,Standard,1879.87
5051,Charles Thompson,charles.thompson5051@example.com,Italy,2024-12-09,Basic,672.39
5052,Jennifer White,jennifer.white5052@example.com,United States,2020-11-07,Basic,219.33
5053,Patricia Smith,patricia.smith5053@example.com,United Kingdom,2018-01-25,Basic,104.75
5054,Ananya Harris,ananya.harris5054@example.com,Japan,2020-09-26,Basic,448.37
5055,Emily Flores,emily.flores5055@example.com,Germany,2021-06-22,Premium,10293.37
5056,Patricia Hernandez,patricia.hernandez5056@example.com,Japan,2022-06-26,Standard,1919.84
5057,Betty Brown,betty.brown5057@example.com,Netherlands,2018-07-14,Standard,1234.36
5058,Joshua Costa,joshua.costa5058@example.com,Germany,2021-01-23,Basic,326.47
5059,Omar Robinson,omar.robinson5059@example.com,France,2025-01-05,Standard,461.47
5060,Fatima Rossi,fatima.rossi5060@example.com,Netherlands,2022-10-03,Premium,9042.15
5061,Michael Williams,michael.williams5061@example.com,Germany,2024-02-29,Premium,10645.40
5062,Mark Lopez,mark.lopez5062@example.com,Singapore,2021-07-08,Premium,3301.67
5063,Jessica Moore,jessica.moore5063@example.com,Canada,2024-02-13,Standard,1379.92
5064,Elizabeth Smith,elizabeth.smith5064@example.com,Japan,2025-05-17,Premium,9109.76
5065,Lisa Thomas,lisa.thomas5065@example.com,Netherlands,2024-03-03,Standard,3012.88
5066,Yuki Rossi,yuki.rossi5066@example.com,Netherlands,2025-07-15,Premium,7027.56
5067,Linda Rossi,linda.rossi5067@example.com,Australia,2020-06-29,Basic,332.27
5068,James Thomas,james.thomas5068@example.com,Spain,2025-06-27,Standard,2784.84
5069,Ananya Khan,ananya.khan5069@example.com,Germany,2022-04-08,Standard,2480.88
5070,Sandra Mueller,sandra.mueller5070@example.com,Italy,2021-06-08,Standard,2662.46
5071,Margaret Walker,margaret.walker5071@example.com,United States,2018-04-05,Standard,1543.64
5072,Jennifer Taylor,jennifer.taylor5072@example.com,Canada,2018-07-26,Standard,3872.79
5073,James Robinson,james.robinson5073@example.com,Germany,2021-01-06,Premium,9288.17
5074,Mary Kim,mary.kim5074@example.com,Singapore,2024-10-20,Standard,1418.44
5075,Barbara Wilson,barbara.wilson5075@example.com,Japan,2022-03-01,Standard,507.52
5076,Linda Costa,linda.costa5076@example.com,Canada,2024-12-23,Standard,1206.36
5077,Ananya Martin,ananya.martin5077@example.com,United Arab Emirates,2022-01-28,Standard,1797.20
5078,Donald Martinez,donald.martinez5078@example.com,India,2021-10-18,Standard,1680.04
5079,Linda Hill,linda.hill5079@example.com,Australia,2023-08-04,Standard,497.34
5080,Mark Lewis,mark.lewis5080@example.com,Netherlands,2019-04-22,Basic,550.48
5081,Yuki Allen,yuki.allen5081@example.com,Netherlands,2019-08-03,Standard,3416.54
5082,Jessica Nguyen,jessica.nguyen5082@example.com,Canada,2019-07-05,Standard,3020.30
5083,Hans Harris,hans.harris5083@example.com,Brazil,2024-02-06,Basic,175.01
5084,Mary White,mary.white5084@example.com,Germany,2023-02-23,Standard,574.09
5085,Paul King,paul.king5085@example.com,France,2018-07-10,Standard,830.32
5086,William Wilson,william.wilson5086@example.com,United Arab Emirates,2021-03-28,Standard,2735.42
5087,Robert Martin,robert.martin5087@example.com,Australia,2022-04-11,Standard,868.45
5088,Margaret Wilson,margaret.wilson5088@example.com,United States,2021-04-30,Basic,761.14
5089,Linda Jones,linda.jones5089@example.com,Australia,2019-02-01,Basic,547.36
5090,Barbara Patel,barbara.patel5090@example.com,India,2020-01-31,Standard,1322.98
5091,Joseph Davis,joseph.davis5091@example.com,Japan,2022-09-23,Standard,987.39
5092,Anthony Taylor,anthony.taylor5092@example.com,Singapore,2020-10-22,Standard,1675.53
5093,Matthew Wright,matthew.wright5093@example.com,Australia,2024-08-26,Basic,408.41
5094,Donald Johnson,donald.johnson5094@example.com,Japan,2024-04-07,Standard,3161.76
5095,Joseph Smith,joseph.smith5095@example.com,Japan,2020-06-19,Premium,8323.48
5096,Joshua Kim,joshua.kim5096@example.com,Italy,2020-07-18,Standard,2822.36
5097,Jennifer Silva,jennifer.silva5097@example.com,United Kingdom,2019-08-17,Standard,3161.96
5098,Fatima Hill,fatima.hill5098@example.com,Spain,2019-11-18,Premium,8273.21
5099,Patricia Harris,patricia.harris5099@example.com,Germany,2021-02-21,Standard,444.77
5100,Thomas Brown,thomas.brown5100@example.com,United Arab Emirates,2025-09-09,Standard,751.58
5101,Michael Garcia,michael.garcia5101@example.com,United Kingdom,2019-06-10,Standard,2151.54
5102,Sarah Walker,sarah.walker5102@example.com,Germany,2018-03-25,Premium,3137.57
5103,Linda Lewis,linda.lewis5103@example.com,Netherlands,2022-06-29,Standard,2677.61
5104,Donald Perez,donald.perez5104@example.com,Japan,2024-11-15,Standard,2970.57
5105,Carlos King,carlos.king5105@example.com,Singapore,2024-06-19,Standard,2012.84
5106,Charles Nguyen,charles.nguyen5106@example.com,Mexico,2024-09-24,Standard,416.14
5107,David Rodriguez,david.rodriguez5107@example.com,Canada,2019-03-29,Premium,5629.07
5108,Anthony Perez,anthony.perez5108@example.com,India,2023-10-18,Basic,590.22
5109,Emily Flores,emily.flores5109@example.com,Canada,2018-02-08,Standard,1844.14
5110,Ashley Wilson,ashley.wilson5110@example.com,Spain,2025-12-04,Standard,1390.86
5111,Jessica Miller,jessica.miller5111@example.com,Germany,2019-01-21,Basic,134.53
5112,Sandra White,sandra.white5112@example.com,Brazil,2019-12-31,Basic,595.88
5113,Hans Clark,hans.clark5113@example.com,Mexico,2021-06-03,Premium,9914.43
5114,Susan Young,susan.young5114@example.com,Japan,2018-10-18,Basic,70.94
5115,Susan King,susan.king5115@example.com,Italy,2024-08-13,Basic,518.62
5116,Donna Brown,donna.brown5116@example.com,United Kingdom,2025-10-28,Standard,379.97
5117,Hans Wilson,hans.wilson5117@example.com,United States,2023-08-09,Standard,492.07
5118,Ashley Thompson,ashley.thompson5118@example.com,Spain,2025-10-20,Standard,852.61
5119,Matthew Anderson,matthew.anderson5119@example.com,Italy,2020-03-07,Basic,337.27
5120,Linda Thomas,linda.thomas5120@example.com,Mexico,2023-11-29,Premium,6282.50
5121,Donna Williams,donna.williams5121@example.com,United States,2021-06-25,Basic,551.40
5122,Patricia Thomas,patricia.thomas5122@example.com,United Kingdom,2024-09-29,Standard,1557.58
5123,Charles White,charles.white5123@example.com,India,2023-08-25,Standard,1054.65
5124,Omar Clark,omar.clark5124@example.com,Singapore,2020-08-18,Basic,544.07
5125,Donna Scott,donna.scott5125@example.com,Canada,2019-09-20,Basic,385.46
5126,Sarah Rossi,sarah.rossi5126@example.com,Spain,2019-09-24,Standard,752.90
5127,Christopher Costa,christopher.costa5127@example.com,India,2019-03-10,Basic,350.36
5128,Sarah Jones,sarah.jones5128@example.com,Italy,2020-01-25,Basic,258.14
5129,Robert Patel,robert.patel5129@example.com,United Arab Emirates,2020-11-06,Basic,665.66
5130,Anthony Lopez,anthony.lopez5130@example.com,Canada,2025-11-20,Basic,793.17
5131,Fatima Gonzalez,fatima.gonzalez5131@example.com,United States,2019-05-13,Standard,2845.61
5132,Betty Anderson,betty.anderson5132@example.com,France,2022-01-06,Standard,1181.19
5133,Susan Rossi,susan.rossi5133@example.com,France,2021-07-27,Basic,187.00
5134,Christopher Harris,christopher.harris5134@example.com,United States,2024-10-06,Standard,1120.97
5135,Ingrid Walker,ingrid.walker5135@example.com,Japan,2025-06-02,Standard,3000.14
5136,Ingrid Flores,ingrid.flores5136@example.com,Mexico,2022-10-22,Premium,11044.93
5137,Karen White,karen.white5137@example.com,Mexico,2024-01-15,Basic,371.85
5138,Aarav Moore,aarav.moore5138@example.com,United States,2024-04-22,Basic,788.22
5139,Michelle Hill,michelle.hill5139@example.com,Italy,2019-03-17,Basic,368.72
5140,Aarav Costa,aarav.costa5140@example.com,India,2025-04-19,Basic,756.57
5141,Jennifer Clark,jennifer.clark5141@example.com,Canada,2018-09-30,Standard,3533.91
5142,Susan Flores,susan.flores5142@example.com,United Arab Emirates,2022-10-23,Standard,1920.72
5143,Donald Khan,donald.khan5143@example.com,Brazil,2025-05-14,Premium,4942.72
5144,Charles Smith,charles.smith5144@example.com,United Kingdom,2021-06-05,Basic,106.08
5145,David Kim,david.kim5145@example.com,Singapore,2021-01-12,Standard,557.42
5146,Michelle King,michelle.king5146@example.com,Singapore,2020-07-29,Basic,648.61
5147,Patricia Clark,patricia.clark5147@example.com,Germany,2020-01-28,Standard,2987.37
5148,Margaret Lee,margaret.lee5148@example.com,United States,2019-01-21,Standard,3587.93
5149,Michael Kim,michael.kim5149@example.com,France,2021-01-04,Basic,134.56
5150,Hans Scott,hans.scott5150@example.com,France,2019-09-29,Basic,535.52
5151,Wei Johnson,wei.johnson5151@example.com,France,2020-09-29,Standard,3272.34
5152,Hans White,hans.white5152@example.com,Mexico,2021-06-14,Premium,7709.84
5153,Daniel Khan,daniel.khan5153@example.com,Canada,2019-04-29,Basic,534.65
5154,Steven Ramirez,steven.ramirez5154@example.com,India,2022-09-03,Standard,3960.83
5155,James Flores,james.flores5155@example.com,France,2019-02-27,Basic,247.14
5156,Daniel Gonzalez,daniel.gonzalez5156@example.com,Mexico,2025-12-04,Standard,446.82
5157,Richard Robinson,richard.robinson5157@example.com,France,2025-02-19,Premium,3745.06
5158,Christopher Garcia,christopher.garcia5158@example.com,Mexico,2018-08-17,Standard,2132.57
5159,Barbara Harris,barbara.harris5159@example.com,Spain,2018-10-17,Basic,21.73
5160,Richard Lee,richard.lee5160@example.com,Mexico,2020-12-30,Standard,888.71
5161,Andrew Nguyen,,United States,2025-02-10,Basic,765.45
5162,Jessica Walker,jessica.walker5162@example.com,Australia,2022-11-08,Standard,2415.73
5163,Margaret Hill,margaret.hill5163@example.com,United Kingdom,2024-05-23,Standard,1518.50
5164,Joseph Wright,joseph.wright5164@example.com,Mexico,2020-10-21,Standard,552.89
5165,Robert Patel,robert.patel5165@example.com,Netherlands,2020-02-25,Basic,487.06
5166,Mary Flores,mary.flores5166@example.com,Netherlands,2021-06-05,Basic,101.45
5167,Ananya Patel,ananya.patel5167@example.com,France,2018-01-10,Basic,302.84
5168,Yuki Lopez,yuki.lopez5168@example.com,Germany,2021-01-11,Standard,1758.42
5169,Richard Martin,richard.martin5169@example.com,Japan,2024-10-12,Standard,1074.27
5170,Jessica Taylor,jessica.taylor5170@example.com,India,2019-02-24,Standard,3768.47
5171,Sofia King,sofia.king5171@example.com,United Arab Emirates,2024-11-12,Standard,1166.73
5172,John Allen,john.allen5172@example.com,Netherlands,2022-01-22,Standard,3285.35
5173,Barbara Jackson,barbara.jackson5173@example.com,Japan,2019-12-25,Standard,1658.13
5174,Michelle Rodriguez,michelle.rodriguez5174@example.com,India,2018-03-27,Standard,1909.11
5175,Susan Perez,susan.perez5175@example.com,United States,2024-06-23,Basic,689.58
5176,David Silva,david.silva5176@example.com,Spain,2023-11-13,Basic,645.57
5177,Lisa Hill,lisa.hill5177@example.com,United Arab Emirates,2023-05-19,Standard,3405.41
5178,James Thomas,james.thomas5178@example.com,Netherlands,2024-10-14,Standard,3519.77
5179,Margaret Jackson,margaret.jackson5179@example.com,India,2024-09-27,Standard,565.28
5180,Donald Sanchez,donald.sanchez5180@example.com,France,2023-02-19,Standard,673.48
5181,Emily King,emily.king5181@example.com,United States,2024-08-21,Standard,3233.04
5182,Nancy Moore,nancy.moore5182@example.com,Japan,2023-02-09,Premium,4759.46
5183,Sarah Jackson,sarah.jackson5183@example.com,Mexico,2025-03-27,Basic,321.57
5184,Matthew King,matthew.king5184@example.com,Australia,2023-01-18,Basic,471.23
5185,Michelle Nguyen,michelle.nguyen5185@example.com,United States,2022-08-01,Standard,2863.03
5186,Sandra Khan,sandra.khan5186@example.com,Spain,2018-04-02,Basic,697.75
5187,Margaret Nguyen,margaret.nguyen5187@example.com,Singapore,2020-12-04,Premium,10075.93
5188,Jennifer Garcia,jennifer.garcia5188@example.com,Netherlands,2020-05-30,Premium,12379.47
5189,Thomas Ali,thomas.ali5189@example.com,Brazil,2019-02-25,Basic,269.38
5190,Donald Thompson,donald.thompson5190@example.com,Italy,2021-08-27,Standard,200.20
5191,Nancy Jones,nancy.jones5191@example.com,Japan,2022-09-27,Standard,3785.99
5192,Yuki Miller,yuki.miller5192@example.com,Spain,2021-04-13,Standard,1190.89
5193,Carlos Singh,carlos.singh5193@example.com,France,2025-10-14,Standard,988.45
5194,Lisa Flores,lisa.flores5194@example.com,Australia,2024-06-15,Basic,413.70
5195,Mary Moore,mary.moore5195@example.com,United Arab Emirates,2018-03-10,Standard,2653.71
5196,Anthony Clark,anthony.clark5196@example.com,Mexico,2020-07-28,Basic,387.58
5197,Karen Williams,karen.williams5197@example.com,Italy,2020-12-18,Premium,13716.13
5198,Emily Ramirez,emily.ramirez5198@example.com,Singapore,2025-11-19,Premium,8981.77
5199,David Perez,david.perez5199@example.com,Canada,2021-05-16,Basic,767.17
5200,William Perez,william.perez5200@example.com,Singapore,2025-08-27,Premium,13170.45
5201,Paul Lee,paul.lee5201@example.com,Brazil,2022-10-19,Basic,595.65
5202,Hans Harris,hans.harris5202@example.com,France,2023-10-08,Basic,794.17
5203,Robert Patel,robert.patel5203@example.com,Netherlands,2020-10-18,Standard,2165.75
5204,Charles Torres,charles.torres5204@example.com,Italy,2022-07-26,Standard,3465.92
5205,Patricia Chen,patricia.chen5205@example.com,India,2023-09-29,Standard,1533.02
5206,Mary Rossi,mary.rossi5206@example.com,United States,2018-11-22,Basic,680.12
5207,Elizabeth Lewis,elizabeth.lewis5207@example.com,Australia,2024-09-28,Standard,1467.16
5208,Michelle Kim,michelle.kim5208@example.com,Netherlands,2021-04-19,Standard,2642.26
5209,Steven White,steven.white5209@example.com,Singapore,2025-12-10,Premium,8366.43
5210,Daniel King,daniel.king5210@example.com,Brazil,2018-07-19,Standard,3587.83
5211,Matthew Lee,matthew.lee5211@example.com,United States,2020-03-06,Standard,3039.96
5212,Susan Taylor,susan.taylor5212@example.com,France,2020-05-15,Standard,2589.70
5213,Thomas Sanchez,thomas.sanchez5213@example.com,Mexico,2022-03-27,Standard,3039.39
5214,Fatima Thomas,fatima.thomas5214@example.com,Japan,2018-10-22,Standard,2762.21
5215,Elizabeth Gonzalez,elizabeth.gonzalez5215@example.com,Brazil,2025-08-15,Standard,1802.38
5216,Donald Ali,donald.ali5216@example.com,United Arab Emirates,2018-07-15,Basic,358.79
5217,Joseph Davis,joseph.davis5217@example.com,France,2021-02-20,Basic,693.11
5218,Sandra Robinson,sandra.robinson5218@example.com,United Kingdom,2025-07-28,Basic,330.78
5219,William Harris,william.harris5219@example.com,Australia,2022-12-26,Standard,2245.09
5220,Omar Williams,omar.williams5220@example.com,United Arab Emirates,2024-03-20,Standard,3676.35
5221,Joshua Young,joshua.young5221@example.com,France,2023-07-24,Basic,772.95
5222,Lisa Flores,lisa.flores5222@example.com,France,2025-04-16,Standard,1109.82
5223,Charles Allen,charles.allen5223@example.com,United Kingdom,2024-08-03,Basic,283.31
5224,Richard Lewis,richard.lewis5224@example.com,Netherlands,2020-11-05,Basic,702.54
5225,Mary Silva,mary.silva5225@example.com,Brazil,2022-05-14,Basic,372.58
5226,Emily Walker,emily.walker5226@example.com,France,2019-09-08,Standard,285.60
5227,Donald Clark,donald.clark5227@example.com,Canada,2021-06-16,Standard,2467.74
5228,Daniel Gonzalez,daniel.gonzalez5228@example.com,Canada,2021-07-22,Standard,3066.65
5229,Ingrid Wilson,ingrid.wilson5229@example.com,Germany,2018-09-01,Standard,2563.56
5230,Patricia Williams,patricia.williams5230@example.com,United States,2024-05-27,Standard,3434.20
5231,Sofia Williams,sofia.williams5231@example.com,India,2022-06-20,Basic,285.65
5232,Steven Martinez,steven.martinez5232@example.com,France,2020-12-14,Standard,1504.94
5233,Kimberly Perez,kimberly.perez5233@example.com,Australia,2022-02-05,Standard,1134.81
5234,Barbara Gonzalez,barbara.gonzalez5234@example.com,United Kingdom,2022-08-13,Basic,343.87
5235,John Patel,john.patel5235@example.com,United Arab Emirates,2025-07-11,Standard,3098.23
5236,John Taylor,john.taylor5236@example.com,Singapore,2024-05-26,Standard,3000.08
5237,Robert Brown,robert.brown5237@example.com,Singapore,2021-06-14,Basic,467.93
5238,Hans Chen,hans.chen5238@example.com,Australia,2018-11-15,Standard,498.92
5239,Omar Silva,omar.silva5239@example.com,Mexico,2024-08-20,Standard,2995.27
5240,Christopher Garcia,christopher.garcia5240@example.com,Canada,2025-08-28,Premium,13527.51
5241,Steven Wilson,steven.wilson5241@example.com,Brazil,2021-02-07,Basic,321.43
5242,Robert Martin,robert.martin5242@example.com,Brazil,2023-01-12,Basic,340.04
5243,Jennifer Allen,jennifer.allen5243@example.com,Spain,2022-07-31,Standard,2142.26
5244,Wei Smith,wei.smith5244@example.com,Brazil,2024-07-18,Standard,1764.11
5245,Wei Kim,wei.kim5245@example.com,Singapore,2022-04-20,Basic,438.05
5246,Elizabeth Ali,elizabeth.ali5246@example.com,Italy,2022-03-08,Standard,2905.66
5247,Lisa Sanchez,lisa.sanchez5247@example.com,Mexico,2024-07-28,Standard,1624.72
5248,Kimberly Kim,kimberly.kim5248@example.com,France,2019-11-04,Standard,2865.26
5249,Omar Anderson,omar.anderson5249@example.com,United Kingdom,2024-06-10,Premium,11156.83
5250,Ashley Ramirez,ashley.ramirez5250@example.com,Singapore,2018-03-13,Basic,252.44
5251,Donald Singh,donald.singh5251@example.com,Japan,2022-09-26,Standard,863.99
5252,Elizabeth Jones,elizabeth.jones5252@example.com,India,2018-10-03,Standard,1021.87
5253,Jennifer Wright,jennifer.wright5253@example.com,United States,2021-06-16,Standard,2041.30
5254,Mark Thomas,mark.thomas5254@example.com,Mexico,2019-01-05,Standard,1162.66
5255,Carlos Mueller,carlos.mueller5255@example.com,United Kingdom,2020-12-05,Standard,1929.79
5256,Karen Rodriguez,karen.rodriguez5256@example.com,India,2024-10-16,Premium,5411.92
5257,Michael Johnson,michael.johnson5257@example.com,Italy,2025-07-16,Basic,133.19
5258,Carlos Anderson,carlos.anderson5258@example.com,Brazil,2025-03-27,Basic,180.53
5259,Daniel Garcia,daniel.garcia5259@example.com,Italy,2025-08-25,Standard,2858.79
5260,Anthony Clark,anthony.clark5260@example.com,Singapore,2023-07-29,Standard,2020.45
5261,Michael Wilson,michael.wilson5261@example.com,Germany,2022-02-10,Premium,2992.61
5262,Yuki Gonzalez,yuki.gonzalez5262@example.com,India,2023-10-07,Premium,6860.54
5263,Sarah Clark,sarah.clark5263@example.com,Japan,2018-11-18,Basic,279.41
5264,Michelle King,michelle.king5264@example.com,India,2025-02-25,Basic,134.23
5265,Linda Young,linda.young5265@example.com,India,2021-11-08,Standard,3531.93
5266,Michelle Brown,michelle.brown5266@example.com,Japan,2021-05-28,Basic,564.71
5267,Yuki Jones,yuki.jones5267@example.com,Japan,2022-03-17,Basic,264.23
5268,Kimberly Davis,kimberly.davis5268@example.com,India,2024-12-17,Standard,875.70
5269,Paul Wilson,paul.wilson5269@example.com,Canada,2024-08-03,Basic,176.27
5270,Paul Silva,paul.silva5270@example.com,Canada,2024-02-22,Basic,713.22
5271,Hans Williams,hans.williams5271@example.com,Germany,2023-12-23,Basic,52.02
5272,Thomas Harris,thomas.harris5272@example.com,United Kingdom,2025-11-21,Standard,2505.46
5273,Barbara Martin,barbara.martin5273@example.com,Canada,2025-09-23,Basic,486.61
5274,Lisa Torres,lisa.torres5274@example.com,Singapore,2020-09-18,Standard,3916.68
5275,Patricia Nguyen,patricia.nguyen5275@example.com,Canada,2019-12-12,Basic,50.65
5276,Christopher Martinez,christopher.martinez5276@example.com,Germany,2021-04-24,Standard,544.58
5277,Jennifer Jackson,jennifer.jackson5277@example.com,Canada,2020-03-16,Basic,199.57
5278,Nancy Kim,nancy.kim5278@example.com,Germany,2018-08-10,Standard,3818.63
5279,Christopher Anderson,christopher.anderson5279@example.com,United States,2021-06-12,Premium,5858.82
5280,Mark Lewis,mark.lewis5280@example.com,Spain,2025-12-27,Standard,579.27
5281,Patricia Flores,patricia.flores5281@example.com,Italy,2022-07-27,Basic,288.45
5282,Emily Martin,emily.martin5282@example.com,India,2021-08-02,Standard,1935.15
5283,Sofia Ali,sofia.ali5283@example.com,Italy,2021-06-05,Standard,1437.04
5284,Karen Davis,karen.davis5284@example.com,Italy,2020-01-23,Basic,478.11
5285,Michael Martinez,michael.martinez5285@example.com,Mexico,2024-09-15,Standard,1214.22
5286,Elizabeth Brown,elizabeth.brown5286@example.com,Spain,2018-12-03,Standard,3752.76
5287,Carlos Miller,carlos.miller5287@example.com,Canada,2025-10-16,Premium,11726.77
5288,Ananya Harris,ananya.harris5288@example.com,Canada,2018-03-12,Standard,423.72
5289,Hans Khan,hans.khan5289@example.com,Spain,2019-06-27,Basic,128.03
5290,Thomas Rodriguez,thomas.rodriguez5290@example.com,Canada,2022-07-15,Basic,428.44
5291,Anthony Allen,anthony.allen5291@example.com,United Kingdom,2025-09-15,Basic,66.97
5292,Ashley Thompson,ashley.thompson5292@example.com,Australia,2019-11-30,Basic,520.31
5293,Matthew Flores,matthew.flores5293@example.com,Australia,2019-08-22,Standard,315.81
5294,Richard Patel,richard.patel5294@example.com,Mexico,2025-12-11,Standard,528.13
5295,James Smith,james.smith5295@example.com,Germany,2019-07-24,Standard,2715.79
5296,Aarav Patel,aarav.patel5296@example.com,Spain,2021-12-11,Basic,393.82
5297,Hans Rodriguez,hans.rodriguez5297@example.com,Brazil,2018-07-21,Standard,2873.14
5298,David Martinez,david.martinez5298@example.com,Spain,2025-05-31,Premium,8022.93
5299,Sarah Scott,sarah.scott5299@example.com,Brazil,2019-06-12,Standard,1165.54
5300,Richard Scott,richard.scott5300@example.com,Canada,2019-08-16,Standard,2518.23
5301,Jennifer Jackson,jennifer.jackson5301@example.com,United Arab Emirates,2018-07-03,Standard,1458.49
5302,Steven Kim,steven.kim5302@example.com,United Arab Emirates,2019-08-27,Premium,13875.86
5303,Kimberly Sanchez,kimberly.sanchez5303@example.com,Australia,2018-06-29,Premium,5744.47
5304,Mary Lopez,mary.lopez5304@example.com,Singapore,2020-01-16,Basic,209.72
5305,Anthony Thompson,anthony.thompson5305@example.com,United Arab Emirates,2023-05-09,Basic,210.79
5306,Betty Khan,betty.khan5306@example.com,India,2018-06-20,Basic,574.41
5307,Mary Taylor,mary.taylor5307@example.com,Spain,2023-08-21,Basic,777.64
5308,Donna Allen,donna.allen5308@example.com,Australia,2025-09-18,Standard,1186.42
5309,John Miller,john.miller5309@example.com,India,2025-01-12,Basic,672.80
5310,Margaret Rodriguez,margaret.rodriguez5310@example.com,Japan,2023-07-09,Standard,2217.20
5311,Steven Lewis,steven.lewis5311@example.com,Australia,2021-11-24,Basic,340.45
5312,Michelle Flores,,Canada,2020-04-23,Basic,311.48
5313,Patricia Clark,patricia.clark5313@example.com,United Arab Emirates,2019-07-20,Standard,3404.71
5314,Mary Garcia,mary.garcia5314@example.com,Netherlands,2020-03-03,Basic,444.81
5315,James Moore,james.moore5315@example.com,Mexico,2021-02-08,Standard,2728.55
5316,Mark Garcia,mark.garcia5316@example.com,Mexico,2018-03-05,Basic,171.46
5317,Mary Wilson,mary.wilson5317@example.com,Netherlands,2020-11-16,Standard,3455.98
5318,Kimberly Nguyen,kimberly.nguyen5318@example.com,Netherlands,2021-08-14,Basic,583.88
5319,Emily Hernandez,emily.hernandez5319@example.com,Mexico,2021-04-02,Basic,246.43
5320,Donna Ali,donna.ali5320@example.com,France,2023-02-26,Basic,647.10
5321,Carlos Brown,carlos.brown5321@example.com,Germany,2021-06-14,Basic,352.40
5322,Emily Thomas,emily.thomas5322@example.com,United Arab Emirates,2019-01-16,Standard,3837.79
5323,Anthony Walker,anthony.walker5323@example.com,United States,2024-04-30,Standard,1459.25
5324,Joseph Rodriguez,joseph.rodriguez5324@example.com,Australia,2023-07-15,Standard,229.74
5325,Emily Taylor,emily.taylor5325@example.com,Netherlands,2023-10-19,Basic,323.21
5326,Aarav King,aarav.king5326@example.com,Australia,2021-09-20,Basic,304.00
5327,Wei Martinez,wei.martinez5327@example.com,United Kingdom,2022-02-14,Standard,3142.33
5328,Wei Wright,wei.wright5328@example.com,Singapore,2019-10-13,Standard,2197.04
5329,David Ali,david.ali5329@example.com,United States,2019-03-30,Standard,2202.38
5330,Elizabeth Thomas,elizabeth.thomas5330@example.com,United States,2022-11-25,Standard,3613.46
5331,Steven Perez,steven.perez5331@example.com,Italy,2021-05-05,Standard,2789.73
5332,Margaret Young,margaret.young5332@example.com,Spain,2023-07-22,Basic,401.91
5333,Michelle Sanchez,michelle.sanchez5333@example.com,Netherlands,2024-03-09,Standard,1031.48
5334,Sarah Rossi,sarah.rossi5334@example.com,India,2024-06-12,Standard,2004.79
5335,Elizabeth Garcia,elizabeth.garcia5335@example.com,Spain,2020-04-01,Standard,508.41
5336,Donald Lee,donald.lee5336@example.com,Spain,2025-12-14,Basic,263.80
5337,Aarav Hernandez,aarav.hernandez5337@example.com,Italy,2024-12-25,Basic,390.84
5338,Paul Ali,paul.ali5338@example.com,France,2018-12-23,Standard,3874.48
5339,Robert Ali,robert.ali5339@example.com,Japan,2022-04-30,Standard,2798.84
5340,David Ramirez,david.ramirez5340@example.com,Netherlands,2019-05-08,Standard,3388.32
5341,Ananya Davis,ananya.davis5341@example.com,Mexico,2023-07-13,Basic,339.52
5342,Nancy Anderson,nancy.anderson5342@example.com,Australia,2021-12-27,Standard,3191.10
5343,Robert Costa,robert.costa5343@example.com,Spain,2022-11-21,Standard,1380.59
5344,Linda Flores,linda.flores5344@example.com,Japan,2024-09-18,Standard,1821.72
5345,Carlos Smith,carlos.smith5345@example.com,United States,2024-05-06,Basic,764.33
5346,Daniel Mueller,daniel.mueller5346@example.com,United Kingdom,2018-09-07,Standard,3373.27
5347,Betty Gonzalez,betty.gonzalez5347@example.com,Canada,2021-09-02,Basic,460.49
5348,Ananya Patel,ananya.patel5348@example.com,United Arab Emirates,2021-02-24,Standard,749.42
5349,Kimberly Moore,kimberly.moore5349@example.com,Netherlands,2020-05-30,Basic,244.25
5350,Wei Hill,wei.hill5350@example.com,Australia,2022-08-08,Standard,2302.53
5351,Andrew Patel,andrew.patel5351@example.com,France,2022-11-21,Standard,2688.65
5352,Patricia Garcia,patricia.garcia5352@example.com,Singapore,2023-09-05,Basic,776.66
5353,Sarah Smith,sarah.smith5353@example.com,Germany,2021-05-13,Basic,442.84
5354,Robert Perez,robert.perez5354@example.com,Brazil,2020-09-18,Basic,299.78
5355,Kimberly Sanchez,kimberly.sanchez5355@example.com,Italy,2023-06-14,Standard,596.44
5356,Daniel Lee,daniel.lee5356@example.com,Australia,2018-03-06,Standard,1511.19
5357,Donna Martinez,donna.martinez5357@example.com,United States,2024-11-24,Basic,712.42
5358,Ashley Moore,ashley.moore5358@example.com,Singapore,2022-07-09,Basic,506.39
5359,William Young,william.young5359@example.com,Spain,2021-09-24,Premium,11742.03
5360,Betty Khan,betty.khan5360@example.com,France,2024-12-31,Basic,458.71
5361,Michael Hill,michael.hill5361@example.com,Italy,2023-12-14,Standard,3319.84
5362,Daniel Clark,daniel.clark5362@example.com,Spain,2025-08-28,Standard,783.54
5363,Steven White,steven.white5363@example.com,United Kingdom,2018-12-17,Basic,703.58
5364,Daniel Lee,daniel.lee5364@example.com,Singapore,2025-04-12,Basic,670.74
5365,Susan Scott,susan.scott5365@example.com,United States,2025-07-21,Standard,2089.08
5366,Nancy Lee,nancy.lee5366@example.com,Canada,2019-10-13,Standard,1667.85
5367,Anthony Taylor,anthony.taylor5367@example.com,Mexico,2022-02-27,Standard,1711.13
5368,Ananya Allen,ananya.allen5368@example.com,Italy,2022-06-08,Standard,209.61
5369,Emily Flores,emily.flores5369@example.com,United States,2023-05-23,Basic,664.11
5370,Jennifer Chen,jennifer.chen5370@example.com,Mexico,2025-10-25,Basic,455.61
5371,Michael Hill,michael.hill5371@example.com,Brazil,2023-06-03,Standard,1623.65
5372,Robert Martinez,robert.martinez5372@example.com,Italy,2021-02-09,Standard,1335.95
5373,Karen Hill,karen.hill5373@example.com,India,2020-04-23,Basic,537.75
5374,Margaret Moore,margaret.moore5374@example.com,United Kingdom,2023-10-31,Standard,3085.47
5375,Hans Thomas,hans.thomas5375@example.com,Spain,2021-10-09,Standard,2719.26
5376,Donald Moore,donald.moore5376@example.com,Australia,2021-12-06,Standard,1641.09
5377,Christopher Nguyen,christopher.nguyen5377@example.com,Brazil,2018-03-18,Basic,289.32
5378,Karen Rossi,karen.rossi5378@example.com,Spain,2025-12-11,Standard,998.94
5379,Karen Anderson,karen.anderson5379@example.com,Australia,2024-01-09,Basic,376.60
5380,Ashley Miller,ashley.miller5380@example.com,Australia,2024-04-27,Standard,863.94
5381,Elizabeth Rossi,elizabeth.rossi5381@example.com,Mexico,2020-12-24,Premium,11979.86
5382,Patricia Young,patricia.young5382@example.com,Italy,2020-09-14,Standard,1334.14
5383,Linda Thompson,linda.thompson5383@example.com,Mexico,2023-03-15,Standard,1973.16
5384,Patricia Chen,patricia.chen5384@example.com,Canada,2021-09-26,Premium,10364.84
5385,Sandra Robinson,sandra.robinson5385@example.com,Netherlands,2021-03-24,Basic,491.65
5386,Thomas Thomas,thomas.thomas5386@example.com,Singapore,2025-05-24,Standard,1197.18
5387,Paul Walker,paul.walker5387@example.com,India,2022-02-05,Premium,8087.88
5388,Steven Perez,steven.perez5388@example.com,Canada,2020-07-03,Standard,1501.91
5389,Ananya Rossi,ananya.rossi5389@example.com,France,2019-01-26,Standard,1695.33
5390,Nancy Kim,nancy.kim5390@example.com,Germany,2024-12-12,Standard,2727.73
5391,Elizabeth Thomas,elizabeth.thomas5391@example.com,Japan,2022-02-11,Basic,773.39
5392,Daniel Scott,daniel.scott5392@example.com,Netherlands,2025-07-24,Premium,11748.40
5393,Daniel Young,daniel.young5393@example.com,France,2023-06-22,Basic,289.70
5394,Steven Miller,steven.miller5394@example.com,Australia,2018-07-01,Standard,790.46
5395,Kimberly Costa,kimberly.costa5395@example.com,Spain,2025-03-07,Basic,94.05
5396,Richard Clark,richard.clark5396@example.com,Germany,2025-05-07,Standard,3190.98
5397,Aarav Martin,aarav.martin5397@example.com,France,2018-03-16,Standard,1967.05
5398,Thomas Sanchez,thomas.sanchez5398@example.com,Brazil,2025-02-08,Basic,573.05
5399,Thomas Rossi,thomas.rossi5399@example.com,Spain,2024-08-13,Basic,391.31
5400,Omar Thomas,omar.thomas5400@example.com,Canada,2024-03-27,Basic,279.44
5401,Christopher Torres,christopher.torres5401@example.com,United States,2023-10-24,Standard,2908.90
5402,Ashley Jackson,ashley.jackson5402@example.com,Netherlands,2022-07-07,Standard,340.90
5403,Sandra Johnson,sandra.johnson5403@example.com,Singapore,2022-05-10,Standard,582.94
5404,Robert Robinson,robert.robinson5404@example.com,Spain,2018-05-08,Standard,2704.40
5405,John Silva,john.silva5405@example.com,Italy,2018-05-25,Premium,14221.52
5406,Sandra Torres,sandra.torres5406@example.com,France,2024-06-11,Basic,26.75
5407,Paul Ramirez,paul.ramirez5407@example.com,United Kingdom,2023-12-07,Basic,250.08
5408,Yuki Miller,yuki.miller5408@example.com,Italy,2019-10-02,Standard,617.40
5409,Lisa Nguyen,lisa.nguyen5409@example.com,Germany,2025-06-15,Basic,439.74
5410,Donna Ramirez,donna.ramirez5410@example.com,Spain,2020-10-20,Standard,1541.17
5411,Richard Ramirez,richard.ramirez5411@example.com,Germany,2022-02-16,Standard,3540.93
5412,Daniel Ali,daniel.ali5412@example.com,Australia,2018-07-06,Standard,2058.39
5413,Sandra Rodriguez,sandra.rodriguez5413@example.com,Japan,2020-05-28,Premium,5511.18
5414,Jennifer Wilson,jennifer.wilson5414@example.com,India,2019-03-13,Standard,3062.47
5415,Michelle Smith,michelle.smith5415@example.com,Germany,2018-07-13,Premium,9846.81
5416,Karen Hernandez,karen.hernandez5416@example.com,France,2024-11-21,Standard,1061.50
5417,Betty Singh,betty.singh5417@example.com,India,2023-05-20,Basic,569.81
5418,Carlos Torres,carlos.torres5418@example.com,Netherlands,2018-09-14,Standard,3812.64
5419,Sarah King,sarah.king5419@example.com,Germany,2025-11-21,Basic,614.12
5420,Wei Smith,wei.smith5420@example.com,United Arab Emirates,2023-02-12,Standard,2759.47
5421,Joseph White,joseph.white5421@example.com,Australia,2022-02-03,Basic,448.58
5422,Elizabeth Harris,elizabeth.harris5422@example.com,Japan,2019-12-15,Basic,779.45
5423,Nancy Lopez,nancy.lopez5423@example.com,Spain,2022-08-28,Basic,189.83
5424,Carlos Walker,carlos.walker5424@example.com,France,2025-12-08,Basic,622.72
5425,Robert Martinez,robert.martinez5425@example.com,Singapore,2023-11-13,Basic,312.27
5426,Donna Miller,donna.miller5426@example.com,United Kingdom,2025-07-16,Premium,3669.49
5427,Richard Hernandez,richard.hernandez5427@example.com,Spain,2025-05-17,Premium,4163.09
5428,David Harris,david.harris5428@example.com,Canada,2024-07-26,Premium,8360.01
5429,Ananya Wright,ananya.wright5429@example.com,United Kingdom,2021-09-26,Standard,3278.05
5430,Karen Sanchez,karen.sanchez5430@example.com,Netherlands,2021-07-28,Basic,361.20
5431,Thomas Patel,thomas.patel5431@example.com,Australia,2022-03-05,Standard,2860.25
5432,Barbara White,barbara.white5432@example.com,India,2021-02-21,Standard,1288.36
5433,Robert Davis,robert.davis5433@example.com,Netherlands,2025-09-17,Standard,2222.83
5434,Hans Khan,hans.khan5434@example.com,Germany,2022-04-14,Standard,3701.19
5435,Richard Allen,richard.allen5435@example.com,Spain,2021-10-16,Basic,115.51
5436,Susan Scott,susan.scott5436@example.com,Spain,2024-01-21,Basic,80.21
5437,Donna Wilson,donna.wilson5437@example.com,Italy,2022-10-23,Standard,2149.37
5438,Ingrid Miller,ingrid.miller5438@example.com,United Arab Emirates,2021-02-18,Standard,3475.43
5439,Jennifer Taylor,jennifer.taylor5439@example.com,United Kingdom,2019-11-11,Standard,306.02
5440,Robert Taylor,robert.taylor5440@example.com,Germany,2020-03-23,Standard,1123.15
5441,Sarah Brown,sarah.brown5441@example.com,Canada,2020-01-27,Basic,354.33
5442,Paul Wilson,,United States,2020-03-12,Basic,1.30
5443,Donald Costa,donald.costa5443@example.com,France,2023-04-04,Standard,3650.16
5444,John Rossi,john.rossi5444@example.com,Australia,2025-06-02,Standard,2727.05
5445,Margaret Miller,margaret.miller5445@example.com,Germany,2023-03-20,Basic,301.77
5446,Sofia Hill,sofia.hill5446@example.com,Brazil,2022-09-21,Standard,2685.98
5447,Omar Jones,omar.jones5447@example.com,United Kingdom,2019-01-20,Standard,2096.15
5448,John Jackson,john.jackson5448@example.com,Singapore,2023-10-16,Standard,1700.06
5449,Patricia Chen,patricia.chen5449@example.com,Japan,2022-05-17,Standard,3292.91
5450,Joseph Williams,joseph.williams5450@example.com,Singapore,2025-07-12,Standard,814.97
5451,Karen Kim,karen.kim5451@example.com,Australia,2020-11-17,Standard,2536.08
5452,Sandra Martin,sandra.martin5452@example.com,Mexico,2018-12-08,Premium,7216.61
5453,Christopher Ali,christopher.ali5453@example.com,Netherlands,2020-08-02,Basic,487.38
5454,Mary Harris,mary.harris5454@example.com,France,2024-05-20,Basic,26.55
5455,Andrew Rossi,andrew.rossi5455@example.com,Brazil,2025-03-27,Basic,12.37
5456,Karen Rodriguez,karen.rodriguez5456@example.com,Spain,2019-04-14,Standard,2879.64
5457,Joshua Lewis,joshua.lewis5457@example.com,Canada,2024-03-12,Standard,462.78
5458,Lisa Scott,lisa.scott5458@example.com,Germany,2022-06-15,Standard,3975.19
5459,Elizabeth Nguyen,elizabeth.nguyen5459@example.com,United States,2023-03-09,Standard,1253.63
5460,Linda Perez,linda.perez5460@example.com,Canada,2024-09-16,Basic,199.17
5461,Betty Rossi,betty.rossi5461@example.com,Singapore,2021-10-28,Premium,14383.81
5462,Betty Smith,betty.smith5462@example.com,Canada,2022-10-01,Premium,9428.03
5463,Hans Johnson,hans.johnson5463@example.com,Japan,2023-02-09,Standard,1593.99
5464,Sarah Allen,sarah.allen5464@example.com,Singapore,2024-10-07,Premium,5014.77
5465,Ingrid White,ingrid.white5465@example.com,Netherlands,2023-08-25,Standard,3344.71
5466,Richard Singh,richard.singh5466@example.com,Spain,2018-12-05,Basic,3.41
5467,Lisa Lewis,lisa.lewis5467@example.com,Netherlands,2021-08-29,Standard,3434.88
5468,Donald Martin,donald.martin5468@example.com,France,2022-03-26,Standard,2380.86
5469,Ingrid Khan,ingrid.khan5469@example.com,Canada,2018-04-17,Basic,700.87
5470,Sofia Garcia,sofia.garcia5470@example.com,United Arab Emirates,2018-12-29,Standard,772.06
5471,Paul Thomas,paul.thomas5471@example.com,Mexico,2021-09-15,Standard,1597.04
5472,Aarav Nguyen,aarav.nguyen5472@example.com,Mexico,2024-06-26,Basic,9.55
5473,Joseph Perez,joseph.perez5473@example.com,Singapore,2024-10-05,Basic,363.04
5474,Ashley Young,ashley.young5474@example.com,Brazil,2025-11-04,Premium,2348.73
5475,John Thompson,john.thompson5475@example.com,Brazil,2018-08-22,Standard,3594.36
5476,Karen Jones,karen.jones5476@example.com,United Arab Emirates,2025-11-01,Premium,6965.83
5477,Nancy Garcia,nancy.garcia5477@example.com,France,2024-01-25,Basic,647.32
5478,Hans Patel,hans.patel5478@example.com,Mexico,2021-08-06,Standard,993.57
5479,Mark Harris,mark.harris5479@example.com,Canada,2024-04-01,Standard,1923.47
5480,Betty Robinson,betty.robinson5480@example.com,Spain,2022-11-20,Standard,3459.29
5481,James Harris,james.harris5481@example.com,France,2021-08-22,Standard,3778.62
5482,Ananya Ali,ananya.ali5482@example.com,Netherlands,2023-02-07,Basic,541.06
5483,Wei Anderson,wei.anderson5483@example.com,Spain,2023-04-20,Basic,608.24
5484,John Anderson,john.anderson5484@example.com,France,2024-07-04,Standard,3206.73
5485,Sofia Rossi,sofia.rossi5485@example.com,India,2023-08-10,Basic,716.91
5486,Thomas Perez,thomas.perez5486@example.com,United States,2021-05-22,Premium,9056.99
5487,Paul Williams,paul.williams5487@example.com,Italy,2022-12-03,Standard,2956.37
5488,Susan Davis,susan.davis5488@example.com,India,2022-05-05,Standard,274.23
5489,Nancy Jackson,nancy.jackson5489@example.com,United States,2023-02-07,Standard,2458.54
5490,Donna White,donna.white5490@example.com,Italy,2021-05-09,Basic,642.20
5491,Anthony Davis,anthony.davis5491@example.com,United States,2023-06-06,Premium,14393.72
5492,Andrew Walker,andrew.walker5492@example.com,United Arab Emirates,2023-01-16,Standard,1575.82
5493,Yuki Mueller,yuki.mueller5493@example.com,India,2023-03-05,Standard,769.46
5494,Andrew Robinson,andrew.robinson5494@example.com,Australia,2025-08-30,Standard,2391.14
5495,Charles Allen,charles.allen5495@example.com,Spain,2018-04-12,Standard,3081.20
5496,Donna Smith,donna.smith5496@example.com,France,2025-09-07,Standard,1644.86
5497,Daniel Mueller,daniel.mueller5497@example.com,Singapore,2022-11-13,Standard,1640.03
5498,Donna Rossi,donna.rossi5498@example.com,United Arab Emirates,2025-04-16,Standard,2927.75
5499,Anthony Jones,anthony.jones5499@example.com,United Kingdom,2022-08-06,Standard,3170.79
5500,Donald Williams,donald.williams5500@example.com,Singapore,2022-12-19,Standard,3555.98
5501,Sandra Lewis,sandra.lewis5501@example.com,Brazil,2018-06-17,Standard,3076.10
5502,Susan Torres,susan.torres5502@example.com,Singapore,2022-07-23,Standard,748.40
5503,Joseph Young,joseph.young5503@example.com,United Kingdom,2022-12-24,Standard,465.08
5504,Jennifer Brown,jennifer.brown5504@example.com,Netherlands,2020-09-03,Basic,790.68
5505,Linda Rodriguez,linda.rodriguez5505@example.com,Australia,2019-12-08,Standard,912.24
5506,John Clark,john.clark5506@example.com,United Arab Emirates,2025-04-29,Standard,3681.89
5507,Charles Gonzalez,charles.gonzalez5507@example.com,Germany,2025-09-04,Standard,3778.23
5508,Jessica Brown,jessica.brown5508@example.com,Germany,2024-12-01,Basic,471.51
5509,Joseph Taylor,joseph.taylor5509@example.com,United States,2022-07-02,Standard,3294.70
5510,Mary Harris,mary.harris5510@example.com,France,2025-12-08,Standard,1060.95
5511,James Sanchez,james.sanchez5511@example.com,Spain,2019-06-19,Standard,924.77
5512,Mark Wright,mark.wright5512@example.com,India,2019-07-30,Basic,479.03
5513,Jennifer Rodriguez,jennifer.rodriguez5513@example.com,Germany,2023-05-30,Standard,2918.53
5514,Patricia Williams,patricia.williams5514@example.com,Singapore,2020-12-21,Basic,203.05
5515,Emily Perez,emily.perez5515@example.com,Brazil,2021-10-27,Standard,1132.55
5516,Linda Nguyen,linda.nguyen5516@example.com,Netherlands,2023-11-02,Standard,3176.55
5517,Thomas Hernandez,,France,2019-08-10,Standard,2211.75
5518,James Lee,james.lee5518@example.com,Brazil,2022-08-08,Standard,3088.50
5519,Karen Rodriguez,karen.rodriguez5519@example.com,Netherlands,2018-05-03,Standard,2022.75
5520,Margaret Scott,margaret.scott5520@example.com,Brazil,2024-02-08,Standard,1708.17
5521,Yuki Lopez,yuki.lopez5521@example.com,Italy,2024-08-14,Premium,14362.42
5522,David Davis,david.davis5522@example.com,Canada,2023-05-23,Standard,329.89
5523,Jennifer Flores,jennifer.flores5523@example.com,United Arab Emirates,2021-08-28,Basic,448.15
5524,Anthony Wilson,anthony.wilson5524@example.com,Netherlands,2024-06-20,Basic,529.47
5525,Paul Walker,paul.walker5525@example.com,Netherlands,2023-06-06,Standard,806.02
5526,Kimberly Young,kimberly.young5526@example.com,Netherlands,2025-11-05,Standard,489.90
5527,David Martin,david.martin5527@example.com,Netherlands,2022-08-02,Standard,859.99
5528,Linda Walker,linda.walker5528@example.com,Mexico,2022-05-26,Basic,247.77
5529,Linda Ramirez,linda.ramirez5529@example.com,Germany,2020-01-19,Premium,9044.73
5530,Steven Smith,steven.smith5530@example.com,United States,2021-08-20,Standard,498.61
5531,John Lopez,john.lopez5531@example.com,France,2021-10-18,Standard,2802.14
5532,Elizabeth Johnson,elizabeth.johnson5532@example.com,United Kingdom,2025-11-20,Premium,10529.09
5533,James Garcia,james.garcia5533@example.com,Brazil,2022-01-18,Basic,238.05
5534,Sarah Jones,sarah.jones5534@example.com,Japan,2023-08-03,Standard,2554.15
5535,Wei Khan,wei.khan5535@example.com,Singapore,2021-01-07,Premium,7275.28
5536,William Robinson,william.robinson5536@example.com,Italy,2018-03-15,Standard,3163.69
5537,Daniel Hernandez,daniel.hernandez5537@example.com,Spain,2024-05-28,Standard,1899.80
5538,Sarah Hernandez,sarah.hernandez5538@example.com,Germany,2022-06-20,Basic,44.32
5539,Paul Costa,paul.costa5539@example.com,Italy,2024-02-02,Standard,3741.62
5540,Richard Gonzalez,richard.gonzalez5540@example.com,India,2023-09-11,Premium,14380.51
5541,Elizabeth Thomas,elizabeth.thomas5541@example.com,Germany,2022-06-18,Standard,2232.65
5542,Ananya Smith,ananya.smith5542@example.com,Netherlands,2018-12-27,Standard,3484.83
5543,Nancy Lewis,nancy.lewis5543@example.com,United Kingdom,2020-07-27,Basic,107.67
5544,Ashley Jones,ashley.jones5544@example.com,Spain,2023-12-18,Standard,1500.51
5545,Fatima Miller,fatima.miller5545@example.com,Brazil,2018-01-29,Standard,563.48
5546,John Rossi,john.rossi5546@example.com,Australia,2023-07-27,Premium,9920.96
5547,Donald Chen,donald.chen5547@example.com,Mexico,2019-06-13,Premium,6555.17
5548,Andrew Rodriguez,andrew.rodriguez5548@example.com,Singapore,2024-04-22,Premium,4011.59
5549,Carlos Rossi,carlos.rossi5549@example.com,Germany,2020-07-18,Standard,2879.12
5550,Andrew Lewis,andrew.lewis5550@example.com,Singapore,2021-01-05,Basic,460.28
5551,Richard Silva,richard.silva5551@example.com,India,2023-09-02,Standard,813.80
5552,Michael Perez,michael.perez5552@example.com,Spain,2022-03-04,Standard,3675.05
5553,Linda Jones,linda.jones5553@example.com,Germany,2024-10-11,Standard,2654.51
5554,Jennifer Jackson,jennifer.jackson5554@example.com,United States,2023-03-27,Standard,1470.14
5555,Sandra Martin,sandra.martin5555@example.com,Canada,2021-06-22,Standard,3676.01
5556,Karen Scott,karen.scott5556@example.com,Singapore,2020-09-02,Basic,466.26
5557,David Harris,david.harris5557@example.com,Mexico,2018-11-23,Premium,8722.71
5558,Paul Thomas,paul.thomas5558@example.com,United Kingdom,2021-05-15,Standard,2681.91
5559,Donald Rossi,donald.rossi5559@example.com,Netherlands,2025-03-30,Standard,1850.12
5560,Sandra Walker,sandra.walker5560@example.com,Netherlands,2020-11-22,Standard,1328.85
5561,Aarav Martin,aarav.martin5561@example.com,United Arab Emirates,2021-11-04,Standard,3467.73
5562,Michelle Robinson,michelle.robinson5562@example.com,United Kingdom,2024-10-08,Standard,3903.05
5563,Matthew White,matthew.white5563@example.com,India,2022-07-22,Standard,3060.20
5564,Karen Anderson,karen.anderson5564@example.com,Singapore,2025-08-02,Basic,518.07
5565,David Flores,david.flores5565@example.com,United States,2020-07-16,Basic,216.17
5566,Paul Kim,paul.kim5566@example.com,France,2019-05-29,Premium,5809.15
5567,Donna Clark,donna.clark5567@example.com,Spain,2018-05-06,Basic,576.80
5568,Andrew Jackson,andrew.jackson5568@example.com,Canada,2022-09-13,Premium,11087.02
5569,Donald Anderson,donald.anderson5569@example.com,United Kingdom,2021-03-25,Standard,3540.13
5570,Betty Harris,betty.harris5570@example.com,Italy,2019-07-21,Standard,678.38
5571,Thomas Hill,thomas.hill5571@example.com,United States,2020-06-23,Standard,1767.85
5572,Joshua Anderson,joshua.anderson5572@example.com,Netherlands,2018-12-13,Premium,11331.82
5573,Sarah Patel,sarah.patel5573@example.com,United Arab Emirates,2019-02-15,Basic,543.02
5574,Elizabeth Robinson,elizabeth.robinson5574@example.com,Italy,2019-04-11,Standard,3058.14
5575,Barbara Lopez,barbara.lopez5575@example.com,United Arab Emirates,2018-09-27,Standard,1182.77
5576,Nancy Clark,nancy.clark5576@example.com,Netherlands,2018-02-22,Standard,3539.45
5577,Aarav Jones,aarav.jones5577@example.com,United Kingdom,2024-11-05,Standard,3229.30
5578,Susan Perez,susan.perez5578@example.com,Italy,2021-01-22,Standard,1903.83
5579,Karen Hernandez,karen.hernandez5579@example.com,Japan,2025-02-23,Standard,1120.96
5580,Hans Kim,hans.kim5580@example.com,Mexico,2022-09-06,Basic,547.51
5581,Omar Walker,omar.walker5581@example.com,Netherlands,2018-12-04,Basic,786.35
5582,Jessica Hill,jessica.hill5582@example.com,United Kingdom,2019-11-12,Premium,7606.59
5583,David Mueller,david.mueller5583@example.com,Italy,2020-08-25,Standard,1730.20
5584,James Williams,james.williams5584@example.com,United Kingdom,2024-10-14,Basic,450.21
5585,Andrew Williams,andrew.williams5585@example.com,Spain,2018-08-16,Basic,345.86
5586,Sandra Clark,sandra.clark5586@example.com,Singapore,2025-03-26,Premium,6052.93
5587,Elizabeth Lewis,elizabeth.lewis5587@example.com,Germany,2025-11-30,Standard,1434.57
5588,Thomas Chen,thomas.chen5588@example.com,Italy,2021-03-09,Basic,140.83
5589,Jessica Davis,jessica.davis5589@example.com,Brazil,2024-09-18,Standard,745.71
5590,Fatima Mueller,fatima.mueller5590@example.com,Australia,2022-12-20,Premium,14354.74
5591,Sarah Torres,sarah.torres5591@example.com,Germany,2021-06-06,Standard,3832.64
5592,Yuki Torres,yuki.torres5592@example.com,United States,2021-02-09,Standard,1413.97
5593,Susan Mueller,susan.mueller5593@example.com,Mexico,2020-01-21,Basic,632.95
5594,Omar Thompson,omar.thompson5594@example.com,Brazil,2024-04-04,Standard,2836.87
5595,Nancy Robinson,nancy.robinson5595@example.com,Singapore,2023-09-24,Standard,574.71
5596,Joseph Thomas,joseph.thomas5596@example.com,Brazil,2020-08-10,Premium,5604.04
5597,Jessica Patel,jessica.patel5597@example.com,Spain,2020-05-02,Basic,40.38
5598,Joseph Ramirez,joseph.ramirez5598@example.com,Singapore,2020-01-03,Standard,779.60
5599,Hans Walker,hans.walker5599@example.com,United States,2025-02-07,Basic,456.05
5600,Lisa Gonzalez,lisa.gonzalez5600@example.com,Brazil,2019-10-07,Basic,43.97
5601,Joseph Thompson,joseph.thompson5601@example.com,United Arab Emirates,2018-10-25,Premium,7196.89
5602,William Thomas,william.thomas5602@example.com,India,2019-01-28,Basic,655.08
5603,Ashley Ali,ashley.ali5603@example.com,India,2021-08-21,Premium,8946.18
5604,Ashley Brown,ashley.brown5604@example.com,France,2025-02-10,Basic,798.13
5605,Patricia Moore,patricia.moore5605@example.com,United Arab Emirates,2025-04-06,Standard,3307.71
5606,Yuki Martin,yuki.martin5606@example.com,Australia,2021-06-05,Basic,56.97
5607,Donna Flores,donna.flores5607@example.com,Singapore,2022-03-05,Standard,3452.23
5608,William Lee,william.lee5608@example.com,Netherlands,2018-05-26,Standard,3777.25
5609,Ingrid King,ingrid.king5609@example.com,Canada,2020-10-18,Premium,12689.84
5610,Carlos Thompson,carlos.thompson5610@example.com,India,2020-07-03,Basic,583.38
5611,Karen Flores,karen.flores5611@example.com,United Arab Emirates,2018-10-08,Basic,493.18
5612,Donald Davis,donald.davis5612@example.com,Brazil,2021-07-10,Standard,1560.18
5613,Linda Sanchez,linda.sanchez5613@example.com,Germany,2019-12-13,Standard,3843.41
5614,Aarav Kim,aarav.kim5614@example.com,France,2022-08-05,Premium,5198.41
5615,Margaret Davis,margaret.davis5615@example.com,United Kingdom,2018-11-01,Basic,537.08
5616,Paul Chen,paul.chen5616@example.com,Italy,2022-11-07,Standard,1102.30
5617,William Smith,william.smith5617@example.com,United States,2023-02-20,Basic,348.65
5618,Robert Lee,robert.lee5618@example.com,United Kingdom,2018-08-13,Premium,6087.10
5619,Emily Chen,emily.chen5619@example.com,Netherlands,2022-01-08,Standard,2737.05
5620,Anthony Hill,anthony.hill5620@example.com,United Arab Emirates,2018-11-13,Standard,1363.07
5621,Yuki Wilson,yuki.wilson5621@example.com,Australia,2018-04-09,Standard,3669.03
5622,Steven Williams,steven.williams5622@example.com,Mexico,2018-06-05,Basic,87.44
5623,Jennifer Jackson,jennifer.jackson5623@example.com,Australia,2019-01-29,Basic,679.66
5624,Carlos Wilson,carlos.wilson5624@example.com,Brazil,2023-10-05,Standard,2192.89
5625,Emily Miller,emily.miller5625@example.com,Germany,2018-06-06,Standard,1267.98
5626,Betty Chen,betty.chen5626@example.com,Germany,2024-03-22,Premium,8799.04
5627,Anthony Allen,anthony.allen5627@example.com,Japan,2021-12-14,Standard,536.66
5628,Yuki Thompson,yuki.thompson5628@example.com,United Arab Emirates,2024-09-06,Basic,36.60
5629,Daniel Patel,daniel.patel5629@example.com,Mexico,2022-04-13,Premium,6342.93
5630,Betty Silva,betty.silva5630@example.com,Netherlands,2019-10-19,Standard,1644.74
5631,Barbara King,barbara.king5631@example.com,Brazil,2019-10-02,Premium,11288.96
5632,David Smith,david.smith5632@example.com,Japan,2019-04-05,Basic,538.58
5633,Charles Lewis,charles.lewis5633@example.com,Germany,2023-02-20,Standard,1000.96
5634,Anthony Jackson,anthony.jackson5634@example.com,Japan,2020-07-03,Premium,11452.97
5635,Fatima Costa,fatima.costa5635@example.com,Japan,2020-06-28,Premium,2646.32
5636,Betty Hill,betty.hill5636@example.com,United Arab Emirates,2023-11-02,Standard,3088.89
5637,Donna Patel,donna.patel5637@example.com,India,2019-02-27,Basic,513.23
5638,Daniel Jackson,daniel.jackson5638@example.com,Germany,2022-08-14,Standard,1953.51
5639,Jennifer Taylor,jennifer.taylor5639@example.com,France,2024-04-30,Standard,334.21
5640,Margaret Harris,margaret.harris5640@example.com,Italy,2022-09-08,Standard,1907.87
5641,Robert Scott,robert.scott5641@example.com,Brazil,2019-02-18,Standard,519.20
5642,Karen Thompson,karen.thompson5642@example.com,India,2025-07-02,Standard,2508.96
5643,Lisa Sanchez,lisa.sanchez5643@example.com,France,2020-10-16,Standard,3719.29
5644,Jennifer Allen,jennifer.allen5644@example.com,Spain,2025-05-10,Premium,7705.64
5645,Donna Martinez,donna.martinez5645@example.com,United States,2019-07-06,Premium,6543.37
5646,Daniel Ramirez,daniel.ramirez5646@example.com,Netherlands,2020-05-26,Standard,1112.86
5647,Donald Ali,donald.ali5647@example.com,Netherlands,2020-09-18,Standard,270.03
5648,Richard Miller,richard.miller5648@example.com,Italy,2024-04-01,Standard,2027.92
5649,Donna Hernandez,donna.hernandez5649@example.com,Canada,2022-03-01,Basic,226.54
5650,Donald Singh,donald.singh5650@example.com,Singapore,2019-02-28,Standard,745.59
5651,Wei Brown,wei.brown5651@example.com,India,2021-04-03,Premium,6381.20
5652,Mary Chen,mary.chen5652@example.com,India,2021-04-26,Premium,9668.10
5653,John Allen,john.allen5653@example.com,Italy,2018-05-30,Basic,532.65
5654,Donna Scott,donna.scott5654@example.com,Mexico,2023-07-25,Basic,321.17
5655,Sandra Thomas,sandra.thomas5655@example.com,Brazil,2019-07-08,Standard,1377.45
5656,Michael Sanchez,michael.sanchez5656@example.com,Germany,2021-03-01,Standard,1145.18
5657,Joseph Costa,joseph.costa5657@example.com,United States,2018-05-03,Standard,2405.00
5658,Charles Anderson,charles.anderson5658@example.com,Mexico,2021-06-12,Standard,2550.15
5659,Joseph Johnson,,Italy,2021-02-12,Standard,604.16
5660,Andrew Torres,andrew.torres5660@example.com,Australia,2021-07-10,Basic,792.30
5661,Anthony Silva,anthony.silva5661@example.com,Japan,2024-12-11,Standard,2086.82
5662,Richard Thompson,richard.thompson5662@example.com,Mexico,2022-03-27,Premium,4037.91
5663,Nancy Martinez,nancy.martinez5663@example.com,India,2025-02-01,Standard,1736.04
5664,James Hernandez,james.hernandez5664@example.com,United States,2019-06-16,Premium,4917.91
5665,Charles Williams,charles.williams5665@example.com,Italy,2023-04-02,Standard,1916.11
5666,Michael Lopez,michael.lopez5666@example.com,Spain,2022-02-20,Standard,2170.90
5667,Sofia Williams,sofia.williams5667@example.com,Canada,2023-10-17,Basic,680.67
5668,David Costa,david.costa5668@example.com,United Arab Emirates,2018-02-19,Basic,269.45
5669,Anthony Sanchez,anthony.sanchez5669@example.com,Italy,2024-01-31,Standard,3243.94
5670,Barbara Wilson,barbara.wilson5670@example.com,Brazil,2023-11-30,Standard,2302.64
5671,Ingrid Moore,ingrid.moore5671@example.com,Mexico,2018-05-18,Standard,2418.07
5672,Matthew Gonzalez,matthew.gonzalez5672@example.com,India,2019-07-30,Standard,1999.81
5673,Michelle Lee,michelle.lee5673@example.com,Netherlands,2021-02-28,Basic,242.20
5674,Elizabeth Smith,elizabeth.smith5674@example.com,Netherlands,2020-11-29,Premium,11023.04
5675,Elizabeth Taylor,elizabeth.taylor5675@example.com,Singapore,2022-05-29,Standard,927.29
5676,Robert Thomas,robert.thomas5676@example.com,Germany,2023-03-08,Basic,61.45
5677,Lisa Williams,lisa.williams5677@example.com,Canada,2019-03-27,Standard,3670.92
5678,John Khan,john.khan5678@example.com,Spain,2022-04-09,Standard,2598.93
5679,Linda Taylor,linda.taylor5679@example.com,Mexico,2020-10-15,Basic,535.63
5680,Anthony Smith,anthony.smith5680@example.com,United States,2020-12-16,Standard,1925.96
5681,Jennifer Allen,jennifer.allen5681@example.com,Italy,2019-05-24,Standard,3357.11
5682,Donna Flores,donna.flores5682@example.com,India,2022-03-30,Premium,14433.37
5683,Yuki Hill,yuki.hill5683@example.com,France,2023-06-15,Premium,7319.69
5684,Emily Chen,emily.chen5684@example.com,France,2018-09-17,Basic,775.06
5685,Joseph Taylor,joseph.taylor5685@example.com,Canada,2020-03-22,Premium,11823.04
5686,Kimberly Miller,kimberly.miller5686@example.com,Singapore,2024-04-22,Premium,10235.35
5687,Karen Smith,karen.smith5687@example.com,India,2018-12-18,Basic,557.93
5688,Joseph Hernandez,joseph.hernandez5688@example.com,Canada,2022-12-28,Standard,3520.72
5689,Wei Smith,wei.smith5689@example.com,Brazil,2018-06-07,Standard,2108.85
5690,Anthony Smith,anthony.smith5690@example.com,France,2018-07-15,Standard,3265.35
5691,Matthew Robinson,matthew.robinson5691@example.com,Spain,2023-08-24,Premium,7964.03
5692,Susan Jones,susan.jones5692@example.com,Canada,2020-12-11,Premium,12521.21
5693,Daniel Silva,daniel.silva5693@example.com,France,2021-07-13,Basic,379.04
5694,Hans Martinez,hans.martinez5694@example.com,Spain,2023-04-19,Standard,2478.65
5695,Patricia Robinson,patricia.robinson5695@example.com,United States,2020-06-30,Basic,171.84
5696,Mark Taylor,mark.taylor5696@example.com,Spain,2024-07-06,Standard,2531.06
5697,Kimberly Lewis,kimberly.lewis5697@example.com,Germany,2020-10-08,Premium,9909.96
5698,Fatima Anderson,fatima.anderson5698@example.com,Mexico,2021-03-29,Standard,538.05
5699,Aarav Sanchez,aarav.sanchez5699@example.com,Canada,2018-01-18,Basic,666.76
5700,Mary Anderson,mary.anderson5700@example.com,Netherlands,2023-01-21,Standard,1532.25
5701,Robert Khan,robert.khan5701@example.com,United States,2021-11-25,Standard,2057.86
5702,Betty Thomas,betty.thomas5702@example.com,Singapore,2018-05-29,Premium,3055.78
5703,Paul Hill,paul.hill5703@example.com,India,2021-04-24,Standard,1746.61
5704,Michael Hernandez,michael.hernandez5704@example.com,Australia,2018-06-03,Standard,1676.29
5705,Charles Johnson,charles.johnson5705@example.com,Brazil,2021-04-05,Premium,14357.58
5706,Betty Robinson,betty.robinson5706@example.com,United Arab Emirates,2024-04-18,Standard,1638.57
5707,Aarav Patel,aarav.patel5707@example.com,Japan,2024-08-17,Standard,1232.17
5708,Thomas King,thomas.king5708@example.com,United States,2025-04-14,Premium,5203.93
5709,Michael Johnson,michael.johnson5709@example.com,United Arab Emirates,2023-02-11,Basic,638.35
5710,James Silva,james.silva5710@example.com,Brazil,2020-06-27,Premium,10499.95
5711,Christopher Torres,christopher.torres5711@example.com,Mexico,2020-03-19,Basic,647.16
5712,John Lewis,john.lewis5712@example.com,Canada,2018-10-30,Standard,1880.93
5713,Andrew Ali,andrew.ali5713@example.com,Singapore,2018-08-02,Basic,794.16
5714,Sarah Flores,sarah.flores5714@example.com,United Arab Emirates,2019-01-16,Premium,5484.64
5715,Charles Garcia,charles.garcia5715@example.com,Netherlands,2021-12-31,Basic,267.35
5716,Donna Ramirez,donna.ramirez5716@example.com,Germany,2020-08-09,Standard,1086.52
5717,Wei King,wei.king5717@example.com,Mexico,2022-07-26,Standard,3942.72
5718,Nancy White,nancy.white5718@example.com,Germany,2024-05-13,Basic,788.51
5719,Donald Costa,donald.costa5719@example.com,Singapore,2020-05-14,Standard,2962.19
5720,Lisa Thomas,lisa.thomas5720@example.com,United Arab Emirates,2018-08-15,Basic,248.89
5721,Omar Nguyen,omar.nguyen5721@example.com,Australia,2025-01-10,Standard,1736.03
5722,Daniel Wilson,daniel.wilson5722@example.com,Italy,2019-04-03,Basic,765.80
5723,Michelle Walker,michelle.walker5723@example.com,Brazil,2020-08-22,Standard,594.31
5724,Sandra Wilson,sandra.wilson5724@example.com,Singapore,2021-05-27,Basic,610.68
5725,Omar Martinez,omar.martinez5725@example.com,Brazil,2019-09-16,Standard,3730.56
5726,Richard Mueller,richard.mueller5726@example.com,Singapore,2021-11-30,Basic,676.64
5727,Matthew Perez,matthew.perez5727@example.com,Germany,2024-12-21,Basic,122.75
5728,Donald Chen,donald.chen5728@example.com,Japan,2023-01-31,Basic,531.03
5729,Thomas Khan,thomas.khan5729@example.com,United Arab Emirates,2020-09-15,Premium,5555.23
5730,Richard Davis,richard.davis5730@example.com,Brazil,2024-10-30,Basic,312.41
5731,John Ramirez,john.ramirez5731@example.com,India,2024-04-09,Premium,10334.09
5732,Donald Anderson,donald.anderson5732@example.com,Brazil,2024-10-24,Basic,100.24
5733,Fatima Davis,fatima.davis5733@example.com,India,2018-04-11,Standard,1694.17
5734,Donna Scott,donna.scott5734@example.com,United Arab Emirates,2022-02-28,Standard,3050.44
5735,Betty Martin,betty.martin5735@example.com,Singapore,2024-08-24,Standard,2233.44
5736,Joshua Lewis,joshua.lewis5736@example.com,France,2025-06-07,Premium,14703.34
5737,Ananya Lee,ananya.lee5737@example.com,United States,2020-08-03,Standard,2477.34
5738,Jessica Taylor,jessica.taylor5738@example.com,Brazil,2025-10-20,Standard,3391.73
5739,Michael Rossi,michael.rossi5739@example.com,Australia,2022-06-17,Standard,3824.31
5740,Donna Martinez,donna.martinez5740@example.com,United Kingdom,2024-10-11,Standard,3368.25
5741,Ananya Brown,ananya.brown5741@example.com,Mexico,2019-12-13,Standard,1679.83
5742,Patricia Smith,patricia.smith5742@example.com,Canada,2019-04-01,Premium,10673.89
5743,Sofia Brown,sofia.brown5743@example.com,India,2022-10-04,Premium,2959.39
5744,Robert Nguyen,robert.nguyen5744@example.com,Japan,2020-11-22,Standard,3193.57
5745,Ingrid Mueller,ingrid.mueller5745@example.com,Japan,2018-12-02,Standard,729.40
5746,Jennifer Anderson,jennifer.anderson5746@example.com,Spain,2024-03-27,Premium,8655.92
5747,Ananya Silva,ananya.silva5747@example.com,Singapore,2021-05-25,Standard,2730.84
5748,Matthew Torres,matthew.torres5748@example.com,Netherlands,2025-08-18,Standard,2809.07
5749,Fatima Scott,fatima.scott5749@example.com,Brazil,2019-06-08,Basic,157.31
5750,Susan Jones,susan.jones5750@example.com,Spain,2020-12-10,Premium,8879.93
5751,Ashley Singh,ashley.singh5751@example.com,Brazil,2025-01-16,Basic,196.01
5752,Anthony White,anthony.white5752@example.com,Italy,2022-09-13,Basic,56.17
5753,William Rodriguez,william.rodriguez5753@example.com,Netherlands,2023-12-13,Basic,437.56
5754,William Johnson,william.johnson5754@example.com,Netherlands,2018-12-01,Standard,2199.82
5755,Betty Jackson,betty.jackson5755@example.com,Australia,2018-09-16,Premium,10294.97
5756,Aarav Ali,aarav.ali5756@example.com,United States,2019-09-30,Standard,920.42
5757,Thomas Silva,thomas.silva5757@example.com,Spain,2022-11-23,Premium,9898.16
5758,Margaret Allen,margaret.allen5758@example.com,United Arab Emirates,2025-01-06,Standard,2516.06
5759,Robert Clark,robert.clark5759@example.com,Australia,2021-01-26,Basic,11.96
5760,Jessica Martinez,jessica.martinez5760@example.com,Mexico,2025-06-22,Standard,457.34
5761,Andrew Rossi,andrew.rossi5761@example.com,United Kingdom,2021-11-07,Standard,731.67
5762,Paul Martinez,paul.martinez5762@example.com,Spain,2022-07-06,Basic,644.03
5763,Michael Lopez,michael.lopez5763@example.com,Mexico,2020-09-11,Standard,1952.16
5764,Thomas Hill,thomas.hill5764@example.com,Mexico,2021-08-07,Basic,676.53
5765,David Lopez,david.lopez5765@example.com,United Arab Emirates,2024-11-23,Standard,1775.00
5766,Thomas Taylor,thomas.taylor5766@example.com,Japan,2021-02-14,Standard,3088.46
5767,Jessica Mueller,jessica.mueller5767@example.com,Netherlands,2025-11-21,Standard,2972.65
5768,Margaret Allen,margaret.allen5768@example.com,United Arab Emirates,2019-04-21,Premium,2967.01
5769,Joseph Anderson,joseph.anderson5769@example.com,France,2018-04-10,Premium,9865.00
5770,Kimberly Johnson,kimberly.johnson5770@example.com,Brazil,2023-05-16,Standard,523.66
5771,Nancy Lee,nancy.lee5771@example.com,Mexico,2025-07-27,Basic,527.94
5772,Omar Brown,omar.brown5772@example.com,United Arab Emirates,2022-05-11,Basic,558.88
5773,David Costa,david.costa5773@example.com,Brazil,2024-11-02,Standard,398.10
5774,Daniel Torres,daniel.torres5774@example.com,United Kingdom,2018-03-06,Premium,11272.11
5775,Sarah Harris,sarah.harris5775@example.com,Brazil,2019-11-21,Basic,92.98
5776,Barbara Rossi,barbara.rossi5776@example.com,Australia,2018-04-03,Basic,173.09
5777,Richard Lee,richard.lee5777@example.com,Canada,2024-01-02,Standard,3225.96
5778,Barbara Flores,barbara.flores5778@example.com,Spain,2024-12-11,Standard,2439.86
5779,Ashley Robinson,ashley.robinson5779@example.com,Italy,2023-02-09,Basic,776.14
5780,Andrew Gonzalez,andrew.gonzalez5780@example.com,India,2023-06-26,Standard,3440.32
5781,Christopher Silva,christopher.silva5781@example.com,Mexico,2025-03-20,Standard,3301.27
5782,Thomas Rossi,thomas.rossi5782@example.com,Spain,2018-12-16,Standard,479.26
5783,Donald Singh,donald.singh5783@example.com,Australia,2023-02-11,Standard,245.03
5784,Fatima King,fatima.king5784@example.com,India,2022-05-29,Standard,3839.80
5785,Sandra Ramirez,sandra.ramirez5785@example.com,United Kingdom,2022-02-03,Premium,14324.97
5786,Charles Rossi,charles.rossi5786@example.com,Germany,2020-05-01,Basic,24.50
5787,James Wright,james.wright5787@example.com,Australia,2020-10-17,Premium,2416.95
5788,Steven Khan,steven.khan5788@example.com,United Kingdom,2025-01-17,Premium,5285.70
5789,Aarav Scott,aarav.scott5789@example.com,Brazil,2020-07-03,Premium,14500.13
5790,David Davis,david.davis5790@example.com,Brazil,2025-08-29,Premium,11309.52
5791,Kimberly Gonzalez,kimberly.gonzalez5791@example.com,Spain,2022-12-13,Premium,4983.86
5792,Margaret Thompson,margaret.thompson5792@example.com,France,2024-02-10,Basic,279.15
5793,Barbara Smith,barbara.smith5793@example.com,United States,2018-09-20,Standard,2545.29
5794,Mary Scott,mary.scott5794@example.com,Japan,2023-04-09,Standard,1162.86
5795,Yuki Jones,yuki.jones5795@example.com,Italy,2019-10-19,Standard,2062.22
5796,Omar Ramirez,omar.ramirez5796@example.com,Germany,2025-01-21,Basic,316.45
5797,Robert Hernandez,robert.hernandez5797@example.com,Italy,2021-09-02,Standard,1543.23
5798,Jennifer Singh,jennifer.singh5798@example.com,United States,2022-01-28,Basic,708.00
5799,John Allen,john.allen5799@example.com,France,2025-09-21,Premium,8990.96
5800,Thomas Ali,thomas.ali5800@example.com,Australia,2019-12-10,Premium,4703.89
5801,Patricia Smith,patricia.smith5801@example.com,United States,2023-01-25,Standard,711.63
5802,Jessica Lee,jessica.lee5802@example.com,Italy,2025-05-03,Premium,8876.31
5803,James Ali,james.ali5803@example.com,Spain,2021-01-17,Basic,546.24
5804,Aarav Moore,aarav.moore5804@example.com,Brazil,2021-09-17,Standard,3266.14
5805,Andrew Davis,andrew.davis5805@example.com,Netherlands,2024-06-05,Basic,113.24
5806,Emily Johnson,,Canada,2022-08-30,Basic,567.57
5807,Joseph Davis,joseph.davis5807@example.com,United Arab Emirates,2022-10-13,Standard,2526.42
5808,Emily Walker,emily.walker5808@example.com,France,2018-02-07,Basic,198.98
5809,James Taylor,james.taylor5809@example.com,United Arab Emirates,2020-11-01,Standard,444.25
5810,Mary Harris,mary.harris5810@example.com,Australia,2020-12-16,Premium,9543.70
5811,James Johnson,james.johnson5811@example.com,France,2021-04-03,Standard,3197.36
5812,Nancy Scott,nancy.scott5812@example.com,India,2025-05-10,Premium,3234.79
5813,Anthony Martin,anthony.martin5813@example.com,Australia,2025-10-10,Premium,4209.43
5814,James Nguyen,james.nguyen5814@example.com,Canada,2019-05-03,Premium,6662.64
5815,Christopher Johnson,christopher.johnson5815@example.com,Netherlands,2022-07-29,Standard,2538.04
5816,Fatima Clark,fatima.clark5816@example.com,Italy,2020-03-10,Premium,3588.20
5817,David Ali,david.ali5817@example.com,United Kingdom,2025-10-30,Standard,1129.26
5818,David Rodriguez,,Japan,2018-07-16,Standard,1432.63
5819,Emily Gonzalez,emily.gonzalez5819@example.com,Spain,2022-12-28,Basic,508.77
5820,Jessica Thompson,jessica.thompson5820@example.com,Italy,2018-08-23,Basic,763.72
5821,Fatima Martin,fatima.martin5821@example.com,Australia,2019-12-16,Standard,3765.99
5822,Sofia Singh,sofia.singh5822@example.com,India,2018-07-11,Standard,3132.04
5823,Jennifer Davis,jennifer.davis5823@example.com,Netherlands,2019-10-14,Basic,653.66
5824,Christopher Allen,christopher.allen5824@example.com,Singapore,2020-01-14,Standard,1959.43
5825,Fatima Wright,fatima.wright5825@example.com,United Kingdom,2022-07-05,Standard,353.43
5826,Jennifer Lewis,jennifer.lewis5826@example.com,Mexico,2018-03-18,Standard,3883.61
5827,Mary Taylor,mary.taylor5827@example.com,India,2023-12-26,Basic,712.72
5828,Steven Smith,steven.smith5828@example.com,Mexico,2023-04-13,Basic,94.19
5829,Paul Ramirez,paul.ramirez5829@example.com,United Arab Emirates,2021-06-21,Premium,12748.62
5830,William Lopez,william.lopez5830@example.com,United Arab Emirates,2020-06-20,Standard,1598.31
5831,Omar Perez,omar.perez5831@example.com,Netherlands,2021-04-23,Basic,528.60
5832,Lisa Hill,lisa.hill5832@example.com,United States,2021-08-28,Basic,589.16
5833,Daniel Torres,daniel.torres5833@example.com,India,2022-12-28,Standard,2084.52
5834,Joshua Garcia,joshua.garcia5834@example.com,Germany,2023-01-14,Premium,14862.71
5835,Emily Anderson,emily.anderson5835@example.com,France,2021-09-19,Premium,8080.57
5836,Elizabeth Lewis,elizabeth.lewis5836@example.com,India,2025-08-28,Basic,83.26
5837,Matthew Smith,matthew.smith5837@example.com,United Arab Emirates,2021-12-31,Standard,3878.32
5838,Andrew Robinson,andrew.robinson5838@example.com,United States,2019-03-23,Basic,702.56
5839,Wei Hernandez,wei.hernandez5839@example.com,Netherlands,2020-04-20,Standard,965.39
5840,Fatima King,fatima.king5840@example.com,Australia,2018-09-06,Standard,229.50
5841,Steven Gonzalez,steven.gonzalez5841@example.com,Australia,2025-08-20,Standard,3043.67
5842,William Chen,william.chen5842@example.com,Mexico,2023-10-16,Standard,2429.50
5843,Carlos Anderson,carlos.anderson5843@example.com,United Arab Emirates,2023-07-24,Premium,5649.92
5844,Michael Mueller,michael.mueller5844@example.com,Germany,2024-06-01,Premium,9855.87
5845,Aarav Walker,aarav.walker5845@example.com,Singapore,2024-08-31,Standard,681.25
5846,Michael Patel,michael.patel5846@example.com,India,2025-10-21,Basic,315.16
5847,Patricia Anderson,patricia.anderson5847@example.com,Spain,2023-06-13,Standard,3043.04
5848,Kimberly Singh,kimberly.singh5848@example.com,Singapore,2019-08-20,Standard,2150.78
5849,Carlos Kim,carlos.kim5849@example.com,Japan,2024-11-23,Basic,409.68
5850,Steven Kim,steven.kim5850@example.com,Netherlands,2020-11-23,Premium,12087.25
5851,Andrew Robinson,andrew.robinson5851@example.com,Germany,2018-07-29,Standard,2904.70
5852,Andrew Smith,andrew.smith5852@example.com,Brazil,2020-08-29,Standard,2086.48
5853,Charles Flores,charles.flores5853@example.com,Mexico,2025-04-30,Standard,3330.68
5854,Sarah Lee,sarah.lee5854@example.com,United Arab Emirates,2025-03-16,Standard,2705.90
5855,Karen Moore,karen.moore5855@example.com,United States,2023-01-25,Premium,7238.90
5856,David Mueller,david.mueller5856@example.com,Australia,2025-03-07,Standard,3130.50
5857,Nancy Jackson,nancy.jackson5857@example.com,France,2023-01-26,Standard,3355.31
5858,Andrew Miller,andrew.miller5858@example.com,United States,2020-11-27,Standard,1148.05
5859,Donna Kim,donna.kim5859@example.com,Germany,2024-11-08,Basic,412.58
5860,Aarav Patel,aarav.patel5860@example.com,Mexico,2018-08-10,Basic,369.65
5861,Joshua Ali,joshua.ali5861@example.com,Australia,2022-01-30,Basic,405.03
5862,Christopher Lewis,christopher.lewis5862@example.com,Germany,2025-07-15,Standard,2088.14
5863,Anthony Chen,anthony.chen5863@example.com,Japan,2018-10-23,Basic,302.73
5864,Kimberly Martin,kimberly.martin5864@example.com,Germany,2021-06-09,Basic,541.75
5865,Ashley Khan,ashley.khan5865@example.com,Brazil,2025-04-25,Standard,2745.71
5866,Yuki Robinson,yuki.robinson5866@example.com,Australia,2019-01-20,Standard,3544.61
5867,Yuki Patel,yuki.patel5867@example.com,India,2025-05-17,Basic,20.43
5868,Aarav Smith,aarav.smith5868@example.com,Japan,2020-06-11,Standard,1674.04
5869,David Martinez,david.martinez5869@example.com,Italy,2025-12-24,Standard,2103.99
5870,Charles Smith,charles.smith5870@example.com,Germany,2022-08-02,Standard,2410.24
5871,Joshua Perez,joshua.perez5871@example.com,Japan,2021-09-26,Premium,10867.53
5872,John Rossi,john.rossi5872@example.com,Canada,2019-07-21,Standard,3732.85
5873,Yuki Sanchez,yuki.sanchez5873@example.com,United Kingdom,2023-02-22,Standard,1103.99
5874,Omar Chen,omar.chen5874@example.com,Netherlands,2019-05-02,Basic,227.79
5875,Mark Martinez,mark.martinez5875@example.com,Italy,2018-08-08,Standard,915.82
5876,William Thomas,william.thomas5876@example.com,Brazil,2018-11-03,Standard,1309.67
5877,Michelle Perez,michelle.perez5877@example.com,Mexico,2020-09-22,Basic,568.29
5878,Christopher White,christopher.white5878@example.com,Brazil,2018-06-21,Standard,3670.34
5879,Elizabeth Williams,elizabeth.williams5879@example.com,Canada,2023-04-11,Premium,5269.19
5880,Richard Clark,richard.clark5880@example.com,France,2022-01-16,Basic,450.88
5881,Donald Sanchez,donald.sanchez5881@example.com,United Kingdom,2019-03-18,Premium,9163.16
5882,Jessica Chen,jessica.chen5882@example.com,Spain,2019-08-28,Standard,2014.91
5883,Carlos Silva,carlos.silva5883@example.com,Singapore,2022-09-11,Basic,259.94
5884,Mark Mueller,mark.mueller5884@example.com,United Arab Emirates,2019-09-23,Standard,841.67
5885,Elizabeth Wright,elizabeth.wright5885@example.com,Spain,2025-12-18,Standard,2602.82
5886,Lisa Harris,lisa.harris5886@example.com,Australia,2024-04-02,Standard,2840.90
5887,Jessica Chen,jessica.chen5887@example.com,France,2022-02-28,Premium,6806.32
5888,Nancy Nguyen,nancy.nguyen5888@example.com,United Kingdom,2022-07-29,Standard,1006.53
5889,Nancy Ramirez,nancy.ramirez5889@example.com,Brazil,2023-06-19,Premium,11986.08
5890,Joshua Singh,joshua.singh5890@example.com,Netherlands,2020-06-05,Standard,1081.93
5891,William Young,william.young5891@example.com,Germany,2024-06-19,Standard,2948.06
5892,Patricia Taylor,patricia.taylor5892@example.com,Australia,2018-05-25,Standard,311.08
5893,Barbara Khan,barbara.khan5893@example.com,Germany,2022-06-28,Basic,452.45
5894,Carlos Chen,carlos.chen5894@example.com,Singapore,2019-08-06,Basic,758.43
5895,Margaret Torres,margaret.torres5895@example.com,Spain,2020-01-23,Premium,3945.67
5896,Andrew Lewis,andrew.lewis5896@example.com,India,2025-08-03,Standard,288.78
5897,Michael Robinson,michael.robinson5897@example.com,United States,2022-11-04,Basic,514.65
5898,Sandra Johnson,sandra.johnson5898@example.com,Canada,2021-10-27,Basic,542.57
5899,Barbara Williams,barbara.williams5899@example.com,Mexico,2020-05-05,Premium,5287.07
5900,Michelle Williams,michelle.williams5900@example.com,Mexico,2023-05-03,Standard,3597.38
5901,Linda Harris,linda.harris5901@example.com,Canada,2024-03-07,Standard,2666.40
5902,Yuki Thomas,yuki.thomas5902@example.com,Singapore,2020-08-05,Basic,470.53
5903,Aarav Jones,aarav.jones5903@example.com,United Kingdom,2024-06-25,Basic,735.89
5904,Ananya Flores,ananya.flores5904@example.com,United States,2021-10-13,Premium,4916.31
5905,Donald Garcia,donald.garcia5905@example.com,United Arab Emirates,2022-09-08,Standard,360.07
5906,Patricia Scott,patricia.scott5906@example.com,United Kingdom,2023-09-24,Premium,5031.26
5907,Sandra Lewis,sandra.lewis5907@example.com,United Kingdom,2023-02-03,Basic,623.52
5908,Christopher Jackson,christopher.jackson5908@example.com,India,2023-07-05,Standard,2994.28
5909,Paul Lewis,paul.lewis5909@example.com,United Arab Emirates,2024-02-21,Basic,746.83
5910,Patricia Sanchez,patricia.sanchez5910@example.com,United Kingdom,2025-10-09,Standard,2708.89
5911,Omar Mueller,omar.mueller5911@example.com,Canada,2019-11-17,Basic,337.11
5912,Andrew Scott,andrew.scott5912@example.com,France,2020-11-25,Premium,7407.44
5913,Anthony White,anthony.white5913@example.com,India,2019-07-17,Standard,3014.48
5914,Sarah Young,sarah.young5914@example.com,Singapore,2024-05-14,Standard,1784.43
5915,Omar Johnson,omar.johnson5915@example.com,United Arab Emirates,2020-12-22,Standard,1871.85
5916,Omar Patel,omar.patel5916@example.com,Singapore,2021-11-04,Standard,872.16
5917,Sandra Wilson,sandra.wilson5917@example.com,Brazil,2025-10-17,Standard,1152.31
5918,Ashley Scott,ashley.scott5918@example.com,France,2018-02-27,Basic,353.22
5919,Omar Khan,omar.khan5919@example.com,Australia,2021-07-26,Standard,2018.49
5920,Sandra Costa,sandra.costa5920@example.com,Australia,2018-12-20,Basic,113.82
5921,Michelle Allen,michelle.allen5921@example.com,Brazil,2019-09-20,Standard,2273.87
5922,Elizabeth Sanchez,elizabeth.sanchez5922@example.com,Netherlands,2024-09-18,Standard,718.06
5923,Elizabeth Sanchez,elizabeth.sanchez5923@example.com,Canada,2025-12-07,Standard,2646.82
5924,Matthew Taylor,matthew.taylor5924@example.com,United States,2018-01-06,Premium,6440.80
5925,Ashley Jones,ashley.jones5925@example.com,Australia,2018-05-17,Standard,1471.82
5926,Carlos Ali,carlos.ali5926@example.com,Japan,2018-02-13,Standard,3220.61
5927,Robert Khan,robert.khan5927@example.com,Spain,2022-07-03,Basic,302.40
5928,Donald Torres,donald.torres5928@example.com,Spain,2018-09-20,Basic,115.48
5929,Donna King,donna.king5929@example.com,Canada,2019-12-15,Standard,3091.68
5930,Thomas Rodriguez,thomas.rodriguez5930@example.com,India,2020-09-02,Standard,3935.33
5931,Yuki Singh,yuki.singh5931@example.com,Singapore,2022-06-22,Standard,3208.85
5932,Jennifer Torres,jennifer.torres5932@example.com,Mexico,2024-03-28,Standard,2787.47
5933,Emily Johnson,emily.johnson5933@example.com,United States,2025-11-17,Standard,650.30
5934,James Khan,james.khan5934@example.com,Italy,2025-09-07,Standard,1721.47
5935,Michael White,michael.white5935@example.com,Brazil,2023-03-30,Standard,2665.68
5936,Carlos Brown,carlos.brown5936@example.com,France,2018-08-27,Standard,1282.93
5937,Joseph Ramirez,joseph.ramirez5937@example.com,Mexico,2022-03-08,Basic,585.61
5938,Joshua Harris,joshua.harris5938@example.com,United Kingdom,2025-04-08,Standard,3665.65
5939,Anthony Garcia,anthony.garcia5939@example.com,India,2018-10-03,Standard,548.04
5940,Andrew Smith,andrew.smith5940@example.com,Brazil,2018-07-28,Premium,12598.15
5941,Ashley Scott,ashley.scott5941@example.com,United States,2019-12-25,Basic,9.46
5942,Patricia Martinez,patricia.martinez5942@example.com,France,2024-05-04,Standard,1999.51
5943,Yuki Silva,yuki.silva5943@example.com,Germany,2025-11-20,Basic,546.14
5944,Barbara Williams,barbara.williams5944@example.com,Spain,2019-12-07,Premium,10061.35
5945,Donald White,donald.white5945@example.com,Netherlands,2024-10-06,Basic,378.70
5946,Ananya Robinson,ananya.robinson5946@example.com,Spain,2025-06-11,Standard,3468.36
5947,Nancy Patel,nancy.patel5947@example.com,Mexico,2022-09-26,Standard,1420.91
5948,Sofia Lewis,sofia.lewis5948@example.com,France,2019-11-16,Basic,277.24
5949,Matthew Chen,matthew.chen5949@example.com,Mexico,2020-11-22,Standard,2742.01
5950,David Brown,david.brown5950@example.com,Australia,2021-03-10,Standard,629.42
5951,Ingrid Rossi,ingrid.rossi5951@example.com,France,2018-06-11,Standard,3776.40
5952,Yuki White,yuki.white5952@example.com,United Arab Emirates,2020-02-08,Premium,5098.62
5953,Ingrid Flores,ingrid.flores5953@example.com,Singapore,2022-12-25,Basic,631.53
5954,Hans Sanchez,hans.sanchez5954@example.com,Netherlands,2025-09-13,Basic,486.34
5955,Matthew Wright,matthew.wright5955@example.com,Spain,2022-03-24,Premium,11972.59
5956,James King,james.king5956@example.com,Brazil,2018-12-29,Standard,3271.67
5957,Sandra Martin,sandra.martin5957@example.com,United States,2022-01-27,Standard,2179.67
5958,Michelle Rossi,michelle.rossi5958@example.com,Japan,2018-11-19,Standard,1245.12
5959,Donna Flores,donna.flores5959@example.com,United States,2020-05-16,Premium,14428.03
5960,Nancy Allen,nancy.allen5960@example.com,France,2018-07-04,Standard,2760.59
5961,Mark Taylor,mark.taylor5961@example.com,United States,2024-05-02,Standard,2545.37
5962,Emily Ramirez,emily.ramirez5962@example.com,France,2022-03-12,Standard,3106.44
5963,Christopher Martinez,christopher.martinez5963@example.com,Italy,2024-08-18,Basic,87.42
5964,Linda Garcia,linda.garcia5964@example.com,United States,2025-11-11,Standard,2168.70
5965,Omar Jones,omar.jones5965@example.com,France,2022-08-08,Basic,541.94
5966,Steven Flores,steven.flores5966@example.com,Italy,2021-08-09,Standard,2466.53
5967,David Jones,david.jones5967@example.com,Singapore,2024-06-20,Standard,1765.79
5968,Steven Chen,steven.chen5968@example.com,Singapore,2025-05-23,Standard,1925.05
5969,Omar Gonzalez,omar.gonzalez5969@example.com,Italy,2023-12-19,Standard,231.59
5970,Hans Williams,hans.williams5970@example.com,United Kingdom,2025-05-13,Basic,686.74
5971,Thomas Martinez,thomas.martinez5971@example.com,Brazil,2025-06-07,Standard,3743.22
5972,James Perez,james.perez5972@example.com,France,2024-02-18,Basic,660.99
5973,Andrew King,andrew.king5973@example.com,United Arab Emirates,2023-06-07,Basic,737.11
5974,Emily Miller,emily.miller5974@example.com,United Kingdom,2018-09-21,Basic,683.09
5975,Charles Walker,charles.walker5975@example.com,France,2024-10-29,Basic,583.08
5976,Sarah Lewis,sarah.lewis5976@example.com,United States,2021-04-22,Standard,863.12
5977,Jessica Robinson,jessica.robinson5977@example.com,Brazil,2024-02-22,Basic,735.08
5978,Yuki Walker,yuki.walker5978@example.com,United Arab Emirates,2020-01-09,Basic,64.48
5979,Margaret Garcia,margaret.garcia5979@example.com,Brazil,2021-10-08,Standard,2234.27
5980,Sarah Thompson,sarah.thompson5980@example.com,Mexico,2020-01-12,Basic,339.06
5981,Margaret Flores,margaret.flores5981@example.com,Japan,2025-04-12,Basic,494.93
5982,Donna Wright,donna.wright5982@example.com,Brazil,2021-09-16,Standard,1314.14
5983,Nancy Allen,nancy.allen5983@example.com,Brazil,2021-04-22,Standard,3872.61
5984,Jessica Moore,jessica.moore5984@example.com,United Arab Emirates,2024-11-05,Premium,14040.66
5985,William Rossi,william.rossi5985@example.com,Italy,2020-05-22,Basic,332.76
5986,James Khan,james.khan5986@example.com,Mexico,2022-11-17,Standard,891.58
5987,Sandra Perez,sandra.perez5987@example.com,Canada,2025-10-31,Standard,2409.42
5988,Thomas Harris,thomas.harris5988@example.com,Japan,2024-10-05,Basic,21.77
5989,Elizabeth Moore,elizabeth.moore5989@example.com,Japan,2021-03-18,Basic,630.10
5990,Donald Hill,donald.hill5990@example.com,Italy,2025-07-03,Standard,1528.00
5991,Linda Jones,linda.jones5991@example.com,Australia,2024-03-20,Basic,642.65
5992,William Ali,william.ali5992@example.com,United Arab Emirates,2020-09-10,Premium,13281.55
5993,Patricia Robinson,patricia.robinson5993@example.com,Australia,2021-10-05,Premium,9972.76
5994,Kimberly Johnson,kimberly.johnson5994@example.com,Germany,2019-02-23,Basic,303.01
5995,William Ali,william.ali5995@example.com,Spain,2021-05-11,Premium,5136.54
5996,Patricia Wilson,patricia.wilson5996@example.com,Spain,2019-12-23,Basic,646.74
5997,Ananya Ali,ananya.ali5997@example.com,Brazil,2018-10-04,Basic,429.52
5998,Aarav Kim,aarav.kim5998@example.com,France,2023-02-14,Standard,3514.38
5999,Daniel Clark,daniel.clark5999@example.com,Canada,2019-03-07,Standard,694.22
6000,Robert Wilson,robert.wilson6000@example.com,United States,2023-07-07,Standard,2269.22
6001,Barbara Scott,barbara.scott6001@example.com,Japan,2018-07-14,Basic,724.94
6002,Anthony Jones,anthony.jones6002@example.com,United Arab Emirates,2021-05-08,Standard,1517.52
6003,Steven Perez,steven.perez6003@example.com,Australia,2020-08-06,Standard,1543.83
6004,Christopher Ali,christopher.ali6004@example.com,Canada,2023-11-12,Basic,744.07
6005,David Patel,david.patel6005@example.com,Spain,2023-11-10,Basic,140.82
6006,William Jones,william.jones6006@example.com,United Arab Emirates,2025-06-07,Basic,418.65
6007,Paul Harris,paul.harris6007@example.com,United States,2021-07-18,Standard,3369.89
6008,Michelle Moore,michelle.moore6008@example.com,United Arab Emirates,2024-10-17,Standard,2198.69
6009,Karen Lopez,karen.lopez6009@example.com,United Arab Emirates,2019-10-03,Standard,3975.44
6010,Paul Jackson,paul.jackson6010@example.com,United States,2021-09-06,Standard,785.64
6011,Jessica Garcia,jessica.garcia6011@example.com,Singapore,2025-07-25,Standard,836.73
6012,Michelle Wright,michelle.wright6012@example.com,United Arab Emirates,2023-03-01,Standard,546.45
6013,Carlos Silva,carlos.silva6013@example.com,Germany,2019-10-15,Basic,734.37
6014,Susan Ramirez,susan.ramirez6014@example.com,Japan,2022-11-23,Basic,784.13
6015,William Lewis,william.lewis6015@example.com,Italy,2023-05-23,Basic,436.11
6016,William Ramirez,william.ramirez6016@example.com,Italy,2025-06-10,Basic,622.24
6017,Barbara Walker,barbara.walker6017@example.com,Brazil,2022-04-01,Premium,14760.25
6018,Carlos Thomas,carlos.thomas6018@example.com,Japan,2023-06-02,Premium,7834.87
6019,Joseph Moore,joseph.moore6019@example.com,Canada,2018-01-30,Standard,1745.46
6020,Wei Wright,wei.wright6020@example.com,Germany,2020-12-25,Standard,2623.36
6021,Daniel Silva,daniel.silva6021@example.com,Spain,2025-11-24,Basic,294.63
6022,Jessica Perez,jessica.perez6022@example.com,United Kingdom,2020-03-01,Basic,763.23
6023,William Lewis,william.lewis6023@example.com,Italy,2018-05-30,Standard,412.55
6024,Nancy Wilson,nancy.wilson6024@example.com,India,2025-11-30,Standard,2419.24
6025,Susan Brown,susan.brown6025@example.com,Netherlands,2023-03-09,Basic,176.50
6026,Aarav Chen,aarav.chen6026@example.com,United Kingdom,2024-03-05,Basic,275.51
6027,Mark Johnson,mark.johnson6027@example.com,United Kingdom,2020-11-08,Standard,358.68
6028,Carlos Martinez,carlos.martinez6028@example.com,India,2021-04-04,Standard,3651.32
6029,Kimberly Hill,kimberly.hill6029@example.com,Italy,2025-09-02,Basic,178.35
6030,Donna Lewis,donna.lewis6030@example.com,Brazil,2025-04-13,Basic,30.94
6031,Michael Miller,michael.miller6031@example.com,Japan,2024-01-11,Standard,3444.47
6032,Robert White,robert.white6032@example.com,Australia,2025-02-24,Basic,627.47
6033,Charles Sanchez,charles.sanchez6033@example.com,Brazil,2020-08-11,Basic,422.11
6034,Nancy Harris,nancy.harris6034@example.com,France,2021-02-14,Standard,2156.62
6035,Thomas Mueller,thomas.mueller6035@example.com,Brazil,2020-07-23,Standard,987.47
6036,Fatima Lopez,fatima.lopez6036@example.com,Canada,2025-09-26,Standard,819.53
6037,Paul Hill,paul.hill6037@example.com,Japan,2023-03-21,Standard,3688.48
6038,Mark Johnson,mark.johnson6038@example.com,Singapore,2022-09-30,Premium,13585.18
6039,Jessica Singh,jessica.singh6039@example.com,India,2024-07-14,Standard,3393.16
6040,Yuki Moore,yuki.moore6040@example.com,Australia,2021-01-29,Basic,25.42
6041,Anthony Johnson,anthony.johnson6041@example.com,Mexico,2021-08-16,Standard,984.05
6042,Jennifer Rodriguez,jennifer.rodriguez6042@example.com,United States,2020-07-12,Basic,687.56
6043,Jessica Torres,jessica.torres6043@example.com,Italy,2019-04-26,Standard,1117.03
6044,Steven Young,steven.young6044@example.com,Netherlands,2022-03-20,Premium,3869.15
6045,Joseph Thomas,joseph.thomas6045@example.com,Japan,2025-01-02,Standard,402.70
6046,Emily Costa,emily.costa6046@example.com,United States,2024-01-25,Basic,538.93
6047,Linda White,linda.white6047@example.com,Germany,2023-02-16,Basic,224.16
6048,Richard Lee,richard.lee6048@example.com,United States,2019-06-14,Standard,2616.37
6049,Mark Young,mark.young6049@example.com,Netherlands,2023-03-03,Standard,469.34
6050,Christopher Harris,christopher.harris6050@example.com,Australia,2025-05-27,Standard,2559.78
6051,Sandra Khan,sandra.khan6051@example.com,Spain,2021-04-26,Basic,282.76
6052,Ashley Perez,ashley.perez6052@example.com,Mexico,2024-05-23,Standard,1609.24
6053,Lisa Johnson,lisa.johnson6053@example.com,India,2025-04-10,Basic,191.99
6054,Aarav Harris,aarav.harris6054@example.com,Italy,2025-01-30,Premium,3078.73
6055,Linda Martin,linda.martin6055@example.com,United Arab Emirates,2021-03-18,Standard,3610.77
6056,Emily Anderson,emily.anderson6056@example.com,United Kingdom,2025-09-25,Standard,1389.18
6057,Sofia Chen,sofia.chen6057@example.com,United Kingdom,2018-09-10,Basic,753.92
6058,Wei Costa,wei.costa6058@example.com,Japan,2019-11-03,Standard,3144.40
6059,Robert Sanchez,robert.sanchez6059@example.com,Canada,2018-10-02,Standard,2518.98
6060,Fatima Lopez,fatima.lopez6060@example.com,Singapore,2022-03-13,Premium,8388.54
6061,Fatima Jackson,fatima.jackson6061@example.com,United States,2020-04-17,Standard,353.37
6062,Wei Rodriguez,wei.rodriguez6062@example.com,Australia,2024-12-26,Standard,3550.49
6063,Sandra Gonzalez,sandra.gonzalez6063@example.com,Italy,2024-02-19,Premium,3839.46
6064,Patricia Gonzalez,patricia.gonzalez6064@example.com,India,2025-08-30,Basic,686.59
6065,Barbara Rossi,barbara.rossi6065@example.com,Netherlands,2019-11-22,Basic,590.26
6066,Charles Jackson,charles.jackson6066@example.com,Italy,2019-12-10,Premium,9575.74
6067,Ingrid Ramirez,ingrid.ramirez6067@example.com,Spain,2018-04-01,Standard,2388.32
6068,Jennifer Lopez,jennifer.lopez6068@example.com,Canada,2024-03-09,Basic,720.94
6069,Lisa Ali,lisa.ali6069@example.com,United Kingdom,2021-12-19,Basic,382.56
6070,Christopher Nguyen,christopher.nguyen6070@example.com,Italy,2018-04-21,Standard,1272.79
6071,Donald Hill,donald.hill6071@example.com,Canada,2019-07-13,Basic,640.38
6072,Ananya Thomas,ananya.thomas6072@example.com,India,2021-05-23,Basic,325.31
6073,Jennifer Scott,jennifer.scott6073@example.com,Canada,2019-04-12,Basic,163.16
6074,Karen Mueller,karen.mueller6074@example.com,Germany,2020-12-09,Basic,640.84
6075,Fatima White,fatima.white6075@example.com,Germany,2020-05-27,Standard,2483.14
6076,Yuki Flores,yuki.flores6076@example.com,United Kingdom,2023-03-07,Standard,1824.57
6077,Anthony Garcia,anthony.garcia6077@example.com,Germany,2021-04-04,Standard,3313.67
6078,Linda Costa,linda.costa6078@example.com,United States,2019-11-09,Premium,10050.20
6079,Omar Ali,omar.ali6079@example.com,Canada,2020-07-05,Standard,349.85
6080,Charles Nguyen,charles.nguyen6080@example.com,Japan,2018-05-21,Basic,130.21
6081,Kimberly Hill,kimberly.hill6081@example.com,Japan,2025-03-25,Premium,8867.79
6082,Robert Nguyen,robert.nguyen6082@example.com,Australia,2021-05-22,Standard,3276.36
6083,David Gonzalez,david.gonzalez6083@example.com,Mexico,2019-03-18,Premium,10789.31
6084,Donna Williams,donna.williams6084@example.com,Canada,2025-07-10,Standard,1024.44
6085,Christopher Sanchez,christopher.sanchez6085@example.com,Italy,2025-10-22,Basic,165.52
6086,Mark Martinez,mark.martinez6086@example.com,Australia,2025-01-08,Standard,1715.03
6087,Patricia Martin,patricia.martin6087@example.com,Italy,2025-10-20,Basic,792.41
6088,Donald Garcia,donald.garcia6088@example.com,Spain,2020-06-10,Premium,10980.16
6089,Andrew Garcia,andrew.garcia6089@example.com,United Arab Emirates,2023-09-05,Standard,3214.10
6090,Donald Jackson,donald.jackson6090@example.com,Singapore,2018-05-04,Premium,3456.19
6091,Carlos Wilson,carlos.wilson6091@example.com,United States,2020-10-16,Basic,217.94
6092,Thomas Nguyen,thomas.nguyen6092@example.com,United States,2023-07-13,Standard,491.13
6093,Kimberly Walker,kimberly.walker6093@example.com,India,2018-08-26,Basic,661.10
6094,Ashley Robinson,ashley.robinson6094@example.com,Italy,2019-09-21,Standard,1560.80
6095,Ananya Robinson,ananya.robinson6095@example.com,Canada,2022-03-26,Standard,3072.43
6096,Susan Davis,susan.davis6096@example.com,Singapore,2020-03-13,Standard,2716.12
6097,Ananya Allen,ananya.allen6097@example.com,Canada,2025-04-25,Basic,777.94
6098,Wei Mueller,wei.mueller6098@example.com,United States,2021-07-16,Basic,616.43
6099,Omar Silva,omar.silva6099@example.com,Singapore,2018-05-07,Standard,3825.60
6100,Hans Torres,hans.torres6100@example.com,Singapore,2020-04-22,Standard,429.62
6101,Betty Robinson,betty.robinson6101@example.com,India,2024-08-29,Premium,9897.96
6102,Betty Hill,betty.hill6102@example.com,Australia,2022-06-15,Basic,549.14
6103,Jessica Ali,jessica.ali6103@example.com,Netherlands,2020-10-12,Premium,4836.60
6104,Sandra Brown,sandra.brown6104@example.com,Canada,2025-08-22,Premium,6137.58
6105,James Johnson,james.johnson6105@example.com,Singapore,2018-09-27,Standard,1242.52
6106,Patricia Scott,patricia.scott6106@example.com,Germany,2020-01-18,Standard,1021.57
6107,Susan Johnson,susan.johnson6107@example.com,Australia,2021-10-14,Basic,711.64
6108,Ingrid Young,ingrid.young6108@example.com,United Arab Emirates,2025-10-21,Standard,2258.50
6109,Kimberly Scott,kimberly.scott6109@example.com,United Arab Emirates,2025-04-20,Standard,850.18
6110,Sandra Perez,,United States,2024-06-24,Standard,2072.97
6111,Elizabeth King,elizabeth.king6111@example.com,India,2024-01-28,Basic,670.77
6112,Elizabeth Singh,elizabeth.singh6112@example.com,India,2021-01-28,Standard,1553.07
6113,Linda Wilson,linda.wilson6113@example.com,Canada,2024-06-17,Standard,3828.30
6114,Mary Wilson,mary.wilson6114@example.com,Japan,2019-11-08,Basic,622.63
6115,Jessica Ramirez,jessica.ramirez6115@example.com,Japan,2020-04-24,Standard,2281.66
6116,Ashley Gonzalez,ashley.gonzalez6116@example.com,Mexico,2025-02-13,Standard,931.53
6117,Jessica Wright,jessica.wright6117@example.com,France,2025-10-17,Premium,5060.01
6118,Thomas Lewis,thomas.lewis6118@example.com,France,2022-08-20,Standard,1800.15
6119,Sarah King,sarah.king6119@example.com,Brazil,2025-12-25,Standard,1209.85
6120,Betty Anderson,betty.anderson6120@example.com,Canada,2019-06-18,Standard,346.65
6121,Joseph Miller,joseph.miller6121@example.com,India,2019-11-22,Standard,2385.33
6122,Donald Sanchez,donald.sanchez6122@example.com,France,2022-01-07,Premium,8674.01
6123,James Allen,james.allen6123@example.com,Italy,2021-01-08,Premium,5289.80
6124,Jennifer White,jennifer.white6124@example.com,Japan,2019-04-07,Standard,2885.59
6125,Fatima Wilson,fatima.wilson6125@example.com,United Arab Emirates,2018-10-08,Basic,58.15
6126,Paul Harris,paul.harris6126@example.com,France,2022-05-03,Premium,13926.63
6127,Richard Harris,richard.harris6127@example.com,Japan,2024-10-24,Premium,4163.02
6128,Sofia Mueller,sofia.mueller6128@example.com,India,2021-10-31,Premium,6417.21
6129,Aarav Moore,aarav.moore6129@example.com,India,2020-11-23,Standard,866.71
6130,Betty Allen,betty.allen6130@example.com,Australia,2023-09-06,Basic,602.45
6131,Ingrid Anderson,ingrid.anderson6131@example.com,Canada,2020-12-29,Standard,3266.43
6132,Richard Jackson,richard.jackson6132@example.com,Spain,2021-01-21,Basic,505.51
6133,Christopher Moore,christopher.moore6133@example.com,Singapore,2024-05-09,Basic,283.34
6134,Anthony Ramirez,anthony.ramirez6134@example.com,Germany,2018-01-29,Premium,13065.95
6135,Jennifer Hill,jennifer.hill6135@example.com,Spain,2019-07-18,Basic,121.75
6136,Ingrid Martinez,ingrid.martinez6136@example.com,Japan,2022-03-22,Basic,639.89
6137,Donald Moore,donald.moore6137@example.com,Italy,2019-02-10,Standard,2676.21
6138,Carlos Costa,carlos.costa6138@example.com,Singapore,2020-04-30,Standard,1684.20
6139,Kimberly Anderson,kimberly.anderson6139@example.com,Spain,2018-08-15,Standard,3780.74
6140,Christopher Singh,christopher.singh6140@example.com,United States,2024-07-26,Standard,935.98
6141,Mary Costa,mary.costa6141@example.com,Mexico,2018-12-15,Basic,325.11
6142,Lisa Williams,lisa.williams6142@example.com,Canada,2020-02-14,Standard,1765.08
6143,Omar Taylor,omar.taylor6143@example.com,Netherlands,2018-03-20,Basic,192.44
6144,Kimberly Patel,kimberly.patel6144@example.com,France,2020-02-13,Standard,3512.10
6145,Donald Robinson,donald.robinson6145@example.com,Italy,2022-09-17,Premium,4245.37
6146,Ashley Torres,ashley.torres6146@example.com,Spain,2024-06-18,Standard,1474.46
6147,Fatima Davis,fatima.davis6147@example.com,United Kingdom,2024-08-29,Standard,3827.69
6148,Thomas Jackson,thomas.jackson6148@example.com,Australia,2022-10-19,Standard,2389.10
6149,Charles Rodriguez,charles.rodriguez6149@example.com,Italy,2025-10-24,Basic,380.78
6150,Omar Khan,omar.khan6150@example.com,Singapore,2022-11-18,Basic,104.34
6151,Nancy Hernandez,nancy.hernandez6151@example.com,United States,2019-04-05,Standard,1776.64
6152,Sofia Ali,sofia.ali6152@example.com,Spain,2023-01-05,Basic,163.75
6153,Karen Robinson,karen.robinson6153@example.com,Netherlands,2021-03-11,Standard,2849.05
6154,Christopher Nguyen,christopher.nguyen6154@example.com,India,2025-07-24,Standard,646.66
6155,Anthony Ali,anthony.ali6155@example.com,Germany,2019-10-27,Standard,1805.74
6156,Carlos Allen,carlos.allen6156@example.com,Italy,2019-01-09,Standard,2810.04
6157,Yuki Williams,yuki.williams6157@example.com,Brazil,2018-02-22,Premium,8046.60
6158,Michael Rodriguez,michael.rodriguez6158@example.com,Mexico,2021-03-08,Standard,2617.78
6159,Nancy Lewis,nancy.lewis6159@example.com,Canada,2020-09-07,Standard,355.63
6160,Sarah Costa,sarah.costa6160@example.com,Mexico,2021-05-20,Basic,447.55
6161,Jennifer Khan,jennifer.khan6161@example.com,France,2019-12-13,Basic,500.41
6162,Aarav Thomas,aarav.thomas6162@example.com,India,2019-09-06,Standard,3191.27
6163,Paul Gonzalez,paul.gonzalez6163@example.com,Brazil,2019-11-24,Standard,2763.11
6164,Donald Ali,donald.ali6164@example.com,Australia,2025-05-20,Standard,2069.38
6165,Emily Davis,emily.davis6165@example.com,United States,2019-07-22,Standard,1775.31
6166,Christopher Harris,christopher.harris6166@example.com,Brazil,2025-12-22,Standard,1994.94
6167,Jennifer Perez,jennifer.perez6167@example.com,United Kingdom,2018-09-23,Standard,3376.01
6168,Sandra Williams,sandra.williams6168@example.com,Japan,2024-09-01,Standard,1254.86
6169,Carlos Smith,carlos.smith6169@example.com,Mexico,2019-05-10,Standard,640.78
6170,Anthony Davis,anthony.davis6170@example.com,United Arab Emirates,2022-07-02,Premium,5351.34
6171,Matthew Ali,matthew.ali6171@example.com,Canada,2024-07-14,Standard,3453.78
6172,Jessica Brown,jessica.brown6172@example.com,Brazil,2022-01-27,Basic,640.20
6173,Barbara Rossi,barbara.rossi6173@example.com,Singapore,2023-06-28,Basic,170.31
6174,Carlos Costa,carlos.costa6174@example.com,United Arab Emirates,2024-02-17,Standard,3460.32
6175,Hans Perez,hans.perez6175@example.com,United Kingdom,2020-09-14,Basic,397.63
6176,Carlos Chen,carlos.chen6176@example.com,France,2024-04-10,Standard,2763.82
6177,Carlos Young,carlos.young6177@example.com,United States,2023-04-05,Standard,2329.21
6178,Linda Patel,linda.patel6178@example.com,Germany,2019-12-08,Premium,6346.35
6179,Michael Hernandez,michael.hernandez6179@example.com,Spain,2024-03-22,Premium,12768.06
6180,Emily Hernandez,emily.hernandez6180@example.com,Australia,2023-06-02,Basic,457.40
6181,Donna Brown,donna.brown6181@example.com,Spain,2022-07-21,Standard,1765.35
6182,Mary Martinez,mary.martinez6182@example.com,India,2020-04-12,Standard,2287.39
6183,Susan Torres,susan.torres6183@example.com,India,2023-02-25,Standard,440.07
6184,Karen Sanchez,karen.sanchez6184@example.com,Spain,2023-12-10,Basic,106.88
6185,Michael Costa,michael.costa6185@example.com,Singapore,2018-02-26,Basic,151.13
6186,Sofia Walker,sofia.walker6186@example.com,Netherlands,2024-08-28,Premium,12956.15
6187,Mary Lewis,mary.lewis6187@example.com,Germany,2023-06-20,Premium,8762.43
6188,Patricia King,patricia.king6188@example.com,Netherlands,2022-09-04,Standard,3692.39
6189,Fatima Silva,fatima.silva6189@example.com,Netherlands,2024-07-03,Standard,1054.23
6190,John Young,john.young6190@example.com,Netherlands,2025-12-03,Basic,28.10
6191,Steven Thomas,steven.thomas6191@example.com,France,2024-08-29,Standard,787.29
6192,Omar Khan,omar.khan6192@example.com,Italy,2021-06-01,Standard,2255.13
6193,Anthony Singh,anthony.singh6193@example.com,Australia,2021-11-24,Standard,425.21
6194,Donald Jackson,donald.jackson6194@example.com,France,2021-10-25,Standard,1700.88
6195,Mark Rodriguez,mark.rodriguez6195@example.com,Australia,2022-01-16,Standard,2772.53
6196,Jennifer Costa,jennifer.costa6196@example.com,United Kingdom,2023-08-19,Standard,591.26
6197,Donna Moore,donna.moore6197@example.com,Mexico,2021-12-04,Standard,213.27
6198,John Gonzalez,john.gonzalez6198@example.com,Netherlands,2019-06-27,Standard,3068.22
6199,Patricia Lopez,patricia.lopez6199@example.com,United Kingdom,2022-06-15,Standard,2523.53
6200,Joseph Brown,joseph.brown6200@example.com,Singapore,2022-05-13,Standard,2720.55
6201,Thomas Thompson,thomas.thompson6201@example.com,United Arab Emirates,2022-03-01,Standard,3819.30
6202,Joseph Thomas,joseph.thomas6202@example.com,United Arab Emirates,2018-05-16,Premium,14988.23
6203,Sandra Silva,sandra.silva6203@example.com,France,2018-06-10,Basic,585.95
6204,Joseph Perez,joseph.perez6204@example.com,Japan,2021-11-05,Premium,3906.29
6205,Elizabeth Moore,elizabeth.moore6205@example.com,Italy,2023-05-15,Standard,1598.76
6206,William Perez,william.perez6206@example.com,Germany,2023-05-30,Basic,608.05
6207,Andrew Nguyen,andrew.nguyen6207@example.com,United States,2022-01-07,Basic,672.45
6208,Susan Sanchez,susan.sanchez6208@example.com,Netherlands,2022-07-30,Basic,480.38
6209,Susan Gonzalez,susan.gonzalez6209@example.com,Australia,2020-08-02,Premium,4822.29
6210,Thomas Rodriguez,thomas.rodriguez6210@example.com,India,2025-10-26,Premium,7203.21
6211,Ingrid Costa,ingrid.costa6211@example.com,Brazil,2019-07-27,Standard,3601.80
6212,Joseph Young,joseph.young6212@example.com,United Kingdom,2021-10-12,Standard,3053.48
6213,Susan Miller,susan.miller6213@example.com,Netherlands,2020-07-28,Premium,11326.99
6214,Ingrid Rossi,,United Arab Emirates,2018-08-06,Standard,226.24
6215,Omar Nguyen,omar.nguyen6215@example.com,Spain,2020-04-30,Standard,1153.74
6216,John Wilson,john.wilson6216@example.com,United States,2020-12-30,Basic,158.01
6217,Joseph Silva,joseph.silva6217@example.com,Canada,2025-02-02,Standard,2581.63
6218,Steven Wilson,steven.wilson6218@example.com,India,2022-06-21,Standard,2611.55
6219,Jennifer Rodriguez,jennifer.rodriguez6219@example.com,Brazil,2024-02-21,Standard,2578.56
6220,James Moore,james.moore6220@example.com,Brazil,2019-02-18,Standard,2451.28
6221,Fatima Kim,fatima.kim6221@example.com,Netherlands,2025-09-15,Standard,2774.62
6222,Donald Clark,donald.clark6222@example.com,Australia,2024-01-23,Standard,262.94
6223,Ananya Patel,ananya.patel6223@example.com,India,2025-12-01,Standard,1554.86
6224,Karen Rossi,karen.rossi6224@example.com,United Kingdom,2019-01-28,Basic,294.12
6225,Wei Khan,wei.khan6225@example.com,Germany,2023-03-14,Standard,2558.75
6226,David Ramirez,david.ramirez6226@example.com,India,2020-04-24,Standard,2910.50
6227,Aarav Lewis,aarav.lewis6227@example.com,Mexico,2022-10-22,Standard,2185.10
6228,Lisa Flores,lisa.flores6228@example.com,Italy,2019-06-28,Standard,2199.46
6229,Emily Wilson,emily.wilson6229@example.com,Mexico,2018-06-05,Standard,1039.60
6230,Sandra Flores,sandra.flores6230@example.com,Brazil,2025-08-04,Basic,537.70
6231,Susan Singh,susan.singh6231@example.com,Italy,2022-03-05,Standard,286.86
6232,David Miller,david.miller6232@example.com,India,2024-07-10,Standard,3332.24
6233,Anthony Thompson,anthony.thompson6233@example.com,Netherlands,2018-11-27,Basic,544.75
6234,Carlos Johnson,carlos.johnson6234@example.com,United States,2022-06-11,Premium,7666.85
6235,Sofia Kim,sofia.kim6235@example.com,Spain,2025-07-11,Standard,3116.17
6236,Betty Kim,betty.kim6236@example.com,France,2023-07-18,Standard,1786.69
6237,Jennifer Martin,jennifer.martin6237@example.com,Mexico,2025-08-11,Basic,425.51
6238,Jessica Martinez,jessica.martinez6238@example.com,India,2024-11-26,Standard,538.30
6239,Carlos Smith,carlos.smith6239@example.com,India,2020-01-29,Standard,1379.59
6240,Donald Harris,donald.harris6240@example.com,Canada,2021-08-25,Standard,1539.38
6241,Hans Sanchez,hans.sanchez6241@example.com,Spain,2022-12-15,Standard,1320.83
6242,Andrew Singh,andrew.singh6242@example.com,Germany,2024-09-09,Basic,482.97
6243,Michelle Perez,michelle.perez6243@example.com,France,2018-01-30,Basic,160.85
6244,Andrew Thompson,andrew.thompson6244@example.com,Italy,2021-03-17,Standard,1776.08
6245,Margaret Costa,margaret.costa6245@example.com,India,2020-03-23,Standard,483.05
6246,Patricia Allen,patricia.allen6246@example.com,United States,2018-08-08,Standard,768.54
6247,Jennifer Johnson,jennifer.johnson6247@example.com,Italy,2023-03-31,Standard,3772.06
6248,Matthew Chen,matthew.chen6248@example.com,Spain,2019-11-19,Standard,1533.51
6249,Matthew Chen,matthew.chen6249@example.com,Germany,2025-11-25,Basic,661.46
6250,David Rossi,david.rossi6250@example.com,United Arab Emirates,2023-08-31,Standard,1917.67
6251,Andrew Wilson,andrew.wilson6251@example.com,Canada,2022-10-12,Standard,2736.62
6252,James Miller,james.miller6252@example.com,United States,2024-10-06,Standard,239.43
6253,Emily King,emily.king6253@example.com,Italy,2018-04-04,Standard,3041.60
6254,Susan Mueller,susan.mueller6254@example.com,France,2021-05-31,Standard,3711.10
6255,Mark Costa,mark.costa6255@example.com,United Arab Emirates,2024-05-27,Basic,502.36
6256,Richard Chen,richard.chen6256@example.com,India,2024-11-20,Standard,1579.66
6257,Sarah Garcia,sarah.garcia6257@example.com,Australia,2018-08-27,Standard,3190.19
6258,Michelle Chen,michelle.chen6258@example.com,Germany,2023-07-24,Premium,3257.46
6259,Anthony Jackson,anthony.jackson6259@example.com,Netherlands,2025-12-06,Basic,525.55
6260,Lisa Patel,lisa.patel6260@example.com,Canada,2018-03-01,Basic,228.45
6261,Hans Young,hans.young6261@example.com,Italy,2021-01-18,Basic,334.77
6262,Andrew Martin,andrew.martin6262@example.com,Brazil,2020-05-24,Standard,2816.93
6263,Joseph Wright,joseph.wright6263@example.com,Japan,2018-08-22,Standard,3027.96
6264,Fatima Lee,fatima.lee6264@example.com,Mexico,2018-05-03,Premium,10569.35
6265,Matthew Ramirez,matthew.ramirez6265@example.com,Canada,2024-03-15,Standard,927.25
6266,Paul Martin,paul.martin6266@example.com,Brazil,2019-01-06,Basic,474.73
6267,Hans Wright,hans.wright6267@example.com,Brazil,2021-01-25,Standard,1132.94
6268,Thomas Thompson,thomas.thompson6268@example.com,Singapore,2022-07-10,Premium,8605.45
6269,Michelle Wilson,michelle.wilson6269@example.com,Australia,2019-10-09,Standard,3038.24
6270,Patricia Martinez,patricia.martinez6270@example.com,Japan,2024-05-26,Standard,2650.71
6271,Yuki Harris,yuki.harris6271@example.com,Netherlands,2024-10-27,Standard,3818.75
6272,David Taylor,david.taylor6272@example.com,France,2020-08-09,Basic,286.66
6273,Kimberly Sanchez,kimberly.sanchez6273@example.com,United Kingdom,2019-04-05,Standard,909.33
6274,Michael Singh,michael.singh6274@example.com,United States,2020-08-21,Standard,2116.73
6275,Robert Smith,robert.smith6275@example.com,United States,2020-05-08,Standard,1454.45
6276,Karen Clark,karen.clark6276@example.com,Australia,2022-10-16,Standard,202.63
6277,Karen Nguyen,karen.nguyen6277@example.com,Germany,2023-05-08,Basic,321.89
6278,Mark Moore,mark.moore6278@example.com,Italy,2024-07-15,Standard,665.60
6279,Sofia Garcia,sofia.garcia6279@example.com,United Kingdom,2019-12-28,Standard,640.01
6280,Nancy Williams,nancy.williams6280@example.com,Germany,2024-06-11,Basic,652.92
6281,Betty Khan,betty.khan6281@example.com,India,2024-03-07,Standard,3196.88
6282,Fatima Allen,fatima.allen6282@example.com,Italy,2018-10-15,Basic,510.78
6283,Aarav Williams,aarav.williams6283@example.com,Singapore,2021-05-24,Premium,3594.10
6284,Kimberly Hill,kimberly.hill6284@example.com,Germany,2022-03-08,Standard,697.88
6285,Paul Clark,paul.clark6285@example.com,Spain,2022-07-01,Basic,1.02
6286,Joseph Allen,joseph.allen6286@example.com,Italy,2018-01-02,Standard,3112.40
6287,Mary Hernandez,mary.hernandez6287@example.com,Netherlands,2023-05-28,Standard,933.49
6288,Kimberly Smith,kimberly.smith6288@example.com,United Arab Emirates,2018-05-08,Premium,2891.54
6289,Charles Thompson,charles.thompson6289@example.com,Canada,2024-01-29,Basic,74.11
6290,Lisa Scott,lisa.scott6290@example.com,Italy,2025-05-03,Premium,12509.45
6291,Joshua Jackson,joshua.jackson6291@example.com,Netherlands,2024-06-27,Standard,640.56
6292,Betty Patel,betty.patel6292@example.com,India,2018-05-29,Basic,701.67
6293,Nancy Davis,nancy.davis6293@example.com,Spain,2024-08-26,Standard,1045.92
6294,Andrew Clark,andrew.clark6294@example.com,Canada,2023-08-17,Standard,1845.78
6295,Wei Young,wei.young6295@example.com,United States,2024-01-06,Premium,2149.09
6296,Karen Flores,karen.flores6296@example.com,Mexico,2020-04-15,Basic,565.71
6297,Hans Scott,hans.scott6297@example.com,Netherlands,2022-02-06,Basic,13.82
6298,Omar Miller,omar.miller6298@example.com,Canada,2019-09-22,Standard,3858.79
6299,Joseph Wilson,joseph.wilson6299@example.com,Canada,2020-03-08,Basic,223.56
6300,Daniel Hernandez,daniel.hernandez6300@example.com,United States,2024-04-23,Basic,697.23
6301,Ingrid Taylor,ingrid.taylor6301@example.com,United States,2020-05-23,Premium,8214.01
6302,Yuki Jones,yuki.jones6302@example.com,Brazil,2023-07-25,Basic,290.57
6303,Emily Thompson,emily.thompson6303@example.com,Italy,2023-01-13,Standard,1168.57
6304,James Harris,james.harris6304@example.com,Canada,2025-09-29,Standard,3688.93
6305,Barbara Clark,barbara.clark6305@example.com,Italy,2019-06-22,Basic,576.65
6306,Ananya Anderson,ananya.anderson6306@example.com,Australia,2024-08-21,Basic,797.31
6307,Lisa Jones,lisa.jones6307@example.com,Brazil,2025-07-22,Standard,554.55
6308,Linda Davis,linda.davis6308@example.com,United States,2025-03-19,Standard,441.20
6309,Jennifer Davis,jennifer.davis6309@example.com,United Kingdom,2025-06-29,Standard,2899.73
6310,Ingrid Anderson,ingrid.anderson6310@example.com,Mexico,2024-10-29,Basic,740.93
6311,Richard Brown,richard.brown6311@example.com,India,2024-07-18,Standard,3524.30
6312,Steven Costa,steven.costa6312@example.com,Italy,2019-07-10,Standard,426.36
6313,Elizabeth Anderson,elizabeth.anderson6313@example.com,France,2025-06-07,Premium,6430.97
6314,Margaret Scott,margaret.scott6314@example.com,Japan,2025-11-11,Standard,2500.14
6315,Michael Johnson,michael.johnson6315@example.com,Italy,2022-05-04,Basic,506.61
6316,Andrew Silva,andrew.silva6316@example.com,Japan,2018-07-18,Standard,3874.17
6317,Daniel Johnson,daniel.johnson6317@example.com,Canada,2018-09-24,Standard,735.73
6318,Patricia Wilson,patricia.wilson6318@example.com,United States,2023-10-27,Basic,97.96
6319,Sarah Costa,sarah.costa6319@example.com,Italy,2024-03-30,Premium,11992.83
6320,Thomas Taylor,thomas.taylor6320@example.com,Netherlands,2022-07-26,Basic,671.87
6321,Paul Khan,paul.khan6321@example.com,Mexico,2023-08-09,Premium,13791.48
6322,Thomas Williams,thomas.williams6322@example.com,Japan,2020-08-25,Basic,218.54
6323,Andrew Lee,andrew.lee6323@example.com,Mexico,2021-12-14,Standard,313.38
6324,Betty Smith,betty.smith6324@example.com,Netherlands,2021-09-23,Standard,3348.81
6325,Steven Williams,steven.williams6325@example.com,United Kingdom,2025-10-06,Standard,3789.73
6326,Thomas Perez,thomas.perez6326@example.com,Mexico,2024-04-02,Standard,1037.67
6327,Michelle Patel,michelle.patel6327@example.com,Singapore,2021-11-27,Standard,2371.69
6328,John Young,john.young6328@example.com,Mexico,2021-01-28,Standard,497.06
6329,Elizabeth Chen,elizabeth.chen6329@example.com,United States,2021-04-04,Standard,2557.13
6330,Sandra Kim,sandra.kim6330@example.com,Australia,2020-01-04,Standard,1401.55
6331,Richard Singh,richard.singh6331@example.com,Japan,2021-03-24,Basic,363.31
6332,Hans Harris,hans.harris6332@example.com,United Arab Emirates,2024-09-25,Standard,3264.40
6333,Richard Williams,richard.williams6333@example.com,Singapore,2021-03-16,Premium,8439.80
6334,Kimberly Patel,kimberly.patel6334@example.com,Brazil,2021-04-17,Standard,2754.73
6335,Matthew King,matthew.king6335@example.com,United Arab Emirates,2018-02-28,Standard,712.05
6336,Yuki Harris,yuki.harris6336@example.com,Netherlands,2023-01-01,Premium,14445.09
6337,Jennifer Davis,jennifer.davis6337@example.com,Australia,2019-07-16,Basic,614.98
6338,Paul Sanchez,paul.sanchez6338@example.com,Netherlands,2020-02-16,Standard,1372.08
6339,Kimberly Rodriguez,kimberly.rodriguez6339@example.com,Australia,2024-02-25,Standard,2459.08
6340,Aarav Singh,aarav.singh6340@example.com,Spain,2018-07-08,Standard,674.76
6341,Lisa Harris,lisa.harris6341@example.com,Brazil,2023-07-05,Standard,3321.78
6342,Charles Williams,charles.williams6342@example.com,United Arab Emirates,2022-01-30,Standard,3323.07
6343,Ashley Rodriguez,ashley.rodriguez6343@example.com,Italy,2019-08-28,Standard,1424.70
6344,Sarah Lopez,sarah.lopez6344@example.com,India,2019-09-13,Basic,273.26
6345,Sofia Harris,sofia.harris6345@example.com,United States,2023-11-05,Basic,256.82
6346,Kimberly Flores,kimberly.flores6346@example.com,Australia,2018-09-14,Standard,1919.94
6347,Michael White,michael.white6347@example.com,United States,2021-10-22,Basic,618.17
6348,James Patel,james.patel6348@example.com,Italy,2020-07-21,Standard,1455.74
6349,Ingrid Garcia,ingrid.garcia6349@example.com,Canada,2023-10-11,Standard,1234.34
6350,Anthony Johnson,anthony.johnson6350@example.com,Singapore,2024-12-29,Standard,1073.76
6351,Wei Martinez,wei.martinez6351@example.com,United Kingdom,2025-12-22,Standard,669.60
6352,Joshua Garcia,joshua.garcia6352@example.com,United Arab Emirates,2024-06-28,Basic,216.69
6353,Thomas Mueller,thomas.mueller6353@example.com,Canada,2021-02-09,Standard,3653.34
6354,Ananya Jones,ananya.jones6354@example.com,United States,2024-01-14,Standard,3719.70
6355,Ashley Allen,ashley.allen6355@example.com,Italy,2020-03-17,Standard,2787.47
6356,Aarav Robinson,aarav.robinson6356@example.com,Brazil,2024-08-20,Basic,609.65
6357,Elizabeth Khan,elizabeth.khan6357@example.com,United States,2019-09-01,Basic,77.34
6358,Linda Ramirez,linda.ramirez6358@example.com,United Kingdom,2020-07-23,Basic,74.18
6359,Ashley Flores,ashley.flores6359@example.com,Singapore,2025-08-23,Basic,720.96
6360,Kimberly Garcia,kimberly.garcia6360@example.com,Spain,2018-03-05,Standard,3848.43
6361,Yuki Torres,yuki.torres6361@example.com,Singapore,2021-06-26,Standard,817.97
6362,Anthony Thompson,anthony.thompson6362@example.com,Japan,2024-11-30,Basic,603.86
6363,Margaret Wilson,margaret.wilson6363@example.com,India,2023-08-27,Standard,1999.19
6364,Charles Costa,charles.costa6364@example.com,India,2019-06-07,Basic,333.61
6365,Ingrid Khan,ingrid.khan6365@example.com,Japan,2023-12-24,Standard,746.08
6366,Sofia Silva,sofia.silva6366@example.com,Singapore,2025-01-10,Basic,119.28
6367,Karen Jackson,karen.jackson6367@example.com,United Kingdom,2025-03-03,Basic,257.54
6368,Christopher Davis,christopher.davis6368@example.com,Brazil,2023-11-27,Premium,10834.32
6369,Hans Lopez,hans.lopez6369@example.com,India,2018-07-08,Standard,3942.64
6370,Thomas Perez,thomas.perez6370@example.com,Japan,2023-11-30,Standard,909.41
6371,Donald Hernandez,donald.hernandez6371@example.com,France,2022-12-13,Premium,7157.23
6372,Margaret Harris,margaret.harris6372@example.com,Italy,2018-07-01,Basic,425.82
6373,Paul Wright,paul.wright6373@example.com,France,2021-08-07,Basic,565.42
6374,Steven Lewis,steven.lewis6374@example.com,Spain,2019-06-14,Premium,2723.00
6375,Donald Lee,donald.lee6375@example.com,Spain,2020-05-31,Standard,2923.77
6376,Matthew Scott,matthew.scott6376@example.com,Germany,2019-02-25,Standard,1611.39
6377,Hans Ali,hans.ali6377@example.com,United Kingdom,2019-01-26,Premium,10536.67
6378,John Walker,john.walker6378@example.com,Italy,2018-12-03,Basic,205.54
6379,Thomas Anderson,thomas.anderson6379@example.com,Singapore,2019-05-14,Premium,2197.93
6380,Matthew Garcia,matthew.garcia6380@example.com,France,2021-12-27,Standard,740.88
6381,Joshua Harris,joshua.harris6381@example.com,India,2025-12-09,Basic,369.09
6382,Sarah Wilson,sarah.wilson6382@example.com,Mexico,2024-11-13,Standard,3430.77
6383,Michael Davis,michael.davis6383@example.com,India,2020-07-17,Standard,1062.91
6384,Jessica Moore,jessica.moore6384@example.com,United Arab Emirates,2023-01-21,Basic,131.70
6385,Margaret Flores,margaret.flores6385@example.com,Canada,2018-04-14,Standard,3050.02
6386,Sofia Wilson,sofia.wilson6386@example.com,France,2020-07-15,Basic,235.59
6387,Joshua Hill,joshua.hill6387@example.com,Italy,2025-12-24,Standard,2262.40
6388,Daniel Scott,daniel.scott6388@example.com,Spain,2018-10-09,Basic,586.93
6389,Kimberly Allen,kimberly.allen6389@example.com,United Arab Emirates,2023-05-05,Premium,8652.56
6390,Patricia Ali,patricia.ali6390@example.com,Netherlands,2019-06-20,Basic,92.48
6391,Andrew Nguyen,andrew.nguyen6391@example.com,Mexico,2020-11-11,Standard,1025.93
6392,Margaret Anderson,margaret.anderson6392@example.com,Brazil,2021-03-27,Standard,2416.81
6393,John Wilson,john.wilson6393@example.com,United Kingdom,2019-11-17,Standard,907.62
6394,Joshua Lee,joshua.lee6394@example.com,United States,2022-12-04,Standard,252.36
6395,Mark Wilson,mark.wilson6395@example.com,France,2023-11-22,Standard,1029.70
6396,Betty Scott,betty.scott6396@example.com,Brazil,2023-04-16,Standard,2947.62
6397,Ashley Taylor,ashley.taylor6397@example.com,United States,2020-06-24,Premium,7234.96
6398,Anthony Silva,anthony.silva6398@example.com,United States,2018-01-16,Standard,2754.40
6399,Mark Harris,mark.harris6399@example.com,United Kingdom,2019-10-26,Basic,683.85
6400,Emily Martinez,emily.martinez6400@example.com,United Kingdom,2025-09-16,Premium,10385.24
6401,William Davis,william.davis6401@example.com,United Arab Emirates,2020-05-20,Standard,3463.13
6402,Steven Clark,steven.clark6402@example.com,Japan,2019-11-07,Basic,384.61
6403,Thomas Silva,thomas.silva6403@example.com,Australia,2020-12-06,Standard,2891.60
6404,Susan Hill,susan.hill6404@example.com,Singapore,2018-02-15,Standard,3643.98
6405,Carlos Costa,carlos.costa6405@example.com,Mexico,2022-10-31,Standard,2365.70
6406,Wei Silva,wei.silva6406@example.com,Australia,2022-07-01,Premium,10581.73
6407,Betty Williams,betty.williams6407@example.com,Japan,2021-12-14,Basic,790.83
6408,Michael Lopez,michael.lopez6408@example.com,Spain,2020-12-19,Standard,981.22
6409,Nancy King,nancy.king6409@example.com,France,2024-06-26,Basic,702.63
6410,Emily Garcia,emily.garcia6410@example.com,Japan,2025-05-18,Premium,6020.73
6411,Margaret Thompson,margaret.thompson6411@example.com,France,2020-01-13,Premium,3538.57
6412,Matthew Mueller,matthew.mueller6412@example.com,Japan,2025-08-26,Standard,535.72
6413,Hans Ali,hans.ali6413@example.com,Japan,2025-12-19,Premium,11435.89
6414,Joseph Harris,joseph.harris6414@example.com,Japan,2019-01-24,Standard,516.02
6415,Anthony Rossi,anthony.rossi6415@example.com,India,2022-01-20,Standard,3004.83
6416,Emily Patel,emily.patel6416@example.com,Mexico,2020-11-22,Basic,133.54
6417,Michelle Thomas,michelle.thomas6417@example.com,Netherlands,2020-03-19,Standard,3701.31
6418,Susan Silva,susan.silva6418@example.com,Germany,2025-09-24,Basic,315.10
6419,Andrew Young,andrew.young6419@example.com,Australia,2023-03-05,Standard,1825.14
6420,Ashley Walker,ashley.walker6420@example.com,Mexico,2020-05-08,Standard,1571.34
6421,Emily Ramirez,emily.ramirez6421@example.com,Singapore,2021-06-18,Premium,3160.88
6422,Thomas Hill,thomas.hill6422@example.com,India,2020-06-20,Premium,12067.59
6423,Emily Johnson,emily.johnson6423@example.com,Spain,2024-02-08,Basic,639.56
6424,Barbara Ramirez,barbara.ramirez6424@example.com,Singapore,2019-06-18,Basic,153.59
6425,Joshua Hill,joshua.hill6425@example.com,Netherlands,2023-07-01,Premium,13043.82
6426,Linda White,linda.white6426@example.com,United States,2019-01-20,Basic,60.00
6427,Joseph Flores,joseph.flores6427@example.com,France,2023-11-24,Premium,14571.23
6428,Karen Jackson,karen.jackson6428@example.com,Germany,2022-08-18,Standard,3892.92
6429,Ashley Flores,ashley.flores6429@example.com,Canada,2020-12-07,Standard,3972.73
6430,Joshua Smith,joshua.smith6430@example.com,Singapore,2023-11-19,Premium,14359.89
6431,Michael Harris,michael.harris6431@example.com,United Arab Emirates,2020-10-21,Basic,660.41
6432,Fatima Hill,fatima.hill6432@example.com,Singapore,2025-01-19,Premium,14750.02
6433,Wei Hill,wei.hill6433@example.com,Canada,2021-11-04,Standard,3928.72
6434,Donald Anderson,donald.anderson6434@example.com,United Arab Emirates,2018-04-20,Standard,1649.40
6435,Michelle Torres,michelle.torres6435@example.com,Spain,2020-08-04,Standard,1671.00
6436,Barbara Williams,barbara.williams6436@example.com,Australia,2019-04-30,Standard,371.21
6437,Barbara Silva,barbara.silva6437@example.com,United Kingdom,2022-11-06,Standard,1361.10
6438,Yuki Lopez,yuki.lopez6438@example.com,Japan,2022-05-04,Premium,9378.98
6439,Mark Hernandez,mark.hernandez6439@example.com,United Arab Emirates,2022-01-27,Basic,496.36
6440,Donald Miller,donald.miller6440@example.com,Netherlands,2025-03-29,Standard,1583.34
6441,Yuki Lewis,yuki.lewis6441@example.com,United Kingdom,2023-06-26,Standard,1974.24
6442,Linda Davis,linda.davis6442@example.com,France,2025-08-08,Standard,2550.59
6443,Sandra Singh,sandra.singh6443@example.com,Spain,2020-01-20,Standard,2974.60
6444,Anthony Smith,anthony.smith6444@example.com,Mexico,2022-10-03,Basic,406.38
6445,Anthony Allen,anthony.allen6445@example.com,Japan,2025-03-09,Standard,2809.34
6446,Anthony Silva,anthony.silva6446@example.com,United Arab Emirates,2023-11-16,Premium,6459.29
6447,Joshua Walker,joshua.walker6447@example.com,India,2023-08-14,Standard,1638.31
6448,Donald Nguyen,donald.nguyen6448@example.com,Germany,2025-10-25,Standard,3680.06
6449,Anthony Moore,anthony.moore6449@example.com,Brazil,2018-07-29,Standard,839.22
6450,Richard Martinez,richard.martinez6450@example.com,Singapore,2023-07-12,Standard,2699.84
6451,Hans Thompson,hans.thompson6451@example.com,Netherlands,2020-12-16,Standard,2994.34
6452,Kimberly Lewis,kimberly.lewis6452@example.com,Australia,2022-04-27,Standard,2552.28
6453,Donna Patel,donna.patel6453@example.com,Brazil,2018-11-17,Standard,1525.71
6454,Aarav Mueller,aarav.mueller6454@example.com,Singapore,2022-12-21,Standard,3647.07
6455,Christopher Kim,christopher.kim6455@example.com,Spain,2019-06-16,Premium,5291.44
6456,Ingrid White,ingrid.white6456@example.com,Brazil,2019-11-26,Standard,2481.96
6457,James Scott,james.scott6457@example.com,Spain,2023-11-18,Basic,488.91
6458,Christopher Anderson,christopher.anderson6458@example.com,France,2021-09-25,Standard,3534.61
6459,Jessica Lewis,jessica.lewis6459@example.com,India,2021-02-19,Basic,443.17
6460,John Costa,john.costa6460@example.com,Japan,2018-01-30,Basic,299.68
6461,Paul Wilson,paul.wilson6461@example.com,Japan,2022-03-04,Standard,3714.67
6462,Donna Gonzalez,donna.gonzalez6462@example.com,Mexico,2019-05-11,Standard,1141.16
6463,Joshua Harris,joshua.harris6463@example.com,Italy,2023-11-20,Standard,363.02
6464,Sarah Costa,sarah.costa6464@example.com,Germany,2023-02-22,Premium,4717.41
6465,Sarah Garcia,sarah.garcia6465@example.com,Italy,2022-05-02,Standard,1030.01
6466,Fatima Taylor,fatima.taylor6466@example.com,India,2019-02-28,Basic,36.71
6467,Sofia Martinez,sofia.martinez6467@example.com,Japan,2020-08-01,Standard,3503.53
6468,Mark Patel,mark.patel6468@example.com,Germany,2020-04-07,Standard,3585.24
6469,Betty Robinson,betty.robinson6469@example.com,Australia,2020-12-27,Standard,2828.30
6470,Betty Ramirez,betty.ramirez6470@example.com,Germany,2020-06-13,Basic,680.61
6471,William Young,william.young6471@example.com,Netherlands,2024-05-25,Standard,2553.46
6472,Thomas Davis,thomas.davis6472@example.com,United Kingdom,2018-08-08,Standard,2893.11
6473,Hans Torres,hans.torres6473@example.com,Singapore,2018-10-13,Standard,402.81
6474,Jennifer Johnson,jennifer.johnson6474@example.com,Brazil,2022-11-22,Standard,370.70
6475,Paul Davis,paul.davis6475@example.com,Mexico,2021-09-05,Standard,636.94
6476,Karen King,karen.king6476@example.com,United Arab Emirates,2023-03-06,Standard,2007.95
6477,Aarav Walker,aarav.walker6477@example.com,Germany,2020-08-24,Standard,3479.56
6478,Mary Ramirez,mary.ramirez6478@example.com,France,2020-05-30,Premium,13562.80
6479,Mark Kim,mark.kim6479@example.com,Italy,2023-04-22,Standard,2206.80
6480,Susan Perez,susan.perez6480@example.com,Netherlands,2021-11-09,Premium,10692.86
6481,Ingrid Kim,ingrid.kim6481@example.com,Australia,2018-05-10,Standard,905.77
6482,Sandra Johnson,sandra.johnson6482@example.com,Singapore,2023-12-03,Basic,376.30
6483,Margaret Silva,margaret.silva6483@example.com,Brazil,2018-12-15,Standard,2618.73
6484,Omar Wright,omar.wright6484@example.com,Canada,2019-10-18,Standard,2478.91
6485,Jessica Rossi,jessica.rossi6485@example.com,Canada,2020-06-13,Standard,2365.94
6486,William Gonzalez,william.gonzalez6486@example.com,France,2022-01-30,Standard,2473.24
6487,Donna King,donna.king6487@example.com,Spain,2019-02-24,Basic,559.91
6488,Susan Thomas,susan.thomas6488@example.com,United Arab Emirates,2023-08-13,Standard,1894.40
6489,Nancy Khan,nancy.khan6489@example.com,United States,2023-06-28,Standard,2399.36
6490,Hans Williams,hans.williams6490@example.com,Netherlands,2022-07-15,Standard,3411.08
6491,Lisa Davis,lisa.davis6491@example.com,Singapore,2022-10-17,Basic,213.86
6492,Ashley Williams,ashley.williams6492@example.com,Japan,2020-04-19,Basic,609.08
6493,Yuki Kim,yuki.kim6493@example.com,Japan,2021-01-06,Standard,2146.70
6494,Richard Smith,richard.smith6494@example.com,Japan,2021-12-09,Standard,1957.27
6495,Margaret Perez,margaret.perez6495@example.com,Italy,2025-08-10,Standard,227.51
6496,Charles Taylor,charles.taylor6496@example.com,Brazil,2020-01-27,Standard,2153.48
6497,Michelle Smith,michelle.smith6497@example.com,Singapore,2023-01-25,Standard,2305.51
6498,Steven Thomas,steven.thomas6498@example.com,Netherlands,2022-05-17,Basic,642.87
6499,Thomas Thomas,thomas.thomas6499@example.com,Canada,2022-10-20,Basic,393.96
6500,Kimberly Lee,kimberly.lee6500@example.com,Japan,2020-12-29,Basic,758.53
6501,Sarah Williams,sarah.williams6501@example.com,Spain,2024-06-03,Standard,3623.80
6502,Sofia Nguyen,sofia.nguyen6502@example.com,Germany,2020-02-02,Standard,3892.53
6503,John Robinson,john.robinson6503@example.com,India,2022-11-20,Standard,219.30
6504,Fatima Perez,fatima.perez6504@example.com,Mexico,2025-01-03,Standard,3168.70
6505,Linda Mueller,linda.mueller6505@example.com,Germany,2025-04-12,Standard,343.50
6506,William Hill,william.hill6506@example.com,Spain,2024-12-24,Basic,321.76
6507,Richard Anderson,richard.anderson6507@example.com,Mexico,2019-11-08,Premium,13833.31
6508,Daniel Sanchez,daniel.sanchez6508@example.com,United States,2020-09-29,Standard,311.54
6509,Joshua Kim,joshua.kim6509@example.com,Netherlands,2021-12-17,Standard,1245.68
6510,Patricia Lopez,patricia.lopez6510@example.com,Germany,2019-11-01,Standard,297.87
6511,Elizabeth Patel,elizabeth.patel6511@example.com,Germany,2019-01-18,Standard,2322.02
6512,Christopher Smith,christopher.smith6512@example.com,United Kingdom,2020-04-01,Premium,3019.02
6513,Paul Rodriguez,paul.rodriguez6513@example.com,Netherlands,2025-10-08,Standard,3446.43
6514,Kimberly Rodriguez,kimberly.rodriguez6514@example.com,United States,2021-05-17,Basic,422.68
6515,Linda Khan,linda.khan6515@example.com,Germany,2018-08-18,Premium,13824.06
6516,Daniel Martin,daniel.martin6516@example.com,Italy,2023-01-11,Standard,1026.56
6517,Kimberly Thompson,kimberly.thompson6517@example.com,Singapore,2023-06-12,Standard,2480.01
6518,Susan Nguyen,susan.nguyen6518@example.com,Italy,2019-09-08,Basic,216.72
6519,Fatima Perez,fatima.perez6519@example.com,India,2020-08-27,Standard,2199.81
6520,Michael White,michael.white6520@example.com,Japan,2019-10-05,Basic,388.82
6521,Yuki Gonzalez,yuki.gonzalez6521@example.com,Singapore,2019-07-20,Basic,349.27
6522,Sarah Rodriguez,sarah.rodriguez6522@example.com,Singapore,2019-02-08,Standard,2116.88
6523,Barbara White,barbara.white6523@example.com,Brazil,2025-09-09,Standard,1791.45
6524,Kimberly King,kimberly.king6524@example.com,Canada,2021-10-10,Standard,3640.00
6525,Donna Williams,donna.williams6525@example.com,United Arab Emirates,2023-10-04,Standard,670.95
6526,Margaret Rossi,margaret.rossi6526@example.com,Singapore,2024-12-16,Basic,262.68
6527,Karen Taylor,karen.taylor6527@example.com,Brazil,2022-05-07,Basic,82.65
6528,Nancy Smith,nancy.smith6528@example.com,Netherlands,2021-04-19,Basic,410.00
6529,Charles Nguyen,charles.nguyen6529@example.com,United Arab Emirates,2025-12-30,Basic,676.25
6530,Sofia Johnson,sofia.johnson6530@example.com,United Kingdom,2025-05-04,Standard,1170.17
6531,Anthony Ali,anthony.ali6531@example.com,Germany,2021-09-23,Standard,301.70
6532,Anthony Hill,anthony.hill6532@example.com,India,2021-12-14,Basic,481.07
6533,Ingrid Wilson,ingrid.wilson6533@example.com,India,2023-09-14,Standard,2140.96
6534,Patricia Allen,patricia.allen6534@example.com,United Kingdom,2025-06-12,Basic,122.03
6535,Mark Costa,mark.costa6535@example.com,Brazil,2023-01-26,Standard,2584.82
6536,Ashley Moore,ashley.moore6536@example.com,Singapore,2020-01-07,Standard,1605.76
6537,Fatima Davis,fatima.davis6537@example.com,Japan,2023-01-07,Premium,3929.00
6538,Charles Mueller,charles.mueller6538@example.com,Netherlands,2020-10-14,Standard,2033.60
6539,Donald Flores,donald.flores6539@example.com,Brazil,2018-09-12,Premium,11239.03
6540,Nancy White,nancy.white6540@example.com,France,2024-02-21,Standard,3362.09
6541,Andrew Khan,andrew.khan6541@example.com,Brazil,2020-12-22,Basic,737.62
6542,Michael Ramirez,michael.ramirez6542@example.com,Germany,2025-08-08,Standard,2341.83
6543,Anthony Chen,anthony.chen6543@example.com,Canada,2019-09-23,Basic,263.91
6544,Donna Anderson,donna.anderson6544@example.com,United States,2019-11-23,Standard,3150.79
6545,Margaret Lewis,margaret.lewis6545@example.com,Italy,2018-03-27,Standard,1627.30
6546,Linda Martinez,linda.martinez6546@example.com,United Kingdom,2023-07-04,Basic,118.02
6547,Donald Sanchez,donald.sanchez6547@example.com,Netherlands,2018-09-15,Standard,3779.27
6548,Lisa Davis,lisa.davis6548@example.com,Germany,2021-02-05,Standard,592.23
6549,Aarav Brown,aarav.brown6549@example.com,France,2022-02-02,Premium,6373.07
6550,Jessica Jackson,jessica.jackson6550@example.com,Mexico,2021-10-09,Standard,3573.37
6551,Lisa Ramirez,lisa.ramirez6551@example.com,Canada,2022-10-03,Basic,793.68
6552,Wei Wilson,wei.wilson6552@example.com,Netherlands,2025-05-19,Standard,2037.89
6553,Hans Clark,hans.clark6553@example.com,United States,2024-04-14,Standard,3317.41
6554,Michelle Thompson,michelle.thompson6554@example.com,France,2024-07-05,Basic,73.33
6555,Steven Clark,steven.clark6555@example.com,United States,2021-04-18,Basic,160.74
6556,Donald Garcia,donald.garcia6556@example.com,India,2025-08-19,Standard,1991.89
6557,Christopher Costa,christopher.costa6557@example.com,Spain,2024-06-29,Standard,1935.81
6558,Joseph Anderson,joseph.anderson6558@example.com,Australia,2018-07-09,Standard,3158.06
6559,Michelle Singh,michelle.singh6559@example.com,Singapore,2018-10-08,Basic,534.58
6560,Anthony Williams,anthony.williams6560@example.com,United Arab Emirates,2023-10-22,Standard,3936.63
6561,Paul Thompson,paul.thompson6561@example.com,United States,2018-12-27,Standard,326.97
6562,Lisa Silva,lisa.silva6562@example.com,Mexico,2018-11-17,Standard,552.77
6563,Lisa Wilson,lisa.wilson6563@example.com,United Kingdom,2022-07-21,Standard,1283.13
6564,John Flores,john.flores6564@example.com,Spain,2025-08-08,Basic,586.85
6565,Fatima Wilson,fatima.wilson6565@example.com,Australia,2020-09-22,Basic,399.82
6566,John Lopez,john.lopez6566@example.com,Spain,2025-07-03,Basic,711.58
6567,Paul Scott,paul.scott6567@example.com,Japan,2019-11-26,Standard,3785.82
6568,Robert Scott,robert.scott6568@example.com,Germany,2023-12-04,Standard,1329.19
6569,Mark King,mark.king6569@example.com,Netherlands,2022-08-16,Premium,12048.02
6570,Margaret Sanchez,margaret.sanchez6570@example.com,United Arab Emirates,2021-01-23,Standard,3546.58
6571,William Mueller,william.mueller6571@example.com,Germany,2021-05-09,Premium,8662.55
6572,Jennifer Lopez,jennifer.lopez6572@example.com,Italy,2022-07-16,Standard,1852.87
6573,Donald Moore,donald.moore6573@example.com,Singapore,2022-08-19,Premium,5990.40
6574,Mary Taylor,mary.taylor6574@example.com,Japan,2020-03-06,Standard,3112.68
6575,Hans Hernandez,hans.hernandez6575@example.com,Mexico,2022-11-14,Basic,325.17
6576,Mark Hill,mark.hill6576@example.com,India,2023-10-24,Basic,74.34
6577,Omar Scott,omar.scott6577@example.com,Singapore,2021-05-23,Standard,1235.98
6578,Andrew Hernandez,andrew.hernandez6578@example.com,Japan,2023-01-01,Standard,2722.26
6579,Karen Taylor,karen.taylor6579@example.com,Mexico,2020-06-08,Standard,3934.48
6580,Andrew Flores,andrew.flores6580@example.com,Germany,2019-01-12,Basic,648.30
6581,Nancy Ramirez,nancy.ramirez6581@example.com,Spain,2019-08-14,Standard,944.74
6582,Sarah Smith,sarah.smith6582@example.com,Spain,2022-04-01,Basic,633.79
6583,Donna Silva,donna.silva6583@example.com,Japan,2024-05-04,Premium,12467.65
6584,Sarah Costa,sarah.costa6584@example.com,Australia,2022-05-19,Basic,334.64
6585,Kimberly Jones,kimberly.jones6585@example.com,Canada,2025-06-01,Basic,789.08
6586,Barbara Rodriguez,barbara.rodriguez6586@example.com,Netherlands,2019-08-21,Standard,1123.37
6587,Ingrid Kim,ingrid.kim6587@example.com,United Arab Emirates,2025-03-29,Standard,718.33
6588,Matthew Scott,matthew.scott6588@example.com,United Kingdom,2018-08-03,Standard,1060.91
6589,Susan Anderson,susan.anderson6589@example.com,Japan,2021-01-10,Standard,402.29
6590,Matthew Singh,matthew.singh6590@example.com,Germany,2023-10-10,Basic,330.94
6591,Karen Ali,karen.ali6591@example.com,Japan,2021-08-31,Basic,396.62
6592,Jessica Brown,jessica.brown6592@example.com,Netherlands,2021-09-12,Basic,262.29
6593,Matthew Singh,matthew.singh6593@example.com,United Arab Emirates,2021-08-26,Basic,540.62
6594,Mark Chen,mark.chen6594@example.com,Singapore,2025-06-21,Standard,3681.01
6595,Lisa Robinson,lisa.robinson6595@example.com,Japan,2025-08-04,Standard,208.09
6596,Daniel Perez,daniel.perez6596@example.com,Italy,2019-06-24,Premium,13915.33
6597,Aarav Mueller,aarav.mueller6597@example.com,Australia,2020-12-05,Standard,2628.76
6598,Joshua Taylor,joshua.taylor6598@example.com,Australia,2020-07-07,Standard,829.31
6599,John White,john.white6599@example.com,France,2022-11-15,Standard,1549.50
6600,Thomas Taylor,thomas.taylor6600@example.com,United States,2021-04-10,Standard,773.52
6601,Yuki Allen,yuki.allen6601@example.com,France,2023-02-11,Standard,2918.36
6602,Lisa Rodriguez,lisa.rodriguez6602@example.com,India,2018-12-06,Premium,10210.44
6603,Jennifer Torres,jennifer.torres6603@example.com,India,2025-07-10,Basic,755.25
6604,Mary Perez,mary.perez6604@example.com,Spain,2019-02-19,Standard,1094.64
6605,Christopher Scott,christopher.scott6605@example.com,Japan,2018-12-25,Standard,2578.45
6606,Richard Lopez,richard.lopez6606@example.com,Italy,2024-04-23,Basic,400.56
6607,Donald Ramirez,donald.ramirez6607@example.com,Germany,2020-02-02,Standard,3445.99
6608,Wei Nguyen,wei.nguyen6608@example.com,United States,2021-02-17,Standard,689.66
6609,Susan Scott,susan.scott6609@example.com,Australia,2018-06-16,Premium,13961.21
6610,Sofia Allen,sofia.allen6610@example.com,Canada,2023-07-05,Standard,364.23
6611,Lisa Martinez,lisa.martinez6611@example.com,Canada,2023-12-06,Premium,5474.53
6612,Sandra Kim,sandra.kim6612@example.com,United Arab Emirates,2021-04-25,Basic,464.30
6613,Ingrid Clark,ingrid.clark6613@example.com,Mexico,2018-03-27,Standard,1468.26
6614,William Walker,william.walker6614@example.com,United Kingdom,2021-12-10,Premium,10013.48
6615,Margaret Miller,margaret.miller6615@example.com,Netherlands,2021-04-02,Basic,172.46
6616,Steven Gonzalez,steven.gonzalez6616@example.com,Singapore,2018-01-26,Premium,10157.65
6617,Donald Rossi,donald.rossi6617@example.com,Italy,2022-02-09,Basic,98.80
6618,John Ramirez,john.ramirez6618@example.com,Mexico,2019-09-20,Premium,13662.59
6619,William Miller,william.miller6619@example.com,Mexico,2023-02-10,Standard,1292.50
6620,Richard Robinson,richard.robinson6620@example.com,Brazil,2020-09-06,Premium,14563.55
6621,Elizabeth Williams,elizabeth.williams6621@example.com,Canada,2024-11-01,Standard,679.78
6622,Charles Thomas,charles.thomas6622@example.com,United Kingdom,2022-08-22,Basic,339.99
6623,Daniel Sanchez,daniel.sanchez6623@example.com,United Kingdom,2020-06-26,Basic,161.00
6624,Jennifer Clark,jennifer.clark6624@example.com,India,2023-09-21,Basic,17.74
6625,Hans Martinez,hans.martinez6625@example.com,India,2021-09-20,Standard,1485.81
6626,Anthony Robinson,anthony.robinson6626@example.com,United Arab Emirates,2018-08-10,Basic,539.56
6627,Betty Patel,betty.patel6627@example.com,Italy,2018-08-24,Basic,115.18
6628,Carlos Lee,carlos.lee6628@example.com,United States,2021-12-30,Premium,13744.47
6629,Yuki Ramirez,yuki.ramirez6629@example.com,United States,2022-10-12,Standard,2400.38
6630,Christopher Robinson,christopher.robinson6630@example.com,Netherlands,2018-10-18,Basic,777.18
6631,Jennifer Khan,jennifer.khan6631@example.com,Singapore,2022-04-19,Standard,1923.83
6632,Omar Hill,omar.hill6632@example.com,United Kingdom,2020-09-13,Standard,1586.91
6633,Richard Torres,richard.torres6633@example.com,Netherlands,2025-10-22,Basic,735.23
6634,Mary Patel,mary.patel6634@example.com,France,2023-12-10,Basic,225.50
6635,Donna Khan,donna.khan6635@example.com,Canada,2022-09-11,Standard,1457.22
6636,Patricia Lewis,patricia.lewis6636@example.com,Germany,2019-08-19,Standard,3470.61
6637,Fatima King,fatima.king6637@example.com,United Kingdom,2021-01-16,Standard,871.22
6638,Yuki Taylor,yuki.taylor6638@example.com,Japan,2021-10-01,Standard,2586.70
6639,Yuki Perez,yuki.perez6639@example.com,Mexico,2018-04-11,Basic,114.15
6640,John Martin,john.martin6640@example.com,Netherlands,2025-04-26,Premium,13776.94
6641,Christopher Ali,christopher.ali6641@example.com,Japan,2018-05-15,Standard,3160.42
6642,Michael Brown,michael.brown6642@example.com,Germany,2021-03-11,Standard,1687.13
6643,Lisa Rossi,lisa.rossi6643@example.com,Australia,2020-04-11,Standard,3103.02
6644,James Lee,james.lee6644@example.com,Netherlands,2022-02-17,Standard,2859.63
6645,Richard Robinson,richard.robinson6645@example.com,United States,2018-01-12,Basic,462.11
6646,Paul Jackson,paul.jackson6646@example.com,Netherlands,2020-12-15,Premium,5032.73
6647,Mark Williams,mark.williams6647@example.com,United Kingdom,2019-01-28,Standard,3187.90
6648,James Mueller,james.mueller6648@example.com,United States,2019-04-01,Standard,3311.88
6649,Nancy Ali,nancy.ali6649@example.com,Mexico,2019-11-26,Basic,441.44
6650,Yuki Anderson,yuki.anderson6650@example.com,United Arab Emirates,2025-01-14,Basic,655.81
6651,Sofia Walker,sofia.walker6651@example.com,Spain,2024-01-18,Premium,6863.46
6652,Kimberly Miller,kimberly.miller6652@example.com,Mexico,2022-12-26,Standard,1624.91
6653,Daniel Hill,daniel.hill6653@example.com,Italy,2020-08-27,Premium,14582.34
6654,Ingrid Torres,ingrid.torres6654@example.com,Netherlands,2025-11-13,Standard,462.92
6655,Patricia Singh,patricia.singh6655@example.com,India,2024-08-12,Standard,519.06
6656,Matthew Hill,matthew.hill6656@example.com,Germany,2020-10-10,Basic,573.98
6657,Robert Young,robert.young6657@example.com,United Arab Emirates,2022-03-20,Standard,1292.59
6658,Ashley Johnson,ashley.johnson6658@example.com,Italy,2020-11-21,Standard,2946.19
6659,John Harris,john.harris6659@example.com,Italy,2025-01-22,Standard,1324.86
6660,Daniel Martinez,daniel.martinez6660@example.com,India,2024-05-27,Basic,162.11
6661,Lisa Robinson,lisa.robinson6661@example.com,Brazil,2022-04-15,Premium,13245.06
6662,James Torres,james.torres6662@example.com,United Kingdom,2018-02-20,Standard,1982.10
6663,Ananya Lee,ananya.lee6663@example.com,Spain,2020-01-17,Standard,1910.63
6664,Donna Chen,donna.chen6664@example.com,Australia,2018-04-17,Basic,608.07
6665,Aarav Chen,aarav.chen6665@example.com,Italy,2018-09-23,Standard,660.87
6666,Margaret Allen,margaret.allen6666@example.com,United States,2019-04-27,Basic,21.11
6667,Joshua Anderson,joshua.anderson6667@example.com,United States,2024-08-03,Standard,2667.54
6668,Donna Moore,donna.moore6668@example.com,United States,2024-03-26,Basic,53.79
6669,Sandra Brown,sandra.brown6669@example.com,Germany,2019-07-11,Premium,8494.72
6670,Betty Chen,betty.chen6670@example.com,United States,2021-11-12,Standard,3730.45
6671,Wei Chen,wei.chen6671@example.com,Brazil,2023-03-20,Standard,3328.47
6672,Ashley Brown,ashley.brown6672@example.com,Spain,2024-08-08,Premium,8033.90
6673,Omar Harris,omar.harris6673@example.com,United Arab Emirates,2019-02-16,Standard,599.69
6674,Nancy Ramirez,nancy.ramirez6674@example.com,Netherlands,2024-09-23,Standard,3653.29
6675,Karen Ramirez,karen.ramirez6675@example.com,Brazil,2023-01-16,Premium,4629.64
6676,Christopher Hill,christopher.hill6676@example.com,Italy,2024-04-24,Standard,2806.22
6677,Donna Hernandez,,India,2019-05-08,Premium,14622.15
6678,Lisa Sanchez,lisa.sanchez6678@example.com,United Arab Emirates,2024-05-19,Standard,3748.25
6679,Wei Robinson,wei.robinson6679@example.com,Italy,2023-12-14,Basic,625.95
6680,Michelle Lopez,michelle.lopez6680@example.com,United States,2023-07-25,Standard,1556.31
6681,Margaret Robinson,margaret.robinson6681@example.com,United Arab Emirates,2023-11-21,Basic,332.85
6682,Donald Gonzalez,donald.gonzalez6682@example.com,Canada,2024-03-06,Standard,696.73
6683,Linda Young,linda.young6683@example.com,France,2023-09-19,Basic,359.42
6684,Charles Young,charles.young6684@example.com,Germany,2022-03-12,Standard,3480.60
6685,Michelle Flores,michelle.flores6685@example.com,India,2025-05-05,Standard,2290.25
6686,Susan Wright,susan.wright6686@example.com,Australia,2024-10-11,Standard,2399.02
6687,Donald Silva,donald.silva6687@example.com,India,2019-08-16,Premium,12049.28
6688,Jennifer Flores,jennifer.flores6688@example.com,Italy,2022-04-06,Standard,3589.82
6689,Margaret Patel,margaret.patel6689@example.com,United Kingdom,2022-04-12,Standard,3277.45
6690,Linda Torres,linda.torres6690@example.com,Australia,2024-07-25,Premium,9477.55
6691,Susan White,susan.white6691@example.com,United States,2020-05-21,Standard,2583.03
6692,Jessica Silva,jessica.silva6692@example.com,Japan,2020-06-06,Standard,350.50
6693,Ananya Sanchez,ananya.sanchez6693@example.com,Japan,2023-05-10,Standard,1620.86
6694,Jessica Perez,jessica.perez6694@example.com,United Kingdom,2022-10-01,Basic,551.64
6695,Patricia Rodriguez,patricia.rodriguez6695@example.com,France,2024-02-27,Standard,3833.20
6696,Thomas Walker,thomas.walker6696@example.com,Canada,2020-02-03,Standard,2322.42
6697,Betty Nguyen,betty.nguyen6697@example.com,Mexico,2020-03-17,Basic,232.31
6698,Lisa Davis,lisa.davis6698@example.com,Mexico,2019-11-08,Standard,3242.45
6699,William Nguyen,william.nguyen6699@example.com,Brazil,2025-03-26,Standard,1948.34
6700,Margaret Perez,margaret.perez6700@example.com,United States,2020-09-27,Basic,454.13
6701,Sarah Singh,sarah.singh6701@example.com,Singapore,2022-12-05,Basic,298.82
6702,Hans Kim,hans.kim6702@example.com,India,2021-08-26,Standard,3868.66
6703,Omar Chen,omar.chen6703@example.com,Brazil,2024-04-23,Standard,499.73
6704,Karen Wilson,karen.wilson6704@example.com,United Kingdom,2025-07-04,Premium,5916.49
6705,Karen Kim,karen.kim6705@example.com,India,2020-10-11,Standard,2111.04
6706,Omar Jones,omar.jones6706@example.com,India,2023-07-21,Premium,6572.34
6707,Donna Martinez,,Brazil,2019-10-09,Basic,40.13
6708,Sarah Allen,sarah.allen6708@example.com,Netherlands,2020-02-10,Premium,6946.96
6709,Omar White,omar.white6709@example.com,India,2022-09-07,Standard,908.52
6710,Michelle Taylor,michelle.taylor6710@example.com,Mexico,2019-02-16,Standard,1746.36
6711,Matthew Robinson,,Netherlands,2023-11-04,Basic,429.69
6712,Christopher Johnson,christopher.johnson6712@example.com,Netherlands,2021-01-20,Standard,1065.75
6713,Donna Kim,donna.kim6713@example.com,France,2019-03-11,Basic,48.35
6714,Fatima Jones,fatima.jones6714@example.com,United Kingdom,2023-06-17,Premium,12133.78
6715,Donna Walker,donna.walker6715@example.com,Germany,2021-11-29,Standard,1257.94
6716,Donna Martinez,donna.martinez6716@example.com,United States,2019-03-14,Premium,13060.41
6717,Robert Allen,robert.allen6717@example.com,Spain,2024-11-23,Standard,1779.50
6718,Michelle Kim,michelle.kim6718@example.com,United Kingdom,2025-01-14,Premium,9620.91
6719,Lisa Lewis,lisa.lewis6719@example.com,India,2020-05-10,Basic,422.94
6720,Steven Patel,steven.patel6720@example.com,Canada,2021-08-23,Premium,11316.31
6721,John Gonzalez,john.gonzalez6721@example.com,India,2022-06-09,Standard,402.20
6722,Jennifer Clark,jennifer.clark6722@example.com,United Arab Emirates,2025-09-15,Standard,813.21
6723,Barbara Martin,barbara.martin6723@example.com,India,2021-08-17,Basic,227.07
6724,David Smith,david.smith6724@example.com,Canada,2020-08-02,Basic,273.35
6725,Thomas Harris,thomas.harris6725@example.com,Italy,2019-11-26,Standard,747.53
6726,Jessica Torres,jessica.torres6726@example.com,Brazil,2018-12-08,Standard,3052.85
6727,Jessica Chen,jessica.chen6727@example.com,France,2022-04-26,Standard,1655.49
6728,Patricia Flores,patricia.flores6728@example.com,Singapore,2020-11-27,Basic,377.83
6729,Patricia Rossi,patricia.rossi6729@example.com,Australia,2018-07-27,Standard,3225.20
6730,Jessica Torres,jessica.torres6730@example.com,Canada,2018-07-30,Standard,1877.69
6731,Ingrid Thompson,ingrid.thompson6731@example.com,Germany,2021-10-13,Premium,3735.00
6732,Thomas Patel,thomas.patel6732@example.com,Canada,2019-12-28,Basic,0.36
6733,David Hernandez,david.hernandez6733@example.com,Canada,2023-06-21,Standard,1484.22
6734,Robert Harris,robert.harris6734@example.com,United Arab Emirates,2024-10-23,Standard,1482.25
6735,Thomas Chen,thomas.chen6735@example.com,Japan,2021-10-07,Basic,215.85
6736,Richard Wilson,richard.wilson6736@example.com,Australia,2022-05-25,Standard,1566.69
6737,James Rodriguez,james.rodriguez6737@example.com,Mexico,2018-10-03,Standard,1449.21
6738,Margaret Khan,margaret.khan6738@example.com,India,2024-03-10,Basic,93.26
6739,Ananya Flores,ananya.flores6739@example.com,India,2023-04-24,Premium,9134.46
6740,Andrew Brown,andrew.brown6740@example.com,United Kingdom,2021-05-30,Basic,474.12
6741,David Garcia,david.garcia6741@example.com,Singapore,2019-04-21,Basic,514.50
6742,Michael Kim,michael.kim6742@example.com,Mexico,2024-07-15,Standard,3659.86
6743,Sarah Allen,sarah.allen6743@example.com,Canada,2021-03-10,Premium,2088.92
6744,Jennifer Wilson,jennifer.wilson6744@example.com,India,2025-10-11,Basic,562.62
6745,Andrew Nguyen,andrew.nguyen6745@example.com,Canada,2021-03-11,Standard,3447.94
6746,Anthony Lee,anthony.lee6746@example.com,United Arab Emirates,2019-05-10,Standard,3349.62
6747,Fatima Johnson,fatima.johnson6747@example.com,France,2018-06-25,Premium,3977.91
6748,Michelle Allen,michelle.allen6748@example.com,Italy,2021-06-12,Standard,1856.19
6749,Steven Allen,steven.allen6749@example.com,Australia,2022-07-10,Basic,291.19
6750,Karen Wright,karen.wright6750@example.com,Japan,2019-08-25,Premium,8023.56
6751,Joshua Davis,joshua.davis6751@example.com,Australia,2023-02-16,Standard,3570.28
6752,Christopher Hill,christopher.hill6752@example.com,United Arab Emirates,2022-09-02,Basic,249.74
6753,Sarah Khan,sarah.khan6753@example.com,Canada,2021-07-07,Standard,927.28
6754,Elizabeth Rossi,elizabeth.rossi6754@example.com,Spain,2018-04-15,Premium,13601.59
6755,Michael Gonzalez,michael.gonzalez6755@example.com,India,2019-07-17,Premium,4830.47
6756,Daniel Sanchez,daniel.sanchez6756@example.com,Japan,2019-12-01,Basic,709.77
6757,Jessica Jackson,jessica.jackson6757@example.com,France,2018-02-20,Standard,2963.61
6758,Elizabeth Rossi,elizabeth.rossi6758@example.com,United Arab Emirates,2020-10-28,Basic,315.63
6759,Betty Walker,betty.walker6759@example.com,Spain,2020-09-21,Basic,799.26
6760,David Smith,david.smith6760@example.com,India,2020-10-08,Basic,749.83
6761,Hans Taylor,hans.taylor6761@example.com,Japan,2022-10-03,Standard,1875.84
6762,John Lewis,john.lewis6762@example.com,United States,2021-06-27,Standard,3136.48
6763,Michelle Rossi,michelle.rossi6763@example.com,Spain,2025-05-31,Standard,2710.57
6764,Hans Wright,hans.wright6764@example.com,Italy,2022-10-14,Standard,2891.65
6765,Donald Martin,donald.martin6765@example.com,Japan,2025-11-10,Premium,13394.67
6766,Ashley Young,ashley.young6766@example.com,Canada,2018-06-12,Basic,359.06
6767,Nancy Lopez,nancy.lopez6767@example.com,Singapore,2025-09-19,Basic,41.41
6768,Jessica Wilson,jessica.wilson6768@example.com,United Arab Emirates,2022-02-26,Standard,3447.00
6769,Mary Khan,mary.khan6769@example.com,Netherlands,2024-09-16,Standard,2915.80
6770,Ashley Martinez,ashley.martinez6770@example.com,Brazil,2019-07-18,Standard,1509.73
6771,Barbara Ramirez,barbara.ramirez6771@example.com,United Arab Emirates,2018-09-23,Standard,1860.10
6772,Wei Wright,wei.wright6772@example.com,Germany,2024-08-28,Standard,875.95
6773,Margaret Silva,margaret.silva6773@example.com,Netherlands,2025-12-16,Basic,570.65
6774,Donna Scott,donna.scott6774@example.com,United Kingdom,2020-06-18,Standard,2311.09
6775,Michael Scott,michael.scott6775@example.com,United Arab Emirates,2023-09-26,Standard,2390.92
6776,Matthew Kim,matthew.kim6776@example.com,Spain,2025-01-10,Standard,832.37
6777,Sandra Scott,sandra.scott6777@example.com,Japan,2018-03-29,Standard,2016.80
6778,Sofia Williams,sofia.williams6778@example.com,Spain,2020-08-09,Standard,1538.67
6779,Sandra Costa,sandra.costa6779@example.com,Canada,2023-11-05,Standard,2533.94
6780,Lisa Nguyen,lisa.nguyen6780@example.com,Singapore,2018-11-27,Standard,2956.78
6781,Yuki Nguyen,yuki.nguyen6781@example.com,Spain,2018-11-28,Standard,2673.04
6782,Christopher Thomas,christopher.thomas6782@example.com,Brazil,2018-08-22,Standard,1515.49
6783,Donald Kim,donald.kim6783@example.com,Brazil,2022-03-16,Premium,2079.69
6784,Emily Scott,emily.scott6784@example.com,United Arab Emirates,2021-05-03,Basic,453.07
6785,Wei Torres,wei.torres6785@example.com,Netherlands,2022-06-25,Standard,951.72
6786,Daniel Robinson,daniel.robinson6786@example.com,Australia,2025-11-25,Standard,3841.13
6787,William Costa,william.costa6787@example.com,Japan,2018-02-17,Premium,12554.27
6788,Donna Thompson,donna.thompson6788@example.com,Netherlands,2020-11-19,Premium,9181.78
6789,Sofia Thompson,sofia.thompson6789@example.com,United Kingdom,2019-10-30,Standard,3620.85
6790,Donna Perez,donna.perez6790@example.com,Germany,2020-02-13,Standard,2890.33
6791,Sofia Lee,sofia.lee6791@example.com,India,2021-04-19,Standard,565.82
6792,Anthony Wilson,anthony.wilson6792@example.com,India,2019-03-26,Standard,3698.73
6793,Fatima Miller,fatima.miller6793@example.com,Australia,2023-08-02,Premium,6012.09
6794,Michael Singh,michael.singh6794@example.com,Singapore,2022-10-23,Standard,1071.64
6795,Hans Thompson,hans.thompson6795@example.com,United States,2021-10-04,Basic,587.18
6796,Thomas Jones,thomas.jones6796@example.com,Brazil,2019-08-07,Standard,734.53
6797,Thomas Rodriguez,thomas.rodriguez6797@example.com,Italy,2023-06-18,Standard,3404.46
6798,Sandra Williams,sandra.williams6798@example.com,Germany,2025-08-10,Basic,137.99
6799,Aarav Wright,aarav.wright6799@example.com,Japan,2018-11-25,Premium,7737.53
6800,Kimberly Flores,kimberly.flores6800@example.com,Mexico,2020-07-31,Standard,1542.56
6801,Karen Singh,karen.singh6801@example.com,Spain,2021-08-04,Standard,3533.84
6802,Linda Jones,linda.jones6802@example.com,Brazil,2021-07-23,Basic,758.39
6803,Margaret Thomas,margaret.thomas6803@example.com,Brazil,2020-06-09,Basic,56.26
6804,Karen Hill,karen.hill6804@example.com,Germany,2020-09-04,Basic,792.43
6805,Michael Johnson,michael.johnson6805@example.com,Japan,2022-07-08,Basic,129.58
6806,Jessica Brown,jessica.brown6806@example.com,Italy,2021-10-01,Basic,625.18
6807,Donna Taylor,donna.taylor6807@example.com,United States,2018-04-20,Standard,1092.53
6808,Paul Miller,paul.miller6808@example.com,United States,2020-09-24,Standard,2878.94
6809,Karen Scott,karen.scott6809@example.com,Italy,2019-01-15,Basic,542.01
6810,John Rodriguez,john.rodriguez6810@example.com,United Kingdom,2021-06-01,Premium,2985.44
6811,Thomas Johnson,thomas.johnson6811@example.com,Brazil,2018-07-06,Standard,711.92
6812,Thomas Ramirez,thomas.ramirez6812@example.com,Spain,2024-03-03,Premium,8117.57
6813,Mark Kim,mark.kim6813@example.com,Germany,2020-01-23,Basic,607.59
6814,Charles Torres,charles.torres6814@example.com,Brazil,2018-02-14,Standard,996.57
6815,William Johnson,william.johnson6815@example.com,Spain,2021-06-29,Standard,2724.31
6816,Thomas Wilson,thomas.wilson6816@example.com,France,2021-06-05,Basic,103.77
6817,John Clark,john.clark6817@example.com,Singapore,2018-07-04,Standard,3258.20
6818,Charles Sanchez,charles.sanchez6818@example.com,United States,2025-01-20,Premium,5799.85
6819,Richard Davis,richard.davis6819@example.com,India,2021-09-29,Standard,3848.16
6820,Sandra Torres,sandra.torres6820@example.com,United States,2023-04-19,Standard,3087.39
6821,Elizabeth Singh,elizabeth.singh6821@example.com,Spain,2020-08-08,Standard,2467.82
6822,Daniel Ramirez,daniel.ramirez6822@example.com,Italy,2023-03-17,Basic,104.38
6823,Jennifer Young,jennifer.young6823@example.com,Netherlands,2018-11-11,Standard,2900.94
6824,Hans Hill,hans.hill6824@example.com,Japan,2024-07-12,Basic,443.45
6825,Fatima Scott,fatima.scott6825@example.com,Singapore,2023-02-03,Basic,392.89
6826,Donald Mueller,donald.mueller6826@example.com,India,2018-09-18,Standard,1027.40
6827,Donald Robinson,donald.robinson6827@example.com,United Kingdom,2020-05-22,Standard,2504.59
6828,Jennifer Wright,jennifer.wright6828@example.com,Germany,2024-11-22,Basic,365.18
6829,Aarav Hernandez,aarav.hernandez6829@example.com,Japan,2023-05-06,Premium,4922.72
6830,Sarah White,sarah.white6830@example.com,France,2021-07-30,Premium,6440.57
6831,Steven Clark,steven.clark6831@example.com,Netherlands,2018-12-13,Basic,516.16
6832,Sandra Rossi,sandra.rossi6832@example.com,Canada,2024-01-15,Standard,2310.98
6833,Yuki Johnson,yuki.johnson6833@example.com,Mexico,2025-05-16,Standard,1730.41
6834,Karen Rossi,karen.rossi6834@example.com,Germany,2025-01-09,Standard,2607.99
6835,Michael Thompson,michael.thompson6835@example.com,Netherlands,2021-07-30,Basic,408.00
6836,Michelle Gonzalez,michelle.gonzalez6836@example.com,Canada,2024-01-19,Basic,510.05
6837,Jessica Chen,jessica.chen6837@example.com,United Kingdom,2018-05-16,Standard,1574.45
6838,Sarah Martin,sarah.martin6838@example.com,Netherlands,2020-08-22,Standard,2417.41
6839,Mark Garcia,mark.garcia6839@example.com,India,2020-10-27,Standard,318.17
6840,Anthony Anderson,anthony.anderson6840@example.com,Singapore,2022-09-19,Standard,3606.34
6841,James Rodriguez,james.rodriguez6841@example.com,Italy,2023-04-02,Basic,770.83
6842,Robert Costa,robert.costa6842@example.com,Brazil,2024-04-08,Standard,2695.58
6843,Barbara Brown,barbara.brown6843@example.com,India,2022-01-10,Standard,2793.28
6844,Daniel Rossi,daniel.rossi6844@example.com,Germany,2025-07-22,Standard,1414.52
6845,Charles Silva,charles.silva6845@example.com,Brazil,2023-10-16,Basic,566.57
6846,Yuki Clark,yuki.clark6846@example.com,Italy,2023-08-24,Standard,3523.20
6847,Paul Nguyen,paul.nguyen6847@example.com,United Kingdom,2025-03-24,Basic,572.65
6848,Carlos Rodriguez,carlos.rodriguez6848@example.com,Netherlands,2019-03-10,Basic,609.83
6849,John Mueller,john.mueller6849@example.com,Netherlands,2019-07-27,Premium,10828.77
6850,James Moore,james.moore6850@example.com,Netherlands,2024-12-08,Premium,6034.62
6851,Hans Jones,hans.jones6851@example.com,Netherlands,2019-12-13,Basic,236.04
6852,Michael Khan,michael.khan6852@example.com,Spain,2023-07-08,Standard,2242.18
6853,James Moore,james.moore6853@example.com,United Arab Emirates,2018-04-05,Premium,14383.34
6854,Karen Scott,karen.scott6854@example.com,Brazil,2018-12-02,Standard,2182.90
6855,Thomas Moore,thomas.moore6855@example.com,Australia,2019-06-01,Premium,12004.68
6856,Karen Young,karen.young6856@example.com,France,2024-04-24,Premium,9131.98
6857,Donald Garcia,donald.garcia6857@example.com,United States,2019-04-27,Premium,8527.05
6858,Sandra Costa,sandra.costa6858@example.com,Germany,2019-10-06,Premium,6241.90
6859,Ingrid Brown,ingrid.brown6859@example.com,Spain,2021-04-18,Standard,1051.69
6860,Hans Johnson,hans.johnson6860@example.com,United Kingdom,2021-06-15,Standard,3392.41
6861,Wei Ramirez,wei.ramirez6861@example.com,Mexico,2024-11-18,Basic,699.89
6862,Wei Taylor,wei.taylor6862@example.com,Netherlands,2025-08-14,Standard,427.40
6863,Susan Patel,susan.patel6863@example.com,France,2020-07-21,Basic,410.74
6864,Michael Robinson,michael.robinson6864@example.com,Mexico,2023-08-11,Standard,3747.29
6865,Andrew Martinez,andrew.martinez6865@example.com,Singapore,2024-06-07,Standard,811.21
6866,Sandra Johnson,sandra.johnson6866@example.com,Japan,2019-05-12,Standard,600.07
6867,Yuki Gonzalez,yuki.gonzalez6867@example.com,Japan,2022-10-11,Premium,11981.45
6868,Charles Thomas,charles.thomas6868@example.com,Canada,2020-12-18,Premium,13990.25
6869,Omar Harris,omar.harris6869@example.com,Canada,2023-09-21,Basic,629.71
6870,David Robinson,david.robinson6870@example.com,Canada,2023-04-29,Standard,416.10
6871,Jessica Moore,jessica.moore6871@example.com,Netherlands,2023-03-01,Standard,1229.08
6872,Carlos Martinez,carlos.martinez6872@example.com,Australia,2025-08-28,Standard,1982.19
6873,Mary Khan,mary.khan6873@example.com,Australia,2019-07-20,Standard,1397.77
6874,Ananya Chen,ananya.chen6874@example.com,Canada,2018-10-27,Standard,3322.15
6875,Thomas Miller,thomas.miller6875@example.com,Canada,2024-08-21,Standard,3376.68
6876,Mary Patel,mary.patel6876@example.com,Australia,2018-02-17,Premium,8354.40
6877,Jessica Mueller,jessica.mueller6877@example.com,Mexico,2020-04-15,Standard,400.48
6878,John White,john.white6878@example.com,United Kingdom,2018-11-05,Basic,782.22
6879,Karen Taylor,karen.taylor6879@example.com,Singapore,2022-10-03,Standard,3179.87
6880,Mark Kim,mark.kim6880@example.com,Germany,2022-02-06,Basic,653.04
6881,Emily Taylor,emily.taylor6881@example.com,India,2022-10-05,Standard,655.69
6882,Anthony Miller,anthony.miller6882@example.com,India,2025-06-29,Basic,611.56
6883,Andrew Ali,andrew.ali6883@example.com,France,2019-08-04,Standard,1769.73
6884,Omar Garcia,omar.garcia6884@example.com,Singapore,2021-09-11,Standard,1395.42
6885,Mark Silva,mark.silva6885@example.com,United Arab Emirates,2021-07-21,Basic,428.25
6886,Elizabeth Sanchez,elizabeth.sanchez6886@example.com,Italy,2025-03-11,Standard,2574.49
6887,Patricia Wright,patricia.wright6887@example.com,Singapore,2024-11-11,Premium,9546.88
6888,Wei Martin,wei.martin6888@example.com,United Kingdom,2020-02-24,Basic,106.85
6889,Daniel Scott,daniel.scott6889@example.com,Germany,2021-11-25,Standard,2142.47
6890,Omar Wilson,omar.wilson6890@example.com,Italy,2025-01-18,Basic,266.61
6891,Ananya Hernandez,ananya.hernandez6891@example.com,United States,2021-10-08,Standard,306.47
6892,Ashley Lee,ashley.lee6892@example.com,Brazil,2025-06-19,Premium,8610.24
6893,Donna Singh,donna.singh6893@example.com,Spain,2023-01-22,Basic,646.64
6894,Lisa Taylor,lisa.taylor6894@example.com,Singapore,2021-04-22,Basic,729.66
6895,Daniel Lopez,daniel.lopez6895@example.com,Italy,2023-04-23,Standard,2070.89
6896,Donald Taylor,donald.taylor6896@example.com,United Arab Emirates,2021-01-25,Standard,2348.88
6897,Thomas Nguyen,thomas.nguyen6897@example.com,France,2022-10-16,Standard,1272.78
6898,Patricia Brown,patricia.brown6898@example.com,Australia,2024-05-16,Standard,2221.88
6899,Steven Rodriguez,steven.rodriguez6899@example.com,Japan,2022-11-15,Standard,678.44
6900,Sofia Chen,sofia.chen6900@example.com,Netherlands,2022-02-04,Standard,3248.84
6901,Ashley Robinson,ashley.robinson6901@example.com,Netherlands,2024-04-22,Standard,1536.22
6902,Ananya Jackson,ananya.jackson6902@example.com,Australia,2018-03-26,Standard,2414.68
6903,William Davis,william.davis6903@example.com,Singapore,2020-11-07,Premium,2316.65
6904,David White,david.white6904@example.com,India,2020-03-22,Standard,2491.60
6905,John Garcia,john.garcia6905@example.com,United States,2024-06-07,Basic,667.09
6906,Michelle Anderson,michelle.anderson6906@example.com,Spain,2020-11-01,Premium,8093.55
6907,Mark Torres,mark.torres6907@example.com,United Kingdom,2022-01-16,Premium,10689.57
6908,Michael Ali,michael.ali6908@example.com,Germany,2019-05-25,Standard,2805.42
6909,Ingrid Brown,ingrid.brown6909@example.com,India,2018-08-29,Standard,2666.52
6910,Joseph Mueller,joseph.mueller6910@example.com,Italy,2024-07-22,Standard,1329.16
6911,Yuki Patel,yuki.patel6911@example.com,United Arab Emirates,2023-12-16,Standard,1182.90
6912,Sarah Martinez,sarah.martinez6912@example.com,Mexico,2022-01-04,Standard,790.12
6913,Jessica Ramirez,jessica.ramirez6913@example.com,Singapore,2023-08-08,Premium,9689.89
6914,Thomas Torres,thomas.torres6914@example.com,France,2021-10-08,Standard,3720.53
6915,Karen Hill,karen.hill6915@example.com,United Arab Emirates,2021-12-22,Standard,2902.77
6916,Daniel Robinson,daniel.robinson6916@example.com,United Arab Emirates,2019-04-21,Basic,138.64
6917,Carlos Gonzalez,carlos.gonzalez6917@example.com,Brazil,2025-12-16,Basic,699.27
6918,Yuki Rossi,yuki.rossi6918@example.com,Netherlands,2019-08-12,Basic,351.56
6919,Michael King,michael.king6919@example.com,Singapore,2019-08-18,Standard,3740.75
6920,Sarah Johnson,sarah.johnson6920@example.com,Mexico,2020-05-04,Standard,1697.73
6921,Wei Rodriguez,wei.rodriguez6921@example.com,Canada,2023-03-06,Standard,1752.89
6922,Sarah Ali,sarah.ali6922@example.com,Spain,2021-02-07,Premium,14720.42
6923,Sarah Rossi,sarah.rossi6923@example.com,India,2025-06-11,Basic,293.27
6924,Jennifer Hernandez,jennifer.hernandez6924@example.com,Germany,2023-08-30,Standard,501.93
6925,Linda Johnson,linda.johnson6925@example.com,United Kingdom,2025-12-07,Standard,3503.91
6926,William Wright,william.wright6926@example.com,United Kingdom,2018-06-05,Basic,381.46
6927,Ananya Jackson,ananya.jackson6927@example.com,India,2024-08-04,Standard,1554.73
6928,Kimberly Ali,kimberly.ali6928@example.com,Brazil,2022-09-17,Basic,392.29
6929,Sarah Lopez,sarah.lopez6929@example.com,Germany,2021-07-27,Standard,2857.01
6930,Susan Silva,susan.silva6930@example.com,Spain,2023-02-15,Standard,935.40
6931,William Ali,william.ali6931@example.com,Germany,2024-10-26,Standard,1789.28
6932,Sofia Nguyen,sofia.nguyen6932@example.com,Singapore,2021-11-12,Standard,654.84
6933,James Rodriguez,james.rodriguez6933@example.com,Brazil,2022-12-12,Standard,3075.04
6934,Robert Taylor,robert.taylor6934@example.com,Spain,2025-01-10,Standard,1155.25
6935,Omar King,omar.king6935@example.com,United Arab Emirates,2024-05-20,Standard,2732.64
6936,Matthew Perez,matthew.perez6936@example.com,Brazil,2018-10-07,Standard,1572.53
6937,Daniel Walker,daniel.walker6937@example.com,United States,2021-12-29,Standard,889.76
6938,Emily Torres,emily.torres6938@example.com,Canada,2024-03-27,Standard,1922.07
6939,Mary Chen,mary.chen6939@example.com,India,2018-07-31,Basic,381.05
6940,Susan Anderson,susan.anderson6940@example.com,Singapore,2020-07-21,Standard,600.71
6941,William Flores,william.flores6941@example.com,Germany,2021-02-01,Standard,3777.10
6942,Sofia Martin,sofia.martin6942@example.com,United States,2019-10-17,Standard,2800.58
6943,Sandra Chen,sandra.chen6943@example.com,India,2024-10-20,Basic,511.12
6944,Omar Johnson,omar.johnson6944@example.com,Australia,2024-02-07,Standard,2921.49
6945,James Hill,james.hill6945@example.com,United Kingdom,2019-12-09,Premium,2357.75
6946,Ananya Patel,ananya.patel6946@example.com,Singapore,2019-10-04,Standard,3786.32
6947,Linda King,linda.king6947@example.com,Netherlands,2021-02-17,Standard,1519.24
6948,Jessica Hill,jessica.hill6948@example.com,Italy,2021-08-17,Basic,456.19
6949,Ingrid Williams,ingrid.williams6949@example.com,Germany,2018-11-05,Premium,12567.18
6950,Michelle Costa,michelle.costa6950@example.com,Japan,2023-03-18,Basic,756.86
6951,Linda Robinson,linda.robinson6951@example.com,Netherlands,2024-12-18,Standard,312.31
6952,David Gonzalez,david.gonzalez6952@example.com,United Arab Emirates,2024-03-06,Premium,8835.07
6953,Patricia Ramirez,patricia.ramirez6953@example.com,United Arab Emirates,2024-10-14,Basic,226.41
6954,Robert Robinson,robert.robinson6954@example.com,United Kingdom,2021-02-19,Standard,662.70
6955,Joseph Johnson,joseph.johnson6955@example.com,Japan,2025-01-05,Premium,9101.37
6956,Ashley Kim,ashley.kim6956@example.com,Italy,2023-06-08,Standard,1433.26
6957,Yuki Wright,yuki.wright6957@example.com,United States,2024-08-04,Standard,1487.36
6958,Hans Miller,hans.miller6958@example.com,United States,2021-04-30,Standard,2550.73
6959,Mark Lopez,mark.lopez6959@example.com,Australia,2022-08-16,Basic,497.62
6960,Yuki Sanchez,yuki.sanchez6960@example.com,United Kingdom,2023-08-17,Premium,7580.23
6961,Nancy Miller,nancy.miller6961@example.com,Canada,2021-03-25,Standard,3115.25
6962,William Williams,william.williams6962@example.com,United Arab Emirates,2020-07-14,Standard,2674.94
6963,Sarah Silva,sarah.silva6963@example.com,United Arab Emirates,2018-07-08,Standard,2791.52
6964,Omar Taylor,omar.taylor6964@example.com,United Kingdom,2019-03-11,Basic,389.60
6965,Matthew Taylor,matthew.taylor6965@example.com,United Arab Emirates,2021-04-26,Standard,2498.14
6966,Richard Torres,richard.torres6966@example.com,Canada,2022-10-10,Basic,627.29
6967,Fatima Silva,fatima.silva6967@example.com,Brazil,2020-11-16,Basic,774.92
6968,Mark Scott,mark.scott6968@example.com,Japan,2025-07-15,Basic,701.61
6969,Anthony Torres,anthony.torres6969@example.com,Singapore,2025-10-23,Standard,3613.81
6970,Lisa Wright,lisa.wright6970@example.com,France,2024-12-16,Standard,486.43
6971,Hans Garcia,hans.garcia6971@example.com,Spain,2022-11-24,Premium,7950.49
6972,Elizabeth Ramirez,elizabeth.ramirez6972@example.com,Canada,2023-08-27,Standard,1900.88
6973,Jessica Kim,jessica.kim6973@example.com,Japan,2024-11-08,Standard,3592.52
6974,Susan Robinson,susan.robinson6974@example.com,Canada,2019-10-18,Standard,1259.21
6975,Susan Davis,susan.davis6975@example.com,France,2021-12-30,Standard,2768.00
6976,Joshua King,joshua.king6976@example.com,United Arab Emirates,2020-11-25,Basic,785.74
6977,Mark Wright,mark.wright6977@example.com,Brazil,2018-01-12,Premium,5805.43
6978,Donald Patel,donald.patel6978@example.com,Australia,2021-11-12,Standard,459.43
6979,Steven Lewis,steven.lewis6979@example.com,Netherlands,2024-07-03,Standard,878.05
6980,Margaret Khan,margaret.khan6980@example.com,United Kingdom,2018-07-25,Basic,666.94
6981,Ingrid Costa,ingrid.costa6981@example.com,Germany,2025-06-30,Basic,775.22
6982,Carlos Hernandez,carlos.hernandez6982@example.com,Germany,2021-11-03,Standard,3149.99
6983,Linda Martinez,linda.martinez6983@example.com,United Arab Emirates,2023-06-05,Standard,3962.85
6984,Robert Martinez,,United States,2018-04-21,Basic,442.05
6985,Nancy Robinson,nancy.robinson6985@example.com,Singapore,2024-06-17,Standard,1525.92
6986,Donna Davis,donna.davis6986@example.com,United Kingdom,2025-11-30,Standard,1358.75
6987,Nancy Costa,nancy.costa6987@example.com,United States,2018-01-29,Standard,2405.27
6988,Carlos Smith,carlos.smith6988@example.com,India,2023-07-05,Basic,648.96
6989,Susan Clark,susan.clark6989@example.com,United States,2025-10-29,Standard,3824.18
6990,Mary Gonzalez,mary.gonzalez6990@example.com,France,2018-10-27,Basic,656.92
6991,Jessica Patel,jessica.patel6991@example.com,Spain,2020-02-14,Standard,675.04
6992,Steven Lee,steven.lee6992@example.com,United Arab Emirates,2024-01-05,Standard,1214.48
6993,Yuki Hill,yuki.hill6993@example.com,Brazil,2022-12-13,Basic,653.09
6994,Mary Mueller,mary.mueller6994@example.com,United States,2022-10-12,Standard,367.11
6995,Ashley Moore,ashley.moore6995@example.com,Canada,2021-02-12,Basic,629.74
6996,Jessica Lewis,jessica.lewis6996@example.com,United States,2021-02-11,Premium,11532.32
6997,Jennifer Rossi,jennifer.rossi6997@example.com,Brazil,2021-06-19,Basic,713.39
6998,Charles Gonzalez,charles.gonzalez6998@example.com,Brazil,2018-12-04,Standard,2709.21
6999,Aarav Harris,aarav.harris6999@example.com,United Arab Emirates,2025-11-17,Standard,1942.04
7000,Barbara Garcia,barbara.garcia7000@example.com,United Arab Emirates,2023-05-12,Basic,566.30
7001,Karen Smith,karen.smith7001@example.com,France,2022-03-15,Basic,666.67
7002,Margaret Ramirez,margaret.ramirez7002@example.com,United Kingdom,2021-04-04,Premium,11884.07
7003,Carlos Young,carlos.young7003@example.com,France,2019-11-29,Standard,2058.32
7004,Lisa Anderson,lisa.anderson7004@example.com,France,2019-03-22,Standard,2958.01
7005,Joshua Allen,joshua.allen7005@example.com,United Kingdom,2022-09-10,Standard,987.51
7006,Thomas Singh,thomas.singh7006@example.com,Canada,2025-02-05,Standard,811.93
7007,Susan Ali,susan.ali7007@example.com,Singapore,2024-07-25,Standard,3371.09
7008,Kimberly Hernandez,kimberly.hernandez7008@example.com,Mexico,2018-04-08,Premium,2185.88
7009,Omar Davis,omar.davis7009@example.com,United Kingdom,2025-06-03,Standard,2844.95
7010,Charles Ali,charles.ali7010@example.com,Japan,2020-11-25,Standard,3707.38
7011,Daniel Clark,daniel.clark7011@example.com,Netherlands,2023-06-02,Standard,470.07
7012,Wei Moore,wei.moore7012@example.com,Brazil,2025-04-16,Premium,11044.49
7013,Matthew Smith,matthew.smith7013@example.com,Australia,2024-02-23,Standard,2438.57
7014,Joseph Torres,joseph.torres7014@example.com,Canada,2022-07-05,Premium,10913.09
7015,Sofia Martin,sofia.martin7015@example.com,Spain,2022-06-30,Standard,2067.89
7016,Wei Lewis,wei.lewis7016@example.com,Australia,2022-03-06,Basic,653.14
7017,Carlos Ramirez,carlos.ramirez7017@example.com,Singapore,2020-10-27,Standard,2026.50
7018,Betty Williams,betty.williams7018@example.com,United Kingdom,2018-02-04,Standard,2100.51
7019,Sofia Perez,sofia.perez7019@example.com,United Kingdom,2024-07-28,Basic,348.63
7020,Nancy Lee,nancy.lee7020@example.com,Canada,2023-07-05,Basic,291.01
7021,Charles Torres,charles.torres7021@example.com,Japan,2023-07-21,Standard,2211.04
7022,Donna Scott,donna.scott7022@example.com,United Kingdom,2023-04-02,Standard,1570.25
7023,Sofia Moore,sofia.moore7023@example.com,United States,2022-11-01,Premium,3001.06
7024,Omar Scott,omar.scott7024@example.com,United States,2022-08-24,Standard,3583.56
7025,David Hill,david.hill7025@example.com,Brazil,2025-08-14,Basic,185.73
7026,Kimberly Ramirez,kimberly.ramirez7026@example.com,France,2018-05-23,Basic,49.36
7027,Donald Rodriguez,donald.rodriguez7027@example.com,Singapore,2022-11-04,Standard,968.24
7028,John Thomas,john.thomas7028@example.com,Singapore,2018-12-26,Standard,1176.38
7029,Patricia Gonzalez,patricia.gonzalez7029@example.com,Italy,2020-02-17,Premium,14997.72
7030,Jessica Thomas,jessica.thomas7030@example.com,United Arab Emirates,2018-11-20,Basic,86.80
7031,Linda Allen,linda.allen7031@example.com,United States,2022-06-29,Standard,1543.84
7032,Steven Wright,steven.wright7032@example.com,Japan,2023-08-03,Standard,1415.17
7033,William Khan,william.khan7033@example.com,United Kingdom,2024-05-21,Standard,1692.24
7034,Nancy Jones,nancy.jones7034@example.com,Australia,2024-10-28,Standard,1938.34
7035,Thomas Thompson,thomas.thompson7035@example.com,Japan,2020-05-14,Standard,1406.05
7036,Mark Torres,mark.torres7036@example.com,Germany,2025-04-17,Basic,401.34
7037,Fatima Garcia,fatima.garcia7037@example.com,India,2021-11-30,Standard,3881.74
7038,Margaret Flores,margaret.flores7038@example.com,United Arab Emirates,2020-10-10,Standard,2696.79
7039,Susan Wright,susan.wright7039@example.com,Mexico,2021-12-26,Basic,568.47
7040,Sofia Wright,sofia.wright7040@example.com,France,2018-10-07,Standard,1963.11
7041,Paul Martinez,paul.martinez7041@example.com,Spain,2022-05-05,Standard,3635.04
7042,Omar Davis,omar.davis7042@example.com,Italy,2024-07-16,Standard,3974.11
7043,Ingrid Mueller,ingrid.mueller7043@example.com,France,2022-10-06,Standard,3750.23
7044,Karen Patel,karen.patel7044@example.com,Italy,2019-11-20,Standard,2449.26
7045,Betty Singh,betty.singh7045@example.com,France,2019-07-17,Basic,345.29
7046,Lisa Davis,lisa.davis7046@example.com,Mexico,2023-02-18,Standard,926.71
7047,Donald Torres,donald.torres7047@example.com,Mexico,2018-07-19,Basic,72.36
7048,James Rodriguez,james.rodriguez7048@example.com,United Arab Emirates,2023-07-19,Standard,3290.12
7049,Joshua Silva,joshua.silva7049@example.com,Netherlands,2024-12-15,Premium,6066.50
7050,Carlos Mueller,carlos.mueller7050@example.com,United Kingdom,2018-02-06,Standard,913.92
7051,Wei Robinson,wei.robinson7051@example.com,United Arab Emirates,2019-06-11,Standard,671.96
7052,Lisa Patel,lisa.patel7052@example.com,United States,2025-02-09,Premium,5562.21
7053,Daniel Rossi,daniel.rossi7053@example.com,United Kingdom,2021-06-02,Basic,652.41
7054,Carlos Moore,carlos.moore7054@example.com,United Kingdom,2019-09-09,Standard,335.47
7055,Betty Perez,betty.perez7055@example.com,Germany,2025-02-02,Standard,3209.56
7056,Joshua Wilson,joshua.wilson7056@example.com,India,2018-05-30,Basic,417.54
7057,Charles Gonzalez,charles.gonzalez7057@example.com,Australia,2019-06-10,Basic,258.43
7058,Yuki Wright,yuki.wright7058@example.com,France,2018-03-01,Premium,5055.23
7059,Ananya Young,ananya.young7059@example.com,Singapore,2024-09-04,Standard,3075.53
7060,Charles Jones,charles.jones7060@example.com,United Arab Emirates,2019-10-16,Standard,432.90
7061,Charles King,charles.king7061@example.com,Netherlands,2021-11-20,Standard,387.23
7062,Sarah White,sarah.white7062@example.com,Italy,2024-09-24,Premium,4760.66
7063,Jessica Lopez,jessica.lopez7063@example.com,Singapore,2024-07-21,Standard,2630.67
7064,Andrew Hill,andrew.hill7064@example.com,United States,2019-07-27,Basic,212.00
7065,James Martin,james.martin7065@example.com,Germany,2018-12-19,Basic,19.24
7066,Michelle Smith,michelle.smith7066@example.com,Canada,2025-07-04,Standard,2317.60
7067,Jessica Singh,jessica.singh7067@example.com,Italy,2020-09-16,Standard,3767.07
7068,William Silva,william.silva7068@example.com,Brazil,2025-01-22,Basic,514.46
7069,Ashley Ramirez,ashley.ramirez7069@example.com,France,2022-12-11,Standard,1711.78
7070,Mark Rodriguez,mark.rodriguez7070@example.com,Brazil,2020-07-11,Standard,1482.70
7071,Karen Scott,karen.scott7071@example.com,France,2023-04-02,Basic,750.09
7072,Barbara Harris,barbara.harris7072@example.com,Canada,2021-10-22,Standard,3587.00
7073,Jessica Nguyen,jessica.nguyen7073@example.com,Netherlands,2024-06-21,Standard,3030.91
7074,William Hill,william.hill7074@example.com,Brazil,2025-12-09,Standard,393.82
7075,William Jones,william.jones7075@example.com,United Arab Emirates,2025-03-13,Standard,573.24
7076,Thomas Anderson,thomas.anderson7076@example.com,Mexico,2018-07-27,Standard,1859.32
7077,Donald Flores,donald.flores7077@example.com,Japan,2024-11-15,Basic,515.23
7078,Nancy Allen,nancy.allen7078@example.com,France,2023-01-03,Standard,1997.99
7079,Susan Ali,susan.ali7079@example.com,Mexico,2018-10-14,Basic,665.08
7080,Joshua Hill,joshua.hill7080@example.com,Germany,2023-01-17,Basic,735.17
7081,Omar Hill,omar.hill7081@example.com,Brazil,2021-11-20,Premium,9792.91
7082,Andrew Khan,andrew.khan7082@example.com,India,2023-03-08,Basic,534.37
7083,Jennifer Jackson,jennifer.jackson7083@example.com,Canada,2019-01-02,Basic,337.14
7084,Yuki Lopez,yuki.lopez7084@example.com,United States,2025-12-02,Basic,313.28
7085,Ananya Rossi,ananya.rossi7085@example.com,Mexico,2018-12-30,Standard,374.26
7086,Fatima Moore,fatima.moore7086@example.com,Germany,2022-06-02,Basic,200.95
7087,Susan Sanchez,susan.sanchez7087@example.com,France,2020-05-11,Standard,3330.11
7088,Sofia Costa,sofia.costa7088@example.com,Netherlands,2022-09-10,Standard,2435.31
7089,Thomas Martinez,thomas.martinez7089@example.com,Netherlands,2025-12-08,Standard,228.33
7090,Patricia Robinson,patricia.robinson7090@example.com,United Kingdom,2022-12-14,Standard,1712.30
7091,Steven Thomas,steven.thomas7091@example.com,Brazil,2023-09-15,Standard,378.44
7092,Aarav Allen,aarav.allen7092@example.com,United Arab Emirates,2023-01-01,Basic,737.39
7093,Christopher Chen,christopher.chen7093@example.com,United States,2024-09-30,Standard,3680.81
7094,Richard Wright,richard.wright7094@example.com,Germany,2018-06-11,Basic,11.41
7095,Donna Williams,donna.williams7095@example.com,Spain,2022-09-29,Basic,169.37
7096,William Perez,william.perez7096@example.com,Singapore,2022-10-04,Standard,2652.48
7097,Donald Lewis,donald.lewis7097@example.com,France,2022-07-07,Basic,295.74
7098,Anthony Davis,anthony.davis7098@example.com,Japan,2025-05-19,Standard,1374.45
7099,Sandra Kim,sandra.kim7099@example.com,France,2021-01-28,Premium,12444.53
7100,Aarav Wilson,aarav.wilson7100@example.com,Italy,2021-03-21,Standard,3316.17
7101,Daniel Kim,daniel.kim7101@example.com,Netherlands,2025-07-07,Basic,330.49
7102,Kimberly Jackson,kimberly.jackson7102@example.com,Netherlands,2018-09-24,Basic,267.35
7103,Sofia Clark,sofia.clark7103@example.com,India,2019-05-11,Basic,372.43
7104,Ashley Wilson,ashley.wilson7104@example.com,Netherlands,2018-10-06,Standard,3306.98
7105,Steven White,steven.white7105@example.com,Italy,2023-08-09,Premium,7146.48
7106,Yuki Harris,yuki.harris7106@example.com,Singapore,2024-05-08,Standard,1571.54
7107,Donna Clark,donna.clark7107@example.com,Australia,2018-02-21,Standard,358.75
7108,Aarav Costa,aarav.costa7108@example.com,Germany,2025-11-29,Basic,175.14
7109,Sofia Lee,sofia.lee7109@example.com,Mexico,2022-06-07,Standard,2999.70
7110,Kimberly Taylor,kimberly.taylor7110@example.com,Canada,2018-02-05,Standard,2343.02
7111,Barbara Rodriguez,barbara.rodriguez7111@example.com,Italy,2020-12-23,Standard,1486.34
7112,Donald Nguyen,donald.nguyen7112@example.com,Singapore,2020-03-21,Standard,1922.00
7113,William Anderson,william.anderson7113@example.com,Australia,2018-07-04,Standard,1237.46
7114,Charles Martinez,charles.martinez7114@example.com,France,2020-05-26,Basic,45.93
7115,Michelle Walker,michelle.walker7115@example.com,Canada,2020-06-22,Premium,12270.98
7116,Elizabeth Lopez,elizabeth.lopez7116@example.com,United Kingdom,2019-05-15,Standard,261.34
7117,Ingrid Gonzalez,ingrid.gonzalez7117@example.com,Netherlands,2019-09-01,Standard,1383.31
7118,Wei Gonzalez,wei.gonzalez7118@example.com,United Kingdom,2024-10-23,Standard,2624.25
7119,John Garcia,john.garcia7119@example.com,Spain,2025-06-25,Basic,755.35
7120,Karen Torres,karen.torres7120@example.com,United Kingdom,2024-03-31,Standard,1189.14
7121,Sandra Ramirez,sandra.ramirez7121@example.com,Spain,2024-08-20,Standard,3277.96
7122,Richard Hill,richard.hill7122@example.com,Japan,2023-04-01,Premium,9000.46
7123,Susan Chen,susan.chen7123@example.com,France,2023-08-06,Basic,322.30
7124,Yuki Flores,yuki.flores7124@example.com,Brazil,2023-09-03,Premium,4025.78
7125,Karen Sanchez,karen.sanchez7125@example.com,Australia,2022-03-26,Standard,2508.75
7126,Omar Scott,omar.scott7126@example.com,United Arab Emirates,2025-09-03,Standard,3314.41
7127,Yuki Torres,yuki.torres7127@example.com,Germany,2023-10-23,Standard,1752.20
7128,David Singh,david.singh7128@example.com,United Arab Emirates,2018-03-09,Basic,423.50
7129,Nancy Nguyen,nancy.nguyen7129@example.com,Netherlands,2025-02-06,Standard,1823.26
7130,Andrew Walker,andrew.walker7130@example.com,Australia,2022-04-07,Basic,452.45
7131,Elizabeth Wilson,elizabeth.wilson7131@example.com,Netherlands,2019-08-08,Basic,261.92
7132,Sofia Hernandez,sofia.hernandez7132@example.com,Spain,2021-05-30,Standard,2927.79
7133,Anthony Wright,anthony.wright7133@example.com,Mexico,2025-12-24,Basic,132.52
7134,Patricia Rossi,patricia.rossi7134@example.com,Brazil,2019-12-26,Standard,931.26
7135,Yuki Singh,yuki.singh7135@example.com,Spain,2020-10-26,Standard,3525.91
7136,Margaret Clark,margaret.clark7136@example.com,United States,2021-12-18,Standard,580.49
7137,Karen Hill,karen.hill7137@example.com,Australia,2018-12-23,Basic,437.48
7138,Matthew Allen,matthew.allen7138@example.com,Japan,2024-02-27,Standard,1667.23
7139,Sofia Mueller,sofia.mueller7139@example.com,Japan,2023-04-13,Standard,3782.06
7140,Michelle Hernandez,michelle.hernandez7140@example.com,France,2024-10-10,Standard,3597.71
7141,Thomas Johnson,,Spain,2025-04-16,Basic,540.67
7142,Michelle White,michelle.white7142@example.com,Australia,2024-12-21,Premium,11194.59
7143,Anthony Garcia,anthony.garcia7143@example.com,France,2021-01-23,Standard,378.79
7144,Emily Wright,emily.wright7144@example.com,Spain,2020-08-21,Standard,3501.54
7145,Paul Thomas,paul.thomas7145@example.com,Canada,2022-06-07,Standard,2401.35
7146,Richard Moore,richard.moore7146@example.com,Mexico,2018-10-07,Standard,3257.10
7147,Ananya Wilson,ananya.wilson7147@example.com,Brazil,2024-10-03,Standard,3883.89
7148,Jessica Patel,jessica.patel7148@example.com,Japan,2018-01-10,Basic,72.85
7149,Yuki Hernandez,yuki.hernandez7149@example.com,Netherlands,2018-04-24,Standard,491.76
7150,Susan Miller,susan.miller7150@example.com,India,2020-01-09,Standard,318.10
7151,Aarav Martinez,aarav.martinez7151@example.com,Canada,2022-01-30,Standard,777.23
7152,Robert Gonzalez,robert.gonzalez7152@example.com,Singapore,2022-06-06,Standard,2621.21
7153,Yuki Wilson,yuki.wilson7153@example.com,France,2018-01-20,Standard,2455.86
7154,Barbara Garcia,barbara.garcia7154@example.com,United States,2020-01-22,Standard,1128.74
7155,Emily Hill,emily.hill7155@example.com,Brazil,2020-02-07,Basic,27.97
7156,Linda Lopez,linda.lopez7156@example.com,Mexico,2018-03-16,Standard,3610.75
7157,Jessica Miller,jessica.miller7157@example.com,Brazil,2023-06-14,Standard,2615.29
7158,Betty Torres,betty.torres7158@example.com,United States,2018-02-01,Standard,2856.79
7159,Omar Miller,omar.miller7159@example.com,Spain,2018-11-21,Standard,3814.63
7160,Matthew Perez,matthew.perez7160@example.com,United Arab Emirates,2020-05-20,Basic,656.66
7161,Barbara Jackson,barbara.jackson7161@example.com,Japan,2020-09-03,Basic,205.74
7162,Susan Allen,susan.allen7162@example.com,Brazil,2019-04-11,Basic,298.17
7163,Robert Lee,robert.lee7163@example.com,Brazil,2021-06-01,Standard,1854.38
7164,Linda Davis,linda.davis7164@example.com,Spain,2018-08-28,Standard,3612.06
7165,Omar Scott,omar.scott7165@example.com,United Kingdom,2023-05-31,Standard,734.40
7166,Barbara Williams,barbara.williams7166@example.com,United States,2018-07-10,Basic,498.60
7167,Wei Rossi,wei.rossi7167@example.com,United States,2024-02-12,Basic,746.47
7168,Richard Jackson,richard.jackson7168@example.com,Mexico,2025-03-12,Standard,633.32
7169,Susan Hernandez,susan.hernandez7169@example.com,Spain,2025-08-22,Premium,2164.05
7170,Lisa Hill,lisa.hill7170@example.com,Germany,2019-12-30,Basic,212.24
7171,Robert Wright,robert.wright7171@example.com,Spain,2021-12-05,Standard,910.23
7172,Mark Harris,mark.harris7172@example.com,United Kingdom,2025-05-09,Standard,3501.99
7173,David Garcia,david.garcia7173@example.com,Canada,2022-11-24,Standard,1975.83
7174,Daniel Rossi,daniel.rossi7174@example.com,Japan,2020-05-31,Standard,836.37
7175,Matthew Young,matthew.young7175@example.com,Canada,2018-12-08,Standard,1723.39
7176,Steven Davis,steven.davis7176@example.com,Australia,2023-04-03,Premium,12330.65
7177,Sofia Wright,sofia.wright7177@example.com,United Kingdom,2024-09-14,Standard,226.83
7178,Christopher Miller,christopher.miller7178@example.com,Japan,2022-06-15,Standard,3523.76
7179,Hans Hernandez,hans.hernandez7179@example.com,Germany,2018-03-06,Standard,848.40
7180,John Flores,john.flores7180@example.com,Canada,2023-06-03,Standard,2805.92
7181,Nancy Wilson,nancy.wilson7181@example.com,United States,2021-03-04,Standard,3792.61
7182,James White,james.white7182@example.com,Canada,2024-10-27,Basic,417.52
7183,Ingrid Jones,ingrid.jones7183@example.com,India,2018-04-23,Premium,7815.66
7184,Christopher Smith,christopher.smith7184@example.com,Japan,2021-08-03,Standard,822.50
7185,Charles Clark,charles.clark7185@example.com,Brazil,2018-09-13,Basic,186.15
7186,Ashley Allen,ashley.allen7186@example.com,Brazil,2024-11-03,Standard,2070.12
7187,Carlos Smith,carlos.smith7187@example.com,Italy,2020-07-19,Standard,3985.52
7188,Ananya Lewis,ananya.lewis7188@example.com,Spain,2021-04-19,Standard,3356.96
7189,Nancy Allen,nancy.allen7189@example.com,India,2018-02-01,Standard,520.00
7190,David Lewis,david.lewis7190@example.com,Spain,2024-09-02,Standard,3931.22
7191,Jessica Rossi,jessica.rossi7191@example.com,United Kingdom,2024-05-02,Premium,2335.38
7192,Omar Scott,omar.scott7192@example.com,United Kingdom,2018-02-14,Basic,288.81
7193,Jennifer Silva,jennifer.silva7193@example.com,Singapore,2020-03-02,Standard,1171.35
7194,Margaret Gonzalez,margaret.gonzalez7194@example.com,Japan,2018-05-08,Basic,58.40
7195,Michelle Hill,michelle.hill7195@example.com,United States,2020-01-03,Premium,5937.04
7196,Betty Lee,betty.lee7196@example.com,Spain,2023-04-06,Premium,10294.48
7197,Sarah Walker,sarah.walker7197@example.com,Italy,2018-12-30,Basic,368.71
7198,Wei Sanchez,wei.sanchez7198@example.com,India,2022-12-07,Standard,2353.61
7199,Steven Scott,steven.scott7199@example.com,Germany,2025-01-27,Standard,2697.98
7200,David Taylor,david.taylor7200@example.com,Brazil,2025-05-28,Basic,483.33
7201,Karen Patel,karen.patel7201@example.com,Spain,2018-11-25,Standard,3772.13
7202,Paul Chen,paul.chen7202@example.com,Mexico,2018-09-13,Standard,3672.87
7203,Michael Silva,michael.silva7203@example.com,France,2021-10-05,Basic,558.96
7204,Ashley Khan,ashley.khan7204@example.com,Brazil,2022-09-01,Standard,3628.05
7205,Donna Perez,donna.perez7205@example.com,Mexico,2022-06-23,Premium,11591.32
7206,Michael Walker,michael.walker7206@example.com,United Kingdom,2019-01-23,Premium,7848.06
7207,Karen Perez,karen.perez7207@example.com,United Arab Emirates,2023-06-03,Premium,13310.02
7208,Sandra Silva,sandra.silva7208@example.com,United Kingdom,2019-09-17,Basic,532.38
7209,Emily Smith,emily.smith7209@example.com,India,2020-07-31,Standard,1360.27
7210,Steven Hernandez,steven.hernandez7210@example.com,Spain,2019-07-11,Standard,1425.86
7211,Richard Rossi,richard.rossi7211@example.com,Mexico,2021-12-18,Premium,10269.44
7212,Ananya Khan,ananya.khan7212@example.com,France,2023-11-17,Standard,2343.31
7213,Donald Thomas,donald.thomas7213@example.com,Japan,2023-08-06,Standard,863.68
7214,Sandra Hernandez,sandra.hernandez7214@example.com,United Arab Emirates,2020-02-18,Standard,1016.85
7215,Carlos Perez,carlos.perez7215@example.com,United Arab Emirates,2025-09-04,Basic,501.61
7216,David Khan,david.khan7216@example.com,United States,2024-11-13,Basic,194.14
7217,Steven Sanchez,steven.sanchez7217@example.com,Germany,2024-10-19,Standard,3239.66
7218,Karen Costa,karen.costa7218@example.com,Japan,2021-03-17,Standard,1212.96
7219,Yuki Robinson,yuki.robinson7219@example.com,Japan,2020-08-10,Standard,1412.56
7220,Hans Sanchez,hans.sanchez7220@example.com,India,2019-06-21,Basic,568.09
7221,Joshua Jones,joshua.jones7221@example.com,Japan,2022-09-02,Standard,2713.75
7222,Betty Hernandez,betty.hernandez7222@example.com,United Kingdom,2023-04-23,Basic,199.14
7223,Joseph Thomas,joseph.thomas7223@example.com,United Arab Emirates,2018-01-13,Basic,751.26
7224,Aarav Hernandez,aarav.hernandez7224@example.com,Canada,2022-08-11,Premium,7513.65
7225,Jessica Moore,jessica.moore7225@example.com,Canada,2020-12-08,Basic,552.93
7226,William Garcia,william.garcia7226@example.com,Italy,2020-03-14,Standard,1170.62
7227,Omar Perez,omar.perez7227@example.com,Singapore,2022-08-30,Standard,1004.77
7228,David King,david.king7228@example.com,United Kingdom,2020-06-08,Standard,940.84
7229,Sandra Williams,sandra.williams7229@example.com,France,2022-01-30,Standard,1579.67
7230,Fatima Davis,fatima.davis7230@example.com,United Arab Emirates,2025-04-26,Basic,754.64
7231,Susan Moore,susan.moore7231@example.com,United Arab Emirates,2019-08-27,Basic,67.24
7232,Michael Robinson,michael.robinson7232@example.com,United Arab Emirates,2024-06-16,Standard,1206.91
7233,Andrew Perez,andrew.perez7233@example.com,France,2019-11-14,Standard,3108.18
7234,Jennifer Patel,jennifer.patel7234@example.com,Italy,2021-05-10,Standard,882.60
7235,Aarav Costa,aarav.costa7235@example.com,Germany,2023-09-03,Standard,616.71
7236,Lisa Jones,lisa.jones7236@example.com,Canada,2019-05-19,Standard,3919.07
7237,Anthony Moore,anthony.moore7237@example.com,Spain,2024-11-05,Basic,138.91
7238,Thomas Chen,thomas.chen7238@example.com,United Kingdom,2024-07-30,Standard,2465.68
7239,Steven Lewis,steven.lewis7239@example.com,Brazil,2020-04-16,Standard,1428.19
7240,Ananya Flores,ananya.flores7240@example.com,United Arab Emirates,2023-07-24,Standard,1623.70
7241,Ananya Torres,ananya.torres7241@example.com,India,2020-09-09,Basic,683.25
7242,Patricia Robinson,patricia.robinson7242@example.com,Canada,2020-12-05,Standard,1600.62
7243,Ananya Jones,ananya.jones7243@example.com,Germany,2021-02-12,Basic,384.09
7244,Andrew Lopez,andrew.lopez7244@example.com,United Arab Emirates,2020-08-18,Basic,38.97
7245,Sandra Scott,sandra.scott7245@example.com,India,2020-03-16,Standard,3991.04
7246,Mary Rossi,mary.rossi7246@example.com,United Kingdom,2020-10-25,Standard,1737.11
7247,Karen Thomas,karen.thomas7247@example.com,Japan,2025-03-06,Basic,544.44
7248,Matthew Hernandez,matthew.hernandez7248@example.com,Italy,2018-07-14,Standard,3953.59
7249,Aarav Jones,aarav.jones7249@example.com,Spain,2022-08-30,Basic,10.60
7250,Anthony Mueller,anthony.mueller7250@example.com,Australia,2019-04-13,Basic,580.32
7251,Matthew Hill,matthew.hill7251@example.com,Germany,2023-01-01,Standard,3669.91
7252,Joshua Miller,joshua.miller7252@example.com,United Kingdom,2018-09-19,Basic,415.10
7253,Ashley Hill,ashley.hill7253@example.com,Spain,2018-06-01,Basic,308.61
7254,James Ramirez,james.ramirez7254@example.com,Netherlands,2020-12-26,Premium,7691.02
7255,Daniel Nguyen,daniel.nguyen7255@example.com,Canada,2019-11-06,Premium,6139.47
7256,William Rossi,william.rossi7256@example.com,Canada,2022-08-29,Basic,35.28
7257,Thomas Silva,thomas.silva7257@example.com,United Arab Emirates,2023-05-23,Premium,4145.75
7258,Michelle Wright,michelle.wright7258@example.com,Singapore,2023-09-26,Standard,3855.31
7259,Aarav Rodriguez,aarav.rodriguez7259@example.com,United Kingdom,2018-09-04,Premium,9204.39
7260,Jennifer Taylor,jennifer.taylor7260@example.com,Mexico,2024-02-23,Basic,236.29
7261,Lisa Williams,lisa.williams7261@example.com,Mexico,2022-06-07,Basic,610.29
7262,Michelle Hill,michelle.hill7262@example.com,Netherlands,2023-01-29,Basic,404.20
7263,Thomas Hernandez,thomas.hernandez7263@example.com,United States,2025-04-05,Premium,2876.83
7264,Jennifer Moore,jennifer.moore7264@example.com,United Kingdom,2020-11-20,Basic,313.81
7265,Ananya Walker,ananya.walker7265@example.com,Brazil,2019-11-26,Standard,1137.43
7266,Paul Ramirez,paul.ramirez7266@example.com,India,2024-06-28,Premium,6786.78
7267,Kimberly Ali,kimberly.ali7267@example.com,India,2024-09-19,Basic,566.95
7268,Joshua Moore,joshua.moore7268@example.com,India,2025-05-26,Standard,1988.04
7269,Margaret Wilson,margaret.wilson7269@example.com,United Arab Emirates,2023-06-30,Basic,561.86
7270,Joshua Allen,joshua.allen7270@example.com,Germany,2018-04-28,Standard,1492.05
7271,Ashley Walker,ashley.walker7271@example.com,Spain,2024-09-26,Standard,2636.99
7272,Susan Harris,susan.harris7272@example.com,United States,2023-04-06,Standard,1385.16
7273,Aarav Miller,aarav.miller7273@example.com,Mexico,2020-06-13,Premium,9868.17
7274,Carlos Singh,carlos.singh7274@example.com,India,2018-01-19,Standard,3133.15
7275,Joseph Torres,joseph.torres7275@example.com,Germany,2021-10-28,Premium,14650.10
7276,Margaret Mueller,margaret.mueller7276@example.com,United Kingdom,2023-12-14,Premium,6622.34
7277,Emily Patel,emily.patel7277@example.com,Spain,2022-04-19,Standard,1817.03
7278,James Flores,james.flores7278@example.com,India,2021-06-12,Standard,2770.75
7279,Betty Johnson,betty.johnson7279@example.com,India,2018-12-02,Basic,637.76
7280,Jennifer Brown,jennifer.brown7280@example.com,France,2019-06-15,Premium,7062.46
7281,Wei Rodriguez,wei.rodriguez7281@example.com,Singapore,2025-05-08,Standard,1285.71
7282,Michael King,michael.king7282@example.com,Netherlands,2019-06-20,Premium,13109.87
7283,Daniel Nguyen,daniel.nguyen7283@example.com,Japan,2021-11-30,Standard,3934.14
7284,Joshua Patel,joshua.patel7284@example.com,Australia,2022-03-10,Standard,1113.53
7285,David Moore,david.moore7285@example.com,Brazil,2023-01-31,Standard,3102.38
7286,Donna Perez,donna.perez7286@example.com,Brazil,2022-09-06,Premium,13974.93
7287,Lisa Costa,lisa.costa7287@example.com,Brazil,2020-07-04,Basic,388.67
7288,Thomas Scott,thomas.scott7288@example.com,Netherlands,2021-12-15,Basic,581.94
7289,Sofia Martinez,sofia.martinez7289@example.com,United Kingdom,2019-11-30,Standard,3784.04
7290,Sofia Scott,sofia.scott7290@example.com,Australia,2023-02-19,Basic,634.49
7291,Aarav Brown,aarav.brown7291@example.com,Brazil,2021-08-22,Premium,12047.16
7292,David Walker,david.walker7292@example.com,Spain,2019-12-19,Standard,2560.43
7293,Andrew Singh,andrew.singh7293@example.com,Australia,2021-09-04,Basic,701.90
7294,Susan Flores,susan.flores7294@example.com,France,2025-08-11,Standard,3519.01
7295,Andrew Flores,andrew.flores7295@example.com,United States,2020-07-06,Premium,10642.05
7296,Nancy Moore,nancy.moore7296@example.com,United States,2018-08-30,Premium,9283.52
7297,Hans Garcia,hans.garcia7297@example.com,Italy,2018-12-03,Standard,3777.11
7298,Charles Martinez,charles.martinez7298@example.com,Italy,2021-08-03,Standard,1985.19
7299,Christopher Anderson,christopher.anderson7299@example.com,Japan,2021-10-27,Basic,55.35
7300,Richard Singh,richard.singh7300@example.com,Singapore,2023-05-29,Basic,300.09
7301,Jessica Perez,jessica.perez7301@example.com,France,2022-09-05,Standard,467.23
7302,William Rossi,william.rossi7302@example.com,United Kingdom,2018-03-31,Standard,1230.25
7303,Steven Thompson,steven.thompson7303@example.com,Australia,2020-10-04,Premium,4658.41
7304,Anthony Jones,anthony.jones7304@example.com,Mexico,2023-08-03,Premium,8832.50
7305,Richard Lewis,richard.lewis7305@example.com,United Kingdom,2025-04-19,Premium,6971.17
7306,Daniel Hill,daniel.hill7306@example.com,Germany,2025-05-23,Basic,174.81
7307,Steven Williams,steven.williams7307@example.com,Italy,2024-11-15,Standard,450.64
7308,Jennifer Harris,jennifer.harris7308@example.com,Germany,2020-04-08,Premium,14810.40
7309,Sofia Singh,sofia.singh7309@example.com,Japan,2022-03-11,Standard,1309.13
7310,Jennifer King,jennifer.king7310@example.com,Germany,2022-09-15,Standard,2680.23
7311,Margaret Brown,margaret.brown7311@example.com,Spain,2018-03-07,Standard,2595.75
7312,Richard Garcia,richard.garcia7312@example.com,United Arab Emirates,2024-03-16,Standard,2253.09
7313,Carlos Hernandez,carlos.hernandez7313@example.com,Canada,2018-05-09,Standard,2405.34
7314,Anthony Young,anthony.young7314@example.com,Italy,2022-08-20,Basic,398.94
7315,Sandra Robinson,sandra.robinson7315@example.com,Singapore,2022-09-01,Standard,1499.86
7316,Sandra Harris,sandra.harris7316@example.com,India,2021-05-08,Standard,1457.13
7317,Patricia Wilson,patricia.wilson7317@example.com,Japan,2019-03-30,Standard,2530.85
7318,Omar Taylor,omar.taylor7318@example.com,Netherlands,2019-03-31,Standard,609.94
7319,Patricia Rodriguez,patricia.rodriguez7319@example.com,Germany,2024-06-09,Standard,1397.51
7320,Susan Thomas,susan.thomas7320@example.com,Japan,2024-12-07,Basic,585.27
7321,William Gonzalez,william.gonzalez7321@example.com,Germany,2025-04-27,Standard,3795.55
7322,Jennifer Wilson,jennifer.wilson7322@example.com,Italy,2018-10-14,Standard,1383.04
7323,Ananya King,ananya.king7323@example.com,Italy,2018-04-27,Standard,1965.14
7324,Elizabeth Harris,elizabeth.harris7324@example.com,Australia,2019-07-22,Standard,3241.07
7325,Margaret Smith,margaret.smith7325@example.com,France,2019-03-11,Standard,1415.34
7326,Linda Mueller,linda.mueller7326@example.com,France,2023-09-08,Basic,382.01
7327,David Miller,david.miller7327@example.com,United Arab Emirates,2022-09-17,Basic,767.35
7328,Emily Thomas,emily.thomas7328@example.com,France,2025-05-31,Basic,108.65
7329,Omar Nguyen,omar.nguyen7329@example.com,United States,2019-12-15,Standard,2415.90
7330,Patricia Ramirez,patricia.ramirez7330@example.com,Singapore,2023-05-12,Standard,3689.26
7331,Daniel Hernandez,daniel.hernandez7331@example.com,United Kingdom,2020-07-26,Standard,3014.00
7332,Ingrid White,ingrid.white7332@example.com,Germany,2023-02-03,Standard,1955.97
7333,Linda Hernandez,linda.hernandez7333@example.com,United Kingdom,2024-01-09,Standard,1204.98
7334,Ingrid Scott,,Canada,2024-08-20,Standard,2745.61
7335,Fatima Nguyen,fatima.nguyen7335@example.com,France,2024-10-07,Basic,286.59
7336,Jennifer Harris,jennifer.harris7336@example.com,India,2025-01-03,Standard,2413.03
7337,Sofia Ali,sofia.ali7337@example.com,France,2021-07-08,Basic,668.97
7338,Betty Chen,betty.chen7338@example.com,France,2022-11-07,Basic,201.14
7339,Christopher Martinez,christopher.martinez7339@example.com,Mexico,2018-01-25,Standard,314.65
7340,Robert White,robert.white7340@example.com,Singapore,2019-10-02,Standard,3917.51
7341,Sofia King,sofia.king7341@example.com,Japan,2022-02-05,Standard,1454.89
7342,Ashley Smith,ashley.smith7342@example.com,Japan,2024-08-05,Basic,375.94
7343,Ashley Hill,ashley.hill7343@example.com,Netherlands,2018-07-04,Standard,674.75
7344,Yuki Martin,yuki.martin7344@example.com,United States,2024-11-28,Standard,2780.47
7345,Joseph Ramirez,joseph.ramirez7345@example.com,Netherlands,2025-03-13,Standard,3821.61
7346,John Mueller,john.mueller7346@example.com,Japan,2025-10-28,Premium,2362.17
7347,Omar Martin,omar.martin7347@example.com,Brazil,2023-06-04,Standard,3621.17
7348,John Patel,john.patel7348@example.com,France,2025-11-11,Standard,3432.34
7349,John Singh,john.singh7349@example.com,Australia,2019-02-05,Standard,1041.93
7350,Karen Smith,karen.smith7350@example.com,Mexico,2024-12-06,Basic,102.00
7351,Yuki Mueller,yuki.mueller7351@example.com,United Arab Emirates,2021-01-03,Premium,6550.65
7352,Christopher Lopez,christopher.lopez7352@example.com,France,2025-04-06,Standard,880.89
7353,Steven Ali,steven.ali7353@example.com,Singapore,2020-04-04,Basic,695.36
7354,Hans Scott,hans.scott7354@example.com,Brazil,2025-09-16,Basic,719.29
7355,Nancy Garcia,nancy.garcia7355@example.com,Spain,2018-08-02,Basic,338.32
7356,Betty King,betty.king7356@example.com,Canada,2021-11-24,Basic,286.86
7357,Sandra Davis,sandra.davis7357@example.com,India,2022-08-31,Standard,2773.90
7358,Jennifer Clark,jennifer.clark7358@example.com,Mexico,2021-05-20,Standard,3925.34
7359,Andrew Thomas,andrew.thomas7359@example.com,Italy,2020-09-05,Standard,1674.44
7360,Anthony Patel,anthony.patel7360@example.com,Mexico,2022-02-26,Premium,6076.59
7361,Omar Clark,omar.clark7361@example.com,United Arab Emirates,2018-10-21,Premium,4848.09
7362,Donna Perez,donna.perez7362@example.com,Germany,2020-02-07,Standard,700.46
7363,Lisa Jones,lisa.jones7363@example.com,India,2022-06-06,Standard,2506.57
7364,Robert Nguyen,robert.nguyen7364@example.com,United Kingdom,2025-03-11,Premium,11217.30
7365,Andrew Lewis,andrew.lewis7365@example.com,United Arab Emirates,2021-07-01,Basic,446.43
7366,Hans Khan,hans.khan7366@example.com,Mexico,2023-06-15,Basic,442.76
7367,Kimberly Walker,kimberly.walker7367@example.com,Singapore,2023-09-10,Standard,2584.40
7368,Anthony Mueller,anthony.mueller7368@example.com,Mexico,2022-10-07,Standard,3732.91
7369,Patricia Thompson,patricia.thompson7369@example.com,Spain,2018-07-28,Standard,1187.51
7370,Susan Harris,susan.harris7370@example.com,Singapore,2020-01-21,Standard,885.64
7371,Daniel Torres,daniel.torres7371@example.com,Australia,2020-10-22,Basic,106.52
7372,James Davis,james.davis7372@example.com,France,2022-07-19,Premium,9623.33
7373,Fatima Costa,fatima.costa7373@example.com,Brazil,2022-05-19,Premium,4649.39
7374,Michael Silva,michael.silva7374@example.com,Mexico,2023-08-20,Standard,3476.58
7375,Jessica Robinson,jessica.robinson7375@example.com,Spain,2018-03-11,Basic,669.48
7376,Lisa Chen,lisa.chen7376@example.com,Netherlands,2022-05-10,Standard,216.84
7377,Elizabeth Lopez,elizabeth.lopez7377@example.com,Australia,2020-02-12,Standard,1523.53
7378,Donald Wilson,donald.wilson7378@example.com,India,2023-07-02,Standard,1928.14
7379,Betty Flores,betty.flores7379@example.com,United Kingdom,2024-10-26,Basic,416.67
7380,Robert Smith,robert.smith7380@example.com,United Arab Emirates,2018-02-04,Basic,670.48
7381,Fatima Williams,fatima.williams7381@example.com,Italy,2019-10-15,Standard,1981.34
7382,Mary Wilson,mary.wilson7382@example.com,France,2023-11-16,Basic,139.29
7383,Mark Martin,mark.martin7383@example.com,Australia,2020-04-27,Basic,598.52
7384,Christopher Rodriguez,christopher.rodriguez7384@example.com,Germany,2021-10-30,Standard,3388.40
7385,Jennifer Davis,jennifer.davis7385@example.com,Italy,2019-09-12,Standard,248.89
7386,Jessica Wright,jessica.wright7386@example.com,Singapore,2022-10-25,Premium,13140.32
7387,Yuki Ali,yuki.ali7387@example.com,India,2023-09-02,Basic,532.96
7388,Anthony Rodriguez,anthony.rodriguez7388@example.com,Japan,2021-10-03,Standard,959.51
7389,Ananya Chen,ananya.chen7389@example.com,Italy,2019-02-26,Basic,75.11
7390,David Allen,david.allen7390@example.com,Brazil,2023-06-08,Basic,636.14
7391,Mary Wilson,mary.wilson7391@example.com,Australia,2022-04-26,Standard,1694.33
7392,Betty Kim,betty.kim7392@example.com,Mexico,2021-05-29,Basic,384.13
7393,Steven Jones,steven.jones7393@example.com,United Kingdom,2022-08-24,Standard,3816.30
7394,Christopher Nguyen,christopher.nguyen7394@example.com,India,2018-02-11,Standard,931.48
7395,Yuki Young,yuki.young7395@example.com,Italy,2019-12-10,Standard,2737.80
7396,Joshua Moore,joshua.moore7396@example.com,United States,2020-07-10,Basic,392.45
7397,Susan Thompson,susan.thompson7397@example.com,Germany,2025-06-22,Standard,3020.61
7398,Wei Gonzalez,wei.gonzalez7398@example.com,France,2021-11-05,Standard,679.35
7399,Omar Lewis,omar.lewis7399@example.com,India,2022-08-26,Basic,361.30
7400,Michael Nguyen,michael.nguyen7400@example.com,United States,2020-10-19,Standard,407.16
7401,Betty Allen,betty.allen7401@example.com,United States,2023-02-12,Standard,3200.81
7402,William Khan,william.khan7402@example.com,Australia,2021-09-12,Basic,121.41
7403,Michelle Jackson,michelle.jackson7403@example.com,Mexico,2018-10-23,Basic,400.40
7404,David Rossi,david.rossi7404@example.com,Japan,2020-09-01,Standard,2129.18
7405,David Smith,david.smith7405@example.com,Canada,2021-09-05,Basic,96.64
7406,Donna Robinson,donna.robinson7406@example.com,Australia,2021-01-03,Standard,2382.51
7407,Jessica Sanchez,jessica.sanchez7407@example.com,Australia,2021-12-12,Basic,352.37
7408,Daniel Rodriguez,daniel.rodriguez7408@example.com,United Kingdom,2019-07-03,Standard,2871.93
7409,Hans Harris,hans.harris7409@example.com,Mexico,2025-05-08,Premium,6261.26
7410,Sarah Ali,sarah.ali7410@example.com,Spain,2018-04-08,Basic,711.50
7411,William Torres,william.torres7411@example.com,Singapore,2020-12-15,Standard,2405.52
7412,Charles Gonzalez,charles.gonzalez7412@example.com,Italy,2020-11-14,Standard,3013.34
7413,Christopher Robinson,christopher.robinson7413@example.com,Netherlands,2022-08-04,Standard,3481.08
7414,Robert Rossi,robert.rossi7414@example.com,United Arab Emirates,2024-01-31,Basic,428.84
7415,Margaret Perez,margaret.perez7415@example.com,United States,2018-05-20,Standard,2886.73
7416,Donna Garcia,donna.garcia7416@example.com,Mexico,2021-11-20,Standard,2937.00
7417,Sofia Lewis,sofia.lewis7417@example.com,United Kingdom,2020-05-03,Standard,2344.42
7418,Ananya Mueller,ananya.mueller7418@example.com,India,2024-08-18,Basic,605.29
7419,Matthew Smith,matthew.smith7419@example.com,Mexico,2021-03-12,Basic,69.57
7420,Aarav Robinson,aarav.robinson7420@example.com,Australia,2019-03-11,Premium,9304.97
7421,Christopher Chen,christopher.chen7421@example.com,United States,2025-11-29,Standard,2218.00
7422,Paul Williams,paul.williams7422@example.com,Brazil,2019-07-11,Basic,0.57
7423,William Johnson,william.johnson7423@example.com,United Arab Emirates,2020-07-04,Basic,741.13
7424,Fatima Wilson,fatima.wilson7424@example.com,Japan,2019-02-15,Standard,3785.31
7425,David Smith,david.smith7425@example.com,Mexico,2024-12-05,Basic,341.54
7426,Donald Ramirez,donald.ramirez7426@example.com,Brazil,2019-11-03,Basic,755.41
7427,Richard Kim,richard.kim7427@example.com,France,2020-10-21,Standard,2112.49
7428,Matthew White,matthew.white7428@example.com,United States,2023-02-28,Standard,2634.28
7429,Donna Patel,donna.patel7429@example.com,India,2022-07-20,Standard,2705.54
7430,Christopher Young,christopher.young7430@example.com,Singapore,2020-03-04,Basic,471.16
7431,Ashley Walker,ashley.walker7431@example.com,France,2022-05-21,Premium,12643.11
7432,Richard Hill,richard.hill7432@example.com,Australia,2020-10-26,Standard,2958.05
7433,James Nguyen,james.nguyen7433@example.com,India,2021-01-13,Basic,790.19
7434,Emily Kim,emily.kim7434@example.com,Italy,2020-09-14,Standard,2930.99
7435,Patricia Silva,patricia.silva7435@example.com,Japan,2022-10-23,Standard,2228.44
7436,Patricia Hernandez,patricia.hernandez7436@example.com,Canada,2019-07-14,Standard,3876.93
7437,Barbara Ramirez,barbara.ramirez7437@example.com,Australia,2019-06-08,Basic,252.99
7438,Ashley Costa,ashley.costa7438@example.com,United States,2025-09-12,Standard,324.13
7439,Christopher King,christopher.king7439@example.com,United States,2019-01-07,Premium,12134.55
7440,Matthew Davis,matthew.davis7440@example.com,Mexico,2023-03-28,Basic,614.85
7441,James Williams,james.williams7441@example.com,United Arab Emirates,2024-07-03,Premium,10729.79
7442,John Lewis,john.lewis7442@example.com,Japan,2021-08-04,Standard,1179.01
7443,Mark Silva,mark.silva7443@example.com,Spain,2021-06-19,Basic,582.77
7444,Charles Thomas,charles.thomas7444@example.com,Netherlands,2024-06-02,Basic,185.58
7445,Andrew Patel,andrew.patel7445@example.com,Japan,2024-10-11,Basic,221.04
7446,Susan Miller,susan.miller7446@example.com,India,2024-06-14,Standard,1636.26
7447,Robert King,robert.king7447@example.com,Canada,2020-04-03,Standard,3844.42
7448,Daniel Jackson,daniel.jackson7448@example.com,Spain,2024-01-28,Premium,10286.21
7449,Ananya Ali,ananya.ali7449@example.com,Spain,2018-10-05,Standard,593.55
7450,Donna Kim,donna.kim7450@example.com,Netherlands,2021-12-18,Premium,9815.13
7451,Sofia Smith,sofia.smith7451@example.com,United Kingdom,2025-06-03,Standard,2394.17
7452,Robert Lopez,robert.lopez7452@example.com,Brazil,2024-12-20,Standard,2574.45
7453,Donna Williams,donna.williams7453@example.com,Germany,2019-07-26,Basic,197.52
7454,Paul Ali,paul.ali7454@example.com,Australia,2023-04-02,Standard,1678.92
7455,Margaret Williams,margaret.williams7455@example.com,Australia,2019-11-09,Basic,673.23
7456,Kimberly Torres,kimberly.torres7456@example.com,United Arab Emirates,2018-10-18,Basic,715.39
7457,Ingrid Martin,ingrid.martin7457@example.com,Germany,2024-04-29,Premium,9954.62
7458,Donald Scott,donald.scott7458@example.com,Brazil,2021-03-20,Standard,1302.75
7459,Omar Kim,omar.kim7459@example.com,Japan,2019-02-14,Standard,2140.03
7460,Anthony Thomas,anthony.thomas7460@example.com,Netherlands,2024-05-17,Standard,2725.14
7461,Aarav Flores,aarav.flores7461@example.com,Singapore,2023-01-08,Basic,564.52
7462,Barbara Harris,barbara.harris7462@example.com,Germany,2023-09-20,Basic,133.48
7463,James Walker,james.walker7463@example.com,United Arab Emirates,2021-06-19,Premium,9270.13
7464,Emily Lee,emily.lee7464@example.com,Germany,2019-03-08,Premium,3009.83
7465,Donald Allen,donald.allen7465@example.com,India,2022-11-28,Standard,3350.99
7466,Betty Lewis,betty.lewis7466@example.com,Mexico,2019-07-14,Standard,3952.65
7467,Wei Scott,wei.scott7467@example.com,United Kingdom,2018-05-17,Standard,3523.37
7468,Patricia Martinez,patricia.martinez7468@example.com,Brazil,2021-08-02,Standard,3254.54
7469,Sarah Williams,sarah.williams7469@example.com,Mexico,2020-01-31,Standard,1105.26
7470,James Wilson,james.wilson7470@example.com,Australia,2022-11-29,Standard,2057.45
7471,Donald Davis,donald.davis7471@example.com,Spain,2019-11-27,Standard,1211.90
7472,Joshua Walker,joshua.walker7472@example.com,United Kingdom,2022-03-29,Standard,1429.79
7473,Hans Robinson,hans.robinson7473@example.com,United Arab Emirates,2022-07-17,Premium,5663.45
7474,Anthony Walker,anthony.walker7474@example.com,Italy,2022-01-28,Basic,75.80
7475,Sofia Martin,sofia.martin7475@example.com,Brazil,2021-12-30,Standard,3108.97
7476,Daniel Lewis,daniel.lewis7476@example.com,Netherlands,2021-05-02,Basic,542.34
7477,Kimberly Wright,kimberly.wright7477@example.com,Singapore,2021-08-16,Premium,3813.45
7478,Anthony Kim,anthony.kim7478@example.com,Mexico,2024-06-06,Basic,773.71
7479,Fatima Davis,fatima.davis7479@example.com,India,2019-03-03,Basic,609.52
7480,Michael Davis,michael.davis7480@example.com,Australia,2023-05-06,Standard,3593.99
7481,Joseph Wright,joseph.wright7481@example.com,Canada,2021-08-02,Basic,367.96
7482,Charles Mueller,charles.mueller7482@example.com,United States,2025-04-12,Standard,1599.42
7483,Wei Clark,wei.clark7483@example.com,Singapore,2023-12-20,Basic,7.40
7484,Joshua Wright,joshua.wright7484@example.com,Italy,2020-05-08,Standard,3971.46
7485,Donna Anderson,donna.anderson7485@example.com,India,2025-11-17,Standard,430.02
7486,Hans Young,hans.young7486@example.com,Australia,2018-07-31,Standard,1144.77
7487,Aarav Martin,aarav.martin7487@example.com,United Arab Emirates,2021-11-10,Basic,301.46
7488,Omar Thomas,omar.thomas7488@example.com,Netherlands,2024-01-23,Basic,462.47
7489,Jessica Martin,jessica.martin7489@example.com,United Arab Emirates,2022-01-12,Standard,725.95
7490,Ingrid Lee,ingrid.lee7490@example.com,India,2018-11-12,Standard,1403.81
7491,Nancy Rossi,nancy.rossi7491@example.com,Japan,2025-02-26,Standard,707.21
7492,Richard Wright,richard.wright7492@example.com,Singapore,2025-03-05,Standard,969.61
7493,David Moore,david.moore7493@example.com,Italy,2019-08-19,Basic,371.19
7494,Matthew Davis,matthew.davis7494@example.com,Italy,2025-07-14,Standard,1680.80
7495,David Ali,david.ali7495@example.com,Japan,2025-02-01,Basic,302.27
7496,Sandra Mueller,sandra.mueller7496@example.com,Australia,2020-01-07,Standard,3820.16
7497,Susan Patel,susan.patel7497@example.com,Germany,2025-09-04,Standard,2314.74
7498,Ananya Moore,ananya.moore7498@example.com,Netherlands,2022-12-24,Standard,3057.98
7499,Omar Lopez,omar.lopez7499@example.com,Canada,2024-05-26,Standard,3965.33
7500,Richard Davis,richard.davis7500@example.com,United Kingdom,2020-01-03,Basic,579.12
7501,Sarah Garcia,sarah.garcia7501@example.com,Italy,2019-12-21,Basic,746.53
7502,Omar Anderson,omar.anderson7502@example.com,Netherlands,2025-10-26,Premium,2012.69
7503,Hans Sanchez,hans.sanchez7503@example.com,Germany,2025-09-07,Standard,2403.11
7504,Carlos Miller,carlos.miller7504@example.com,India,2021-01-29,Basic,273.38
7505,Sarah Jones,sarah.jones7505@example.com,Mexico,2019-11-04,Basic,254.64
7506,Kimberly Thomas,kimberly.thomas7506@example.com,Netherlands,2018-01-15,Premium,2665.16
7507,Joseph Thompson,joseph.thompson7507@example.com,United States,2020-04-11,Standard,3637.40
7508,David Allen,david.allen7508@example.com,Brazil,2020-02-21,Standard,1440.26
7509,Karen Flores,karen.flores7509@example.com,Brazil,2024-07-01,Premium,12573.21
7510,Paul Harris,paul.harris7510@example.com,Canada,2022-10-14,Standard,3347.61
7511,Steven Nguyen,steven.nguyen7511@example.com,Spain,2019-07-25,Basic,73.90
7512,Elizabeth Costa,elizabeth.costa7512@example.com,India,2018-09-02,Basic,419.61
7513,Barbara Wright,barbara.wright7513@example.com,Japan,2021-07-09,Standard,1666.55
7514,Aarav Wilson,aarav.wilson7514@example.com,Australia,2018-07-27,Standard,2803.85
7515,Kimberly Wright,kimberly.wright7515@example.com,United States,2024-06-19,Standard,845.99
7516,Lisa Wright,lisa.wright7516@example.com,Japan,2024-09-15,Standard,3207.41
7517,Aarav Jackson,aarav.jackson7517@example.com,United Arab Emirates,2025-06-14,Standard,1011.18
7518,Susan Jones,susan.jones7518@example.com,Germany,2018-03-09,Standard,3437.33
7519,Charles Harris,charles.harris7519@example.com,Brazil,2019-10-08,Premium,11674.86
7520,Elizabeth Allen,elizabeth.allen7520@example.com,Germany,2020-04-29,Basic,560.80
7521,Betty Martin,,Japan,2021-03-09,Standard,3174.98
7522,Wei Young,wei.young7522@example.com,Canada,2025-01-31,Standard,543.16
7523,Jessica Taylor,jessica.taylor7523@example.com,Italy,2020-06-30,Basic,686.76
7524,Yuki Williams,yuki.williams7524@example.com,Canada,2018-09-08,Standard,2910.65
7525,Omar Miller,omar.miller7525@example.com,Germany,2022-03-18,Standard,1839.82
7526,Hans Martinez,hans.martinez7526@example.com,India,2021-07-27,Standard,1362.90
7527,Charles Silva,charles.silva7527@example.com,Spain,2021-09-18,Premium,7898.29
7528,Matthew Martinez,matthew.martinez7528@example.com,Mexico,2021-12-12,Standard,488.62
7529,Michael Patel,michael.patel7529@example.com,France,2023-11-29,Premium,7550.86
7530,John Harris,john.harris7530@example.com,Netherlands,2022-08-26,Basic,597.97
7531,Sofia Chen,sofia.chen7531@example.com,United Kingdom,2022-05-15,Basic,712.81
7532,Charles Clark,charles.clark7532@example.com,Spain,2019-03-02,Standard,1880.35
7533,Michelle Chen,michelle.chen7533@example.com,Japan,2025-02-10,Standard,2572.19
7534,Carlos Harris,carlos.harris7534@example.com,United Kingdom,2021-07-03,Basic,221.97
7535,Mary Clark,mary.clark7535@example.com,Brazil,2024-02-14,Standard,2268.52
7536,Christopher Walker,christopher.walker7536@example.com,Germany,2019-08-28,Basic,727.34
7537,Margaret Thompson,margaret.thompson7537@example.com,United Kingdom,2025-08-30,Premium,5559.47
7538,Susan Costa,susan.costa7538@example.com,Germany,2021-11-20,Standard,1211.09
7539,Thomas Smith,thomas.smith7539@example.com,Netherlands,2018-10-05,Standard,2640.51
7540,James Singh,james.singh7540@example.com,United Kingdom,2024-11-30,Standard,2160.08
7541,Mary Hernandez,mary.hernandez7541@example.com,Spain,2018-04-15,Standard,3963.78
7542,Aarav Mueller,aarav.mueller7542@example.com,Australia,2022-11-12,Premium,7778.59
7543,Thomas Wright,thomas.wright7543@example.com,United Arab Emirates,2020-06-29,Standard,2696.82
7544,Ingrid Davis,ingrid.davis7544@example.com,Canada,2020-11-09,Standard,1929.31
7545,Hans Lee,hans.lee7545@example.com,Italy,2018-09-28,Standard,848.68
7546,Emily Khan,emily.khan7546@example.com,Netherlands,2024-06-29,Standard,875.54
7547,James Lopez,james.lopez7547@example.com,Spain,2024-02-27,Standard,474.45
7548,Ananya Lopez,ananya.lopez7548@example.com,Mexico,2025-08-17,Premium,6604.80
7549,Linda Lewis,linda.lewis7549@example.com,Japan,2018-01-15,Basic,96.16
7550,David Clark,david.clark7550@example.com,United Kingdom,2021-09-30,Standard,3866.47
7551,Christopher Silva,christopher.silva7551@example.com,Italy,2020-07-22,Premium,14829.07
7552,William Moore,william.moore7552@example.com,Mexico,2018-09-17,Basic,185.35
7553,Joshua Jackson,joshua.jackson7553@example.com,Germany,2025-09-19,Standard,3051.53
7554,Lisa Williams,lisa.williams7554@example.com,United Kingdom,2023-06-16,Basic,200.48
7555,Betty Martinez,betty.martinez7555@example.com,Germany,2024-04-17,Basic,184.28
7556,Charles Jackson,charles.jackson7556@example.com,United Arab Emirates,2025-08-13,Premium,12917.24
7557,Donald Kim,donald.kim7557@example.com,France,2020-05-12,Standard,2465.27
7558,Donna Moore,donna.moore7558@example.com,Italy,2024-04-21,Standard,3078.56
7559,Sofia King,sofia.king7559@example.com,Germany,2018-04-18,Premium,8795.58
7560,Aarav Taylor,aarav.taylor7560@example.com,France,2024-03-29,Basic,329.17
7561,Jessica Rodriguez,jessica.rodriguez7561@example.com,United States,2023-10-12,Standard,1413.43
7562,Mary Perez,mary.perez7562@example.com,Netherlands,2021-01-20,Basic,749.88
7563,Steven Young,steven.young7563@example.com,India,2024-07-22,Standard,305.38
7564,Christopher Davis,christopher.davis7564@example.com,United Arab Emirates,2020-05-15,Standard,1973.17
7565,David Miller,david.miller7565@example.com,United States,2023-06-03,Premium,5290.75
7566,Thomas Walker,thomas.walker7566@example.com,Germany,2024-05-15,Standard,607.44
7567,Robert Walker,robert.walker7567@example.com,France,2018-02-10,Premium,2384.31
7568,Fatima Taylor,fatima.taylor7568@example.com,Japan,2025-08-15,Standard,3580.73
7569,Omar Moore,omar.moore7569@example.com,Japan,2022-06-11,Basic,263.64
7570,Ashley Silva,ashley.silva7570@example.com,France,2021-02-13,Standard,2475.73
7571,Betty Harris,betty.harris7571@example.com,Brazil,2019-07-08,Basic,175.30
7572,Matthew Rossi,matthew.rossi7572@example.com,France,2023-04-09,Premium,5423.11
7573,Elizabeth Smith,elizabeth.smith7573@example.com,Japan,2018-01-07,Standard,933.25
7574,Kimberly Hill,kimberly.hill7574@example.com,Spain,2019-09-23,Standard,1551.24
7575,William Wright,william.wright7575@example.com,Mexico,2025-01-04,Standard,1271.75
7576,Karen Wilson,karen.wilson7576@example.com,Netherlands,2022-02-04,Standard,644.47
7577,Mary Rodriguez,mary.rodriguez7577@example.com,Netherlands,2025-12-12,Standard,1448.71
7578,Mark White,mark.white7578@example.com,United Arab Emirates,2022-10-30,Premium,7443.56
7579,Charles Scott,charles.scott7579@example.com,Germany,2025-06-22,Basic,592.45
7580,Margaret Gonzalez,margaret.gonzalez7580@example.com,Japan,2018-10-12,Standard,1947.75
7581,Elizabeth Taylor,elizabeth.taylor7581@example.com,Japan,2018-10-02,Basic,198.79
7582,Jessica Young,jessica.young7582@example.com,France,2019-10-04,Standard,2517.29
7583,Steven Anderson,steven.anderson7583@example.com,Germany,2018-02-16,Basic,167.35
7584,Michelle Silva,michelle.silva7584@example.com,Germany,2024-09-21,Basic,293.36
7585,Sofia Khan,sofia.khan7585@example.com,Australia,2018-06-21,Basic,417.53
7586,Paul Thompson,paul.thompson7586@example.com,Mexico,2024-04-08,Standard,3379.39
7587,Jessica Jackson,jessica.jackson7587@example.com,United States,2019-01-16,Basic,67.27
7588,Michelle Hill,michelle.hill7588@example.com,Italy,2021-06-01,Standard,1930.13
7589,Nancy Moore,nancy.moore7589@example.com,Germany,2025-07-15,Basic,695.54
7590,Mark Robinson,mark.robinson7590@example.com,Netherlands,2024-08-07,Premium,14385.94
7591,John Torres,john.torres7591@example.com,Brazil,2023-12-28,Basic,54.28
7592,Karen White,karen.white7592@example.com,Australia,2021-10-09,Basic,459.97
7593,Mark Anderson,mark.anderson7593@example.com,Canada,2018-05-09,Standard,2720.63
7594,Ingrid Singh,ingrid.singh7594@example.com,India,2023-04-10,Standard,981.26
7595,Betty Wright,betty.wright7595@example.com,Italy,2024-07-05,Basic,77.26
7596,Patricia King,patricia.king7596@example.com,United States,2021-04-16,Basic,648.29
7597,Fatima Singh,fatima.singh7597@example.com,United Arab Emirates,2021-07-09,Standard,1831.40
7598,Aarav Moore,aarav.moore7598@example.com,United States,2023-04-25,Basic,684.39
7599,David Miller,david.miller7599@example.com,Japan,2025-05-28,Basic,634.39
7600,Sandra Chen,sandra.chen7600@example.com,Canada,2025-08-06,Standard,2931.85
7601,Andrew Nguyen,andrew.nguyen7601@example.com,India,2023-09-05,Premium,8013.72
7602,Joseph Clark,joseph.clark7602@example.com,Netherlands,2018-10-15,Standard,651.12
7603,Thomas Wright,thomas.wright7603@example.com,Brazil,2024-03-27,Basic,733.76
7604,Anthony Lewis,anthony.lewis7604@example.com,Canada,2019-08-19,Basic,308.03
7605,Donald Khan,donald.khan7605@example.com,Singapore,2018-10-01,Standard,2302.26
7606,Elizabeth Costa,elizabeth.costa7606@example.com,Canada,2019-11-12,Standard,3428.09
7607,Hans Scott,hans.scott7607@example.com,Singapore,2023-12-28,Standard,2133.79
7608,Ananya Hernandez,ananya.hernandez7608@example.com,Spain,2024-07-13,Standard,443.13
7609,Betty Johnson,betty.johnson7609@example.com,France,2019-02-14,Standard,2932.36
7610,Daniel Singh,daniel.singh7610@example.com,Netherlands,2021-10-03,Basic,700.53
7611,Richard Robinson,richard.robinson7611@example.com,United States,2025-12-02,Basic,635.84
7612,Susan Robinson,susan.robinson7612@example.com,Germany,2019-05-23,Basic,423.69
7613,Lisa Torres,lisa.torres7613@example.com,Brazil,2018-03-31,Standard,2073.59
7614,Linda Ramirez,linda.ramirez7614@example.com,Singapore,2020-11-12,Basic,204.22
7615,Fatima Miller,fatima.miller7615@example.com,France,2018-01-10,Standard,218.16
7616,Sofia Rossi,sofia.rossi7616@example.com,Netherlands,2022-12-26,Standard,1604.45
7617,John Martinez,john.martinez7617@example.com,Singapore,2019-05-19,Standard,393.48
7618,Margaret Martin,margaret.martin7618@example.com,United States,2022-12-26,Basic,614.98
7619,Joshua Young,joshua.young7619@example.com,Australia,2023-11-17,Standard,3014.22
7620,Barbara Rossi,barbara.rossi7620@example.com,Spain,2021-09-14,Standard,3046.80
7621,Karen Martinez,karen.martinez7621@example.com,Germany,2020-12-31,Standard,1182.77
7622,Donna Ali,donna.ali7622@example.com,Singapore,2024-09-20,Standard,766.97
7623,Lisa Davis,lisa.davis7623@example.com,Spain,2024-09-09,Basic,384.35
7624,Richard Clark,richard.clark7624@example.com,Singapore,2021-08-10,Standard,3968.79
7625,Mark Rossi,mark.rossi7625@example.com,Japan,2023-03-06,Basic,669.05
7626,Omar Chen,omar.chen7626@example.com,Germany,2025-06-24,Basic,387.45
7627,Robert Brown,robert.brown7627@example.com,India,2020-02-08,Basic,779.14
7628,Sofia Khan,sofia.khan7628@example.com,Spain,2024-08-14,Premium,2716.86
7629,Margaret Khan,margaret.khan7629@example.com,Brazil,2019-05-09,Basic,446.60
7630,Richard Ali,richard.ali7630@example.com,Netherlands,2025-02-14,Standard,605.91
7631,Charles Anderson,charles.anderson7631@example.com,France,2018-09-08,Basic,770.41
7632,David Thompson,david.thompson7632@example.com,Netherlands,2018-08-30,Standard,377.62
7633,Linda Gonzalez,linda.gonzalez7633@example.com,Australia,2025-08-25,Basic,317.48
7634,Ashley Robinson,ashley.robinson7634@example.com,Brazil,2018-01-03,Standard,1863.71
7635,Elizabeth Lewis,elizabeth.lewis7635@example.com,Italy,2025-09-21,Standard,1981.11
7636,Mark Ramirez,mark.ramirez7636@example.com,India,2018-02-07,Standard,1759.65
7637,Hans Jackson,hans.jackson7637@example.com,Italy,2023-02-22,Standard,797.68
7638,Carlos Hill,carlos.hill7638@example.com,Italy,2021-04-19,Basic,168.53
7639,Emily Patel,emily.patel7639@example.com,United Arab Emirates,2022-07-26,Premium,8004.11
7640,William Hernandez,william.hernandez7640@example.com,Brazil,2018-05-22,Basic,115.07
7641,Daniel Martin,daniel.martin7641@example.com,Canada,2022-06-12,Standard,2633.33
7642,Joseph Torres,joseph.torres7642@example.com,Japan,2021-06-19,Premium,14942.95
7643,Sarah Walker,sarah.walker7643@example.com,Australia,2018-08-10,Premium,12740.09
7644,Matthew Robinson,matthew.robinson7644@example.com,Japan,2019-10-08,Basic,784.87
7645,John Singh,john.singh7645@example.com,Mexico,2018-03-29,Standard,1684.97
7646,Michael Lee,michael.lee7646@example.com,Italy,2021-12-08,Basic,26.25
7647,Barbara Sanchez,barbara.sanchez7647@example.com,Germany,2020-11-20,Basic,23.61
7648,Michelle Walker,michelle.walker7648@example.com,Singapore,2019-07-08,Standard,787.97
7649,Ingrid Singh,ingrid.singh7649@example.com,Singapore,2025-12-27,Premium,7615.48
7650,Mark Ramirez,mark.ramirez7650@example.com,India,2021-03-19,Standard,2692.74
7651,Christopher Anderson,christopher.anderson7651@example.com,United Kingdom,2021-02-11,Basic,125.42
7652,Ananya Davis,ananya.davis7652@example.com,Australia,2024-05-04,Standard,1254.66
7653,Nancy Anderson,nancy.anderson7653@example.com,Japan,2022-11-15,Basic,730.79
7654,Sandra Scott,sandra.scott7654@example.com,India,2024-03-19,Standard,3579.98
7655,Jessica King,jessica.king7655@example.com,India,2023-01-30,Premium,4916.57
7656,Linda Anderson,linda.anderson7656@example.com,Netherlands,2022-12-22,Standard,3457.58
7657,Hans Kim,hans.kim7657@example.com,France,2022-01-01,Standard,1462.54
7658,Lisa Rodriguez,lisa.rodriguez7658@example.com,India,2019-05-04,Standard,314.66
7659,James Mueller,james.mueller7659@example.com,India,2023-08-01,Standard,231.92
7660,David Flores,david.flores7660@example.com,United States,2024-04-21,Basic,318.78
7661,Ashley Moore,ashley.moore7661@example.com,United Kingdom,2020-02-22,Standard,1505.96
7662,Yuki Nguyen,yuki.nguyen7662@example.com,Singapore,2025-11-01,Standard,2275.42
7663,Margaret Kim,margaret.kim7663@example.com,United Arab Emirates,2021-07-26,Standard,2333.00
7664,Joshua Martinez,joshua.martinez7664@example.com,Germany,2021-07-08,Basic,344.71
7665,John Harris,john.harris7665@example.com,India,2025-06-18,Standard,1514.19
7666,Lisa Garcia,lisa.garcia7666@example.com,Netherlands,2024-08-02,Standard,3515.71
7667,Mark Khan,mark.khan7667@example.com,Canada,2024-07-24,Basic,160.60
7668,Kimberly Taylor,kimberly.taylor7668@example.com,Germany,2018-10-02,Standard,3373.42
7669,Barbara Robinson,barbara.robinson7669@example.com,France,2020-10-25,Basic,645.79
7670,Nancy King,nancy.king7670@example.com,Spain,2018-09-28,Standard,2572.77
7671,Ashley Ramirez,ashley.ramirez7671@example.com,Canada,2020-03-19,Standard,3764.09
7672,Anthony Silva,anthony.silva7672@example.com,France,2025-08-30,Premium,6897.19
7673,Christopher Martinez,christopher.martinez7673@example.com,Netherlands,2022-11-03,Basic,616.02
7674,Jessica Martinez,jessica.martinez7674@example.com,United Kingdom,2025-07-28,Basic,632.69
7675,Ingrid Lewis,ingrid.lewis7675@example.com,Spain,2023-09-21,Premium,3232.15
7676,James Miller,james.miller7676@example.com,Italy,2019-03-19,Standard,837.73
7677,Carlos Lewis,carlos.lewis7677@example.com,Japan,2024-01-02,Premium,5542.10
7678,Ingrid Scott,ingrid.scott7678@example.com,Spain,2020-10-25,Standard,1135.78
7679,Ingrid Martin,ingrid.martin7679@example.com,Netherlands,2025-04-07,Standard,2964.15
7680,Carlos Davis,carlos.davis7680@example.com,United Arab Emirates,2022-07-04,Basic,412.26
7681,Ashley Silva,ashley.silva7681@example.com,Germany,2018-02-03,Basic,582.26
7682,Kimberly Johnson,kimberly.johnson7682@example.com,Japan,2024-08-24,Standard,2510.50
7683,James Perez,james.perez7683@example.com,United Arab Emirates,2023-09-12,Basic,33.44
7684,Linda Moore,linda.moore7684@example.com,Germany,2021-03-03,Premium,11261.18
7685,Mary Perez,mary.perez7685@example.com,Japan,2019-04-06,Basic,555.90
7686,Patricia Perez,patricia.perez7686@example.com,Italy,2020-06-25,Standard,1496.84
7687,Ananya King,ananya.king7687@example.com,Spain,2022-11-05,Basic,648.29
7688,Donna Nguyen,donna.nguyen7688@example.com,United Kingdom,2019-03-09,Premium,12112.61
7689,Robert Miller,robert.miller7689@example.com,Australia,2024-05-17,Standard,1353.15
7690,Mary Rodriguez,mary.rodriguez7690@example.com,Canada,2019-10-21,Basic,730.07
7691,Charles Ramirez,charles.ramirez7691@example.com,Singapore,2022-09-25,Basic,620.62
7692,Elizabeth Allen,elizabeth.allen7692@example.com,Italy,2025-09-08,Premium,11413.14
7693,Daniel Torres,daniel.torres7693@example.com,Germany,2022-06-13,Standard,3153.84
7694,Patricia Robinson,patricia.robinson7694@example.com,France,2024-12-22,Basic,407.40
7695,Emily Taylor,emily.taylor7695@example.com,Italy,2021-08-07,Standard,2475.51
7696,Barbara Harris,barbara.harris7696@example.com,Mexico,2019-09-01,Premium,2006.34
7697,Joseph Garcia,joseph.garcia7697@example.com,France,2022-11-08,Basic,295.56
7698,Yuki Thompson,yuki.thompson7698@example.com,United Arab Emirates,2019-05-07,Standard,3084.25
7699,Betty Thompson,betty.thompson7699@example.com,Singapore,2023-09-30,Standard,2600.53
7700,Susan Johnson,susan.johnson7700@example.com,Mexico,2024-12-29,Standard,1512.38
7701,Patricia Martin,patricia.martin7701@example.com,Japan,2024-05-22,Standard,2766.57
7702,Betty Jackson,betty.jackson7702@example.com,Australia,2021-01-13,Standard,1536.50
7703,Kimberly Harris,kimberly.harris7703@example.com,Italy,2025-12-03,Premium,14116.92
7704,Christopher Gonzalez,christopher.gonzalez7704@example.com,United Kingdom,2019-06-05,Basic,677.62
7705,Mary Walker,mary.walker7705@example.com,France,2024-03-13,Basic,733.97
7706,Matthew Taylor,matthew.taylor7706@example.com,United Kingdom,2022-08-20,Premium,3283.58
7707,Susan Chen,susan.chen7707@example.com,India,2022-01-27,Basic,392.01
7708,Christopher Wright,christopher.wright7708@example.com,Japan,2018-02-24,Standard,2813.75
7709,Steven Gonzalez,steven.gonzalez7709@example.com,France,2018-05-29,Standard,2168.70
7710,Lisa Moore,lisa.moore7710@example.com,United Arab Emirates,2021-02-17,Standard,3393.52
7711,Yuki Patel,yuki.patel7711@example.com,Japan,2021-12-16,Standard,2345.47
7712,Steven Davis,steven.davis7712@example.com,United States,2022-11-11,Standard,2525.27
7713,Lisa Harris,lisa.harris7713@example.com,United Kingdom,2022-02-26,Standard,2724.36
7714,Joshua Clark,joshua.clark7714@example.com,Brazil,2022-11-20,Basic,550.67
7715,William Thomas,william.thomas7715@example.com,Germany,2018-12-06,Standard,3263.56
7716,Donald Perez,donald.perez7716@example.com,France,2019-05-18,Standard,2223.21
7717,Michelle Mueller,michelle.mueller7717@example.com,Netherlands,2021-11-11,Standard,3867.96
7718,Aarav Walker,aarav.walker7718@example.com,Singapore,2018-05-15,Basic,128.80
7719,William Allen,william.allen7719@example.com,Singapore,2023-02-05,Premium,8462.74
7720,Yuki Johnson,yuki.johnson7720@example.com,Mexico,2021-04-28,Standard,1578.85
7721,Mary Rodriguez,mary.rodriguez7721@example.com,Spain,2024-05-29,Basic,229.01
7722,Sandra Anderson,sandra.anderson7722@example.com,Spain,2020-05-24,Basic,222.06
7723,Ananya Jackson,ananya.jackson7723@example.com,Mexico,2018-10-27,Standard,316.47
7724,Susan Lopez,susan.lopez7724@example.com,Italy,2025-11-08,Basic,98.96
7725,Kimberly Ramirez,kimberly.ramirez7725@example.com,Italy,2022-10-15,Basic,773.07
7726,Andrew Patel,andrew.patel7726@example.com,Australia,2022-09-25,Premium,10316.50
7727,Sofia Taylor,sofia.taylor7727@example.com,Spain,2025-02-12,Standard,715.82
7728,Patricia Ali,patricia.ali7728@example.com,Canada,2025-06-04,Basic,697.99
7729,Charles Smith,charles.smith7729@example.com,Japan,2020-10-22,Standard,1138.22
7730,Sandra Scott,sandra.scott7730@example.com,United States,2018-12-14,Standard,2641.16
7731,Mark Walker,mark.walker7731@example.com,Netherlands,2024-12-18,Basic,602.35
7732,Ananya Anderson,ananya.anderson7732@example.com,United Arab Emirates,2021-03-03,Standard,741.37
7733,Christopher Wilson,christopher.wilson7733@example.com,Mexico,2019-06-16,Standard,708.94
7734,William White,william.white7734@example.com,Brazil,2023-05-08,Basic,360.81
7735,Barbara Robinson,barbara.robinson7735@example.com,India,2023-01-01,Standard,2762.92
7736,Patricia Hernandez,patricia.hernandez7736@example.com,Spain,2023-11-05,Basic,420.43
7737,Daniel Lopez,daniel.lopez7737@example.com,United Arab Emirates,2021-02-28,Premium,8842.31
7738,Margaret Williams,margaret.williams7738@example.com,Australia,2020-02-16,Standard,2218.73
7739,Donna Sanchez,donna.sanchez7739@example.com,Japan,2023-06-27,Basic,433.62
7740,Steven Martin,steven.martin7740@example.com,Netherlands,2018-03-06,Standard,3080.86
7741,Wei Jackson,wei.jackson7741@example.com,United Arab Emirates,2025-09-19,Standard,2578.25
7742,Donna Costa,donna.costa7742@example.com,India,2025-06-10,Standard,2111.28
7743,Joshua Martin,joshua.martin7743@example.com,Brazil,2018-08-18,Standard,3545.75
7744,Andrew Khan,andrew.khan7744@example.com,Singapore,2020-09-28,Basic,545.98
7745,Barbara King,barbara.king7745@example.com,United Kingdom,2025-03-27,Standard,2628.08
7746,Elizabeth Lee,elizabeth.lee7746@example.com,Canada,2022-09-16,Standard,2908.22
7747,Fatima Kim,fatima.kim7747@example.com,France,2022-08-13,Standard,3035.30
7748,Mark Kim,mark.kim7748@example.com,Spain,2018-10-07,Standard,2175.31
7749,Hans Torres,hans.torres7749@example.com,Australia,2020-05-31,Standard,2926.80
7750,Sofia Garcia,sofia.garcia7750@example.com,Singapore,2024-06-09,Basic,260.45
7751,Fatima Jackson,fatima.jackson7751@example.com,India,2024-07-27,Basic,108.05
7752,Robert Davis,robert.davis7752@example.com,India,2022-11-30,Basic,138.33
7753,Aarav Perez,aarav.perez7753@example.com,United States,2018-12-24,Basic,495.02
7754,Sandra Wilson,sandra.wilson7754@example.com,Mexico,2022-09-27,Standard,723.03
7755,Yuki Gonzalez,yuki.gonzalez7755@example.com,Netherlands,2024-07-17,Standard,1640.48
7756,Daniel Jackson,daniel.jackson7756@example.com,Mexico,2024-12-23,Basic,702.29
7757,Yuki Robinson,yuki.robinson7757@example.com,Italy,2023-05-15,Standard,2305.03
7758,Aarav Martinez,aarav.martinez7758@example.com,Netherlands,2019-07-08,Basic,16.26
7759,Emily Ali,emily.ali7759@example.com,United States,2018-05-04,Standard,570.19
7760,Thomas Lopez,thomas.lopez7760@example.com,Australia,2025-06-28,Standard,1781.62
7761,Patricia Sanchez,patricia.sanchez7761@example.com,Canada,2021-08-11,Standard,2056.08
7762,Donna Perez,donna.perez7762@example.com,Singapore,2024-07-14,Premium,11973.85
7763,Hans Williams,hans.williams7763@example.com,Australia,2022-12-29,Standard,572.99
7764,Omar Chen,omar.chen7764@example.com,United States,2025-06-11,Basic,409.00
7765,James Ali,james.ali7765@example.com,India,2023-10-10,Standard,2839.61
7766,Barbara Moore,barbara.moore7766@example.com,United Kingdom,2023-06-05,Standard,3459.67
7767,Ananya Jackson,ananya.jackson7767@example.com,Italy,2025-10-06,Basic,471.29
7768,Betty Ramirez,betty.ramirez7768@example.com,Spain,2019-06-11,Standard,2552.80
7769,Kimberly Gonzalez,kimberly.gonzalez7769@example.com,India,2019-04-16,Basic,365.31
7770,Donna Robinson,donna.robinson7770@example.com,India,2018-09-19,Standard,884.16
7771,Susan Taylor,susan.taylor7771@example.com,Germany,2021-09-03,Standard,1081.65
7772,Margaret Robinson,margaret.robinson7772@example.com,Brazil,2025-08-16,Standard,2039.43
7773,Mark Wilson,mark.wilson7773@example.com,Italy,2019-06-17,Standard,1674.41
7774,Ingrid Perez,ingrid.perez7774@example.com,Brazil,2021-08-14,Standard,382.74
7775,Wei Jones,wei.jones7775@example.com,Italy,2025-04-04,Premium,9673.76
7776,Joshua Garcia,joshua.garcia7776@example.com,Brazil,2023-05-10,Standard,485.05
7777,Yuki Patel,yuki.patel7777@example.com,Japan,2018-05-03,Standard,3831.17
7778,Anthony Garcia,anthony.garcia7778@example.com,Mexico,2024-09-08,Basic,28.18
7779,Thomas Sanchez,thomas.sanchez7779@example.com,Italy,2022-08-16,Standard,2496.14
7780,Ashley Chen,ashley.chen7780@example.com,United Kingdom,2019-01-05,Standard,1945.96
7781,Hans Hernandez,hans.hernandez7781@example.com,Germany,2022-02-17,Standard,1682.18
7782,Steven Chen,steven.chen7782@example.com,Netherlands,2018-07-26,Basic,174.42
7783,Daniel Silva,daniel.silva7783@example.com,United Arab Emirates,2024-06-04,Standard,1612.52
7784,Elizabeth White,elizabeth.white7784@example.com,Brazil,2022-04-05,Standard,2060.56
7785,Christopher Rossi,christopher.rossi7785@example.com,Japan,2019-01-19,Premium,11699.53
7786,Wei Young,wei.young7786@example.com,Italy,2020-07-06,Standard,2679.34
7787,Karen Robinson,karen.robinson7787@example.com,France,2022-08-28,Basic,599.33
7788,Robert Lopez,robert.lopez7788@example.com,Canada,2020-12-02,Standard,2515.69
7789,Aarav Hill,aarav.hill7789@example.com,Australia,2025-07-08,Standard,3741.74
7790,Michael Costa,michael.costa7790@example.com,United Kingdom,2022-12-13,Standard,1468.23
7791,Omar Martin,omar.martin7791@example.com,Mexico,2018-06-06,Standard,2415.66
7792,Robert Patel,robert.patel7792@example.com,India,2022-05-30,Standard,3576.96
7793,Betty Wilson,betty.wilson7793@example.com,United States,2025-04-24,Basic,315.09
7794,Matthew Martinez,matthew.martinez7794@example.com,Canada,2018-08-09,Basic,286.96
7795,Robert Harris,robert.harris7795@example.com,Brazil,2023-09-22,Standard,1956.82
7796,Sofia Ali,sofia.ali7796@example.com,United States,2021-05-15,Basic,671.42
7797,Steven Miller,steven.miller7797@example.com,Italy,2025-05-02,Premium,6731.29
7798,Hans Gonzalez,hans.gonzalez7798@example.com,Italy,2023-05-06,Basic,598.90
7799,Wei Patel,wei.patel7799@example.com,Australia,2022-02-03,Standard,3737.84
7800,Donald Patel,donald.patel7800@example.com,Netherlands,2024-09-05,Basic,253.52
7801,Sofia Wright,sofia.wright7801@example.com,Brazil,2023-04-05,Standard,2848.50
7802,Nancy White,nancy.white7802@example.com,Mexico,2024-07-23,Standard,2914.06
7803,John Walker,john.walker7803@example.com,United Kingdom,2025-10-11,Premium,9641.60
7804,Joshua Harris,joshua.harris7804@example.com,Mexico,2019-01-29,Standard,1437.50
7805,Fatima Scott,fatima.scott7805@example.com,Singapore,2023-05-13,Standard,235.97
7806,Wei Rodriguez,wei.rodriguez7806@example.com,Germany,2025-10-19,Standard,3336.42
7807,Susan Rodriguez,susan.rodriguez7807@example.com,Mexico,2020-03-09,Standard,1989.67
7808,Thomas Clark,thomas.clark7808@example.com,Canada,2020-10-19,Premium,7649.26
7809,Paul Wright,paul.wright7809@example.com,India,2023-08-09,Standard,2031.71
7810,Omar Rodriguez,omar.rodriguez7810@example.com,Canada,2023-11-26,Basic,212.73
7811,Omar Patel,omar.patel7811@example.com,Canada,2024-08-15,Standard,1542.14
7812,Anthony Silva,anthony.silva7812@example.com,Australia,2025-06-22,Premium,14840.08
7813,Lisa Perez,lisa.perez7813@example.com,United Kingdom,2019-09-28,Standard,1036.44
7814,Lisa White,lisa.white7814@example.com,Italy,2024-02-18,Basic,258.53
7815,Ashley Chen,ashley.chen7815@example.com,United Arab Emirates,2022-11-26,Premium,4534.47
7816,Wei Martinez,wei.martinez7816@example.com,Japan,2019-12-28,Basic,486.68
7817,Joseph Thomas,joseph.thomas7817@example.com,United Kingdom,2024-02-03,Standard,3444.67
7818,Kimberly Flores,kimberly.flores7818@example.com,India,2020-03-05,Standard,1532.85
7819,Joshua Kim,joshua.kim7819@example.com,Brazil,2019-10-04,Standard,1760.05
7820,Wei Martin,wei.martin7820@example.com,Brazil,2020-12-25,Basic,329.89
7821,Yuki White,yuki.white7821@example.com,Brazil,2025-09-04,Standard,773.38
7822,Kimberly Thomas,kimberly.thomas7822@example.com,United States,2019-05-19,Premium,14983.24
7823,Daniel Rossi,daniel.rossi7823@example.com,Japan,2024-02-16,Standard,386.65
7824,Paul Walker,paul.walker7824@example.com,Italy,2021-06-25,Standard,3311.53
7825,Daniel Silva,daniel.silva7825@example.com,Spain,2021-10-18,Premium,9058.18
7826,Ananya Smith,ananya.smith7826@example.com,United States,2019-03-22,Standard,205.73
7827,Ananya Scott,ananya.scott7827@example.com,Singapore,2022-09-19,Basic,389.19
7828,Ashley Taylor,ashley.taylor7828@example.com,Australia,2018-11-22,Standard,2435.43
7829,Mark Wright,mark.wright7829@example.com,Italy,2024-02-23,Basic,763.82
7830,Matthew Gonzalez,matthew.gonzalez7830@example.com,Netherlands,2025-02-09,Basic,236.54
7831,Hans Perez,hans.perez7831@example.com,Germany,2020-08-16,Standard,1341.32
7832,Mark Lewis,mark.lewis7832@example.com,Mexico,2022-07-31,Standard,3901.45
7833,Richard Walker,richard.walker7833@example.com,Singapore,2019-08-29,Standard,793.62
7834,Omar Ramirez,omar.ramirez7834@example.com,United Kingdom,2023-08-19,Basic,91.55
7835,Robert Thompson,robert.thompson7835@example.com,Germany,2023-06-10,Premium,5772.21
7836,Emily Patel,emily.patel7836@example.com,France,2021-07-06,Standard,391.06
7837,David Davis,david.davis7837@example.com,United States,2021-08-01,Standard,3651.48
7838,James Taylor,james.taylor7838@example.com,Netherlands,2022-09-03,Standard,300.40
7839,Donald Kim,donald.kim7839@example.com,United Kingdom,2024-09-03,Standard,488.93
7840,Daniel Nguyen,daniel.nguyen7840@example.com,Germany,2022-08-06,Standard,1635.07
7841,Andrew Wright,andrew.wright7841@example.com,United Arab Emirates,2021-07-22,Basic,464.48
7842,Joshua Scott,joshua.scott7842@example.com,Netherlands,2021-05-05,Premium,8300.96
7843,Carlos Anderson,carlos.anderson7843@example.com,India,2020-04-19,Standard,2533.19
7844,Ananya King,ananya.king7844@example.com,Japan,2023-01-19,Standard,3263.71
7845,Steven Mueller,steven.mueller7845@example.com,Spain,2021-11-19,Standard,3632.00
7846,Lisa Lewis,lisa.lewis7846@example.com,Canada,2025-01-31,Premium,9956.96
7847,Thomas Taylor,thomas.taylor7847@example.com,Netherlands,2024-09-27,Standard,3744.28
7848,Robert Ramirez,robert.ramirez7848@example.com,Mexico,2021-08-04,Standard,888.14
7849,Donald Taylor,donald.taylor7849@example.com,Brazil,2021-02-11,Standard,1100.61
7850,Aarav Hernandez,aarav.hernandez7850@example.com,Germany,2023-09-11,Premium,5564.14
7851,Sandra Lewis,sandra.lewis7851@example.com,United Arab Emirates,2018-10-25,Standard,3184.71
7852,Michelle Garcia,michelle.garcia7852@example.com,Netherlands,2024-04-24,Basic,666.09
7853,Donald Perez,donald.perez7853@example.com,Mexico,2025-07-02,Standard,2243.89
7854,Joseph Rodriguez,joseph.rodriguez7854@example.com,Singapore,2024-09-01,Basic,32.39
7855,Ingrid Johnson,ingrid.johnson7855@example.com,India,2024-08-10,Basic,9.84
7856,Charles Thompson,charles.thompson7856@example.com,Brazil,2020-07-31,Basic,303.83
7857,Emily White,emily.white7857@example.com,India,2024-05-12,Standard,455.20
7858,Joseph Moore,joseph.moore7858@example.com,United Kingdom,2021-04-04,Standard,1753.25
7859,Wei Mueller,wei.mueller7859@example.com,Canada,2019-07-06,Basic,150.76
7860,Joseph Thomas,joseph.thomas7860@example.com,United Arab Emirates,2018-08-15,Basic,619.82
7861,Hans Clark,hans.clark7861@example.com,Germany,2022-03-04,Standard,3533.67
7862,Richard Ali,richard.ali7862@example.com,Brazil,2021-07-09,Standard,3744.27
7863,Donna Chen,donna.chen7863@example.com,Mexico,2022-06-10,Standard,3990.62
7864,David Allen,david.allen7864@example.com,Italy,2019-05-07,Standard,2458.76
7865,James King,james.king7865@example.com,Brazil,2025-01-21,Standard,1435.82
7866,Donald Allen,donald.allen7866@example.com,Japan,2019-08-23,Standard,3157.42
7867,Donald Gonzalez,donald.gonzalez7867@example.com,Australia,2020-10-10,Standard,380.13
7868,Donald Robinson,donald.robinson7868@example.com,Spain,2023-10-13,Standard,2953.99
7869,Margaret Harris,margaret.harris7869@example.com,Mexico,2023-08-09,Standard,2697.92
7870,Ashley Allen,ashley.allen7870@example.com,United Arab Emirates,2021-10-04,Basic,780.87
7871,Hans Brown,hans.brown7871@example.com,France,2021-02-10,Standard,3984.62
7872,Wei Williams,wei.williams7872@example.com,United Kingdom,2024-09-26,Standard,1718.97
7873,Michelle Rossi,michelle.rossi7873@example.com,Netherlands,2018-04-22,Basic,549.01
7874,Mary Lewis,mary.lewis7874@example.com,Italy,2020-01-16,Standard,2821.00
7875,Elizabeth Sanchez,elizabeth.sanchez7875@example.com,Brazil,2023-10-18,Standard,801.69
7876,Charles Harris,charles.harris7876@example.com,India,2024-12-19,Standard,1356.30
7877,Jennifer Mueller,jennifer.mueller7877@example.com,Brazil,2019-05-11,Standard,457.21
7878,Mark Lee,mark.lee7878@example.com,Japan,2022-12-17,Standard,825.44
7879,Aarav Lee,aarav.lee7879@example.com,Italy,2024-08-14,Standard,3188.79
7880,Emily Robinson,emily.robinson7880@example.com,Japan,2025-07-12,Standard,2103.09
7881,James Young,james.young7881@example.com,India,2020-04-01,Standard,2824.59
7882,James White,james.white7882@example.com,Australia,2021-10-19,Standard,2550.63
7883,Donald Martinez,donald.martinez7883@example.com,Germany,2024-12-11,Standard,3793.11
7884,John Costa,john.costa7884@example.com,Italy,2018-04-09,Standard,1526.96
7885,Richard Williams,richard.williams7885@example.com,Australia,2023-01-11,Standard,890.36
7886,Ingrid Rodriguez,ingrid.rodriguez7886@example.com,India,2022-05-09,Standard,2280.54
7887,Emily Lewis,emily.lewis7887@example.com,Singapore,2020-01-21,Basic,386.80
7888,Kimberly Perez,kimberly.perez7888@example.com,Mexico,2024-03-30,Standard,3129.45
7889,Linda Jackson,linda.jackson7889@example.com,Italy,2024-06-07,Basic,136.52
7890,Jennifer Anderson,jennifer.anderson7890@example.com,Brazil,2020-09-15,Standard,209.58
7891,Margaret Khan,margaret.khan7891@example.com,United States,2023-12-08,Standard,1613.52
7892,Susan Williams,susan.williams7892@example.com,France,2025-08-31,Standard,3701.05
7893,Susan Ramirez,susan.ramirez7893@example.com,Netherlands,2023-10-15,Basic,743.09
7894,Margaret Lewis,margaret.lewis7894@example.com,Japan,2022-06-05,Standard,1817.15
7895,Wei Clark,wei.clark7895@example.com,Australia,2023-04-29,Premium,8249.73
7896,Daniel Torres,daniel.torres7896@example.com,Netherlands,2020-09-24,Standard,2993.05
7897,Hans Lee,hans.lee7897@example.com,Netherlands,2018-01-13,Standard,1410.12
7898,Sofia Silva,sofia.silva7898@example.com,United Arab Emirates,2022-12-16,Standard,2029.29
7899,Wei Rodriguez,wei.rodriguez7899@example.com,United States,2021-04-17,Standard,348.58
7900,Nancy Khan,nancy.khan7900@example.com,Italy,2023-12-24,Basic,520.79
7901,Sofia Allen,sofia.allen7901@example.com,United States,2025-01-17,Standard,2254.20
7902,Christopher Lee,christopher.lee7902@example.com,United Kingdom,2020-05-15,Standard,1501.93
7903,Steven Jackson,steven.jackson7903@example.com,Netherlands,2023-04-20,Basic,503.43
7904,John King,john.king7904@example.com,France,2019-04-13,Premium,2213.41
7905,Charles Garcia,charles.garcia7905@example.com,Netherlands,2023-03-28,Standard,2993.54
7906,Hans Martin,hans.martin7906@example.com,Canada,2022-07-22,Standard,1640.11
7907,Kimberly Chen,kimberly.chen7907@example.com,Netherlands,2025-08-19,Premium,12687.79
7908,Jennifer Perez,jennifer.perez7908@example.com,Spain,2022-04-16,Standard,3882.99
7909,Jennifer Anderson,jennifer.anderson7909@example.com,United States,2025-11-26,Standard,1246.87
7910,Wei Kim,wei.kim7910@example.com,United States,2018-06-19,Standard,3512.39
7911,Karen Perez,karen.perez7911@example.com,United States,2025-03-09,Standard,2304.18
7912,William Rodriguez,william.rodriguez7912@example.com,United States,2022-07-22,Standard,3521.73
7913,Andrew Flores,andrew.flores7913@example.com,United Arab Emirates,2025-04-19,Standard,1660.82
7914,Joshua Martin,joshua.martin7914@example.com,India,2022-11-26,Standard,2666.67
7915,Sofia Khan,sofia.khan7915@example.com,Spain,2023-09-05,Basic,756.35
7916,Yuki Anderson,yuki.anderson7916@example.com,Australia,2020-05-14,Basic,449.94
7917,Betty Jackson,betty.jackson7917@example.com,Singapore,2019-11-06,Standard,1356.73
7918,Christopher Costa,christopher.costa7918@example.com,Italy,2019-02-03,Standard,2041.15
7919,Kimberly Rossi,kimberly.rossi7919@example.com,India,2018-09-22,Standard,3172.92
7920,Ingrid Jackson,ingrid.jackson7920@example.com,Spain,2020-01-24,Basic,208.51
7921,Ananya Patel,ananya.patel7921@example.com,Mexico,2025-01-27,Basic,663.84
7922,Anthony Sanchez,anthony.sanchez7922@example.com,Spain,2024-10-24,Basic,28.17
7923,John Rossi,john.rossi7923@example.com,India,2020-05-17,Premium,9692.07
7924,Fatima Scott,fatima.scott7924@example.com,Italy,2024-03-03,Premium,13281.14
7925,Paul Mueller,paul.mueller7925@example.com,Spain,2019-11-10,Standard,3400.24
7926,Michael Martin,michael.martin7926@example.com,Mexico,2022-03-23,Premium,3423.36
7927,Mark Brown,mark.brown7927@example.com,Japan,2023-01-09,Standard,1000.88
7928,Ashley Smith,ashley.smith7928@example.com,Japan,2019-04-19,Basic,710.03
7929,Anthony Wright,anthony.wright7929@example.com,Canada,2020-07-01,Basic,714.65
7930,Joseph Patel,joseph.patel7930@example.com,Australia,2024-10-04,Standard,612.61
7931,Barbara Scott,barbara.scott7931@example.com,United States,2019-02-19,Premium,6953.29
7932,Christopher Taylor,christopher.taylor7932@example.com,Australia,2019-09-21,Basic,295.75
7933,Joseph Davis,joseph.davis7933@example.com,India,2020-06-16,Standard,1802.47
7934,William Lewis,william.lewis7934@example.com,Japan,2023-01-28,Standard,1699.72
7935,Ingrid Hernandez,ingrid.hernandez7935@example.com,United Arab Emirates,2024-07-20,Basic,283.72
7936,Ashley Mueller,ashley.mueller7936@example.com,France,2023-06-24,Standard,1264.37
7937,John Scott,john.scott7937@example.com,Mexico,2025-04-06,Premium,8572.95
7938,Mark Davis,mark.davis7938@example.com,Germany,2025-04-24,Standard,1037.79
7939,Hans Perez,hans.perez7939@example.com,Canada,2022-10-04,Basic,29.46
7940,Sarah Lopez,sarah.lopez7940@example.com,Singapore,2018-12-04,Standard,1207.21
7941,Ingrid Taylor,ingrid.taylor7941@example.com,United Arab Emirates,2022-09-06,Standard,1465.28
7942,Thomas Taylor,thomas.taylor7942@example.com,India,2020-01-30,Basic,344.11
7943,Charles Thompson,charles.thompson7943@example.com,Japan,2025-02-05,Standard,745.05
7944,Anthony Mueller,anthony.mueller7944@example.com,Italy,2022-02-20,Standard,1176.42
7945,Wei Singh,wei.singh7945@example.com,Netherlands,2019-04-15,Basic,668.18
7946,Carlos Robinson,carlos.robinson7946@example.com,France,2024-09-02,Standard,2122.73
7947,Margaret Rodriguez,margaret.rodriguez7947@example.com,Germany,2024-02-21,Premium,12503.67
7948,Mark Thomas,mark.thomas7948@example.com,United Arab Emirates,2021-08-25,Standard,2996.58
7949,Karen Lopez,karen.lopez7949@example.com,Spain,2022-09-04,Basic,1.94
7950,Ashley Jackson,ashley.jackson7950@example.com,Canada,2021-06-27,Standard,1858.92
7951,Hans Moore,hans.moore7951@example.com,United Kingdom,2022-11-19,Premium,11019.28
7952,Richard Thompson,richard.thompson7952@example.com,United Kingdom,2021-08-26,Standard,1542.24
7953,Matthew Garcia,matthew.garcia7953@example.com,United Kingdom,2022-10-29,Standard,2935.52
7954,Jennifer Wilson,jennifer.wilson7954@example.com,Canada,2025-09-18,Standard,1568.32
7955,Robert Smith,robert.smith7955@example.com,India,2021-01-23,Standard,3732.99
7956,Aarav White,aarav.white7956@example.com,Singapore,2023-05-26,Basic,271.41
7957,Lisa Sanchez,lisa.sanchez7957@example.com,Japan,2025-02-28,Basic,49.41
7958,Sarah Kim,sarah.kim7958@example.com,United Arab Emirates,2019-12-06,Basic,557.70
7959,Mark Hernandez,mark.hernandez7959@example.com,United Kingdom,2022-05-22,Standard,914.96
7960,Karen Williams,karen.williams7960@example.com,United Kingdom,2025-05-13,Standard,2549.55
7961,Ashley King,ashley.king7961@example.com,Italy,2020-10-13,Basic,121.16
7962,Donald Hernandez,donald.hernandez7962@example.com,Germany,2019-09-26,Standard,3537.93
7963,William Lewis,william.lewis7963@example.com,Italy,2022-10-26,Standard,1868.07
7964,Margaret Flores,margaret.flores7964@example.com,Japan,2023-09-15,Standard,3467.69
7965,Donna Patel,donna.patel7965@example.com,Netherlands,2022-04-26,Basic,429.94
7966,Mark Patel,mark.patel7966@example.com,Netherlands,2021-04-20,Basic,466.86
7967,Elizabeth Torres,elizabeth.torres7967@example.com,Mexico,2024-11-05,Standard,936.75
7968,Robert Gonzalez,robert.gonzalez7968@example.com,India,2025-02-22,Standard,3562.34
7969,David Rossi,david.rossi7969@example.com,Australia,2022-08-02,Basic,403.71
7970,Fatima Hill,fatima.hill7970@example.com,United States,2025-09-13,Basic,264.27
7971,Betty Kim,betty.kim7971@example.com,Brazil,2025-03-31,Standard,2105.30
7972,Hans Lopez,hans.lopez7972@example.com,Canada,2022-06-14,Premium,3604.75
7973,Fatima Ali,fatima.ali7973@example.com,Singapore,2019-03-16,Basic,386.93
7974,Joshua Smith,joshua.smith7974@example.com,France,2018-06-18,Standard,3677.53
7975,Emily Singh,emily.singh7975@example.com,Germany,2020-03-28,Standard,586.87
7976,Christopher Chen,christopher.chen7976@example.com,Italy,2019-01-28,Basic,409.67
7977,Michael Sanchez,michael.sanchez7977@example.com,Japan,2018-02-16,Standard,798.57
7978,Margaret Rodriguez,margaret.rodriguez7978@example.com,Singapore,2019-05-04,Standard,3510.96
7979,Joseph Allen,joseph.allen7979@example.com,Italy,2024-11-22,Standard,2648.91
7980,Lisa Gonzalez,lisa.gonzalez7980@example.com,India,2021-02-04,Premium,12073.62
7981,Wei Thomas,wei.thomas7981@example.com,Japan,2019-01-22,Standard,1566.02
7982,Jessica Taylor,jessica.taylor7982@example.com,Singapore,2021-07-24,Basic,463.84
7983,Jennifer Johnson,jennifer.johnson7983@example.com,Netherlands,2022-10-13,Standard,246.79
7984,Anthony Lopez,anthony.lopez7984@example.com,Australia,2021-12-17,Standard,426.50
7985,Betty Williams,betty.williams7985@example.com,Australia,2025-04-28,Basic,139.67
7986,Elizabeth Martin,elizabeth.martin7986@example.com,Brazil,2024-03-11,Basic,511.28
7987,William Martinez,william.martinez7987@example.com,India,2019-03-06,Basic,510.66
7988,Emily Khan,emily.khan7988@example.com,United Arab Emirates,2022-10-12,Premium,14501.67
7989,Michael Costa,michael.costa7989@example.com,United States,2022-08-31,Standard,676.42
7990,Patricia King,patricia.king7990@example.com,Canada,2021-08-16,Standard,3492.50
7991,Michelle Nguyen,michelle.nguyen7991@example.com,Spain,2018-03-14,Standard,1699.80
7992,Fatima Flores,fatima.flores7992@example.com,Canada,2018-06-02,Basic,451.46
7993,Michelle Walker,michelle.walker7993@example.com,United Kingdom,2022-09-28,Standard,2217.70
7994,Anthony White,anthony.white7994@example.com,Japan,2020-05-28,Premium,7443.72
7995,Jennifer Silva,jennifer.silva7995@example.com,United Arab Emirates,2025-07-22,Standard,3744.85
7996,Linda Jackson,linda.jackson7996@example.com,Germany,2023-04-14,Premium,14813.30
7997,Patricia King,patricia.king7997@example.com,Brazil,2018-12-05,Standard,3709.41
7998,Hans Gonzalez,hans.gonzalez7998@example.com,Germany,2024-12-10,Standard,238.04
7999,Elizabeth Johnson,elizabeth.johnson7999@example.com,India,2025-06-16,Basic,312.92
8000,Betty Williams,,Spain,2019-12-28,Standard,3942.80
8001,Charles Young,charles.young8001@example.com,Singapore,2021-08-29,Standard,3592.69
8002,Mark Flores,mark.flores8002@example.com,Japan,2023-12-10,Standard,2540.97
8003,Robert Anderson,robert.anderson8003@example.com,Germany,2023-12-23,Standard,645.38
8004,Nancy Lopez,nancy.lopez8004@example.com,Netherlands,2020-04-28,Standard,857.10
8005,Andrew Robinson,andrew.robinson8005@example.com,United Kingdom,2021-09-05,Standard,1172.50
8006,Linda Jackson,linda.jackson8006@example.com,Singapore,2025-07-31,Standard,1145.52
8007,Yuki Jackson,yuki.jackson8007@example.com,United Arab Emirates,2022-02-15,Standard,1308.24
8008,Ananya Garcia,ananya.garcia8008@example.com,Australia,2021-06-29,Standard,1571.83
8009,Sarah Robinson,sarah.robinson8009@example.com,United States,2023-05-02,Standard,3293.17
8010,Andrew Lopez,andrew.lopez8010@example.com,France,2022-10-22,Basic,173.35
8011,Anthony Hill,anthony.hill8011@example.com,Germany,2023-05-13,Basic,673.82
8012,Lisa Patel,lisa.patel8012@example.com,Spain,2018-03-11,Standard,1264.54
8013,Nancy Wright,nancy.wright8013@example.com,Brazil,2022-01-18,Standard,347.03
8014,Sofia Young,sofia.young8014@example.com,United States,2024-12-02,Basic,464.85
8015,Carlos Gonzalez,carlos.gonzalez8015@example.com,Netherlands,2019-08-17,Premium,3234.87
8016,Robert Anderson,robert.anderson8016@example.com,Mexico,2025-12-04,Basic,400.26
8017,Charles Gonzalez,charles.gonzalez8017@example.com,Canada,2022-03-16,Standard,2758.65
8018,Donna Clark,donna.clark8018@example.com,Canada,2018-07-19,Standard,516.91
8019,Betty Johnson,betty.johnson8019@example.com,Mexico,2025-08-05,Premium,4598.65
8020,Susan Lee,susan.lee8020@example.com,Singapore,2022-11-16,Standard,832.25
8021,Barbara Harris,barbara.harris8021@example.com,Mexico,2020-04-28,Premium,3004.40
8022,Matthew Mueller,matthew.mueller8022@example.com,Netherlands,2022-05-02,Standard,1714.71
8023,Joseph Anderson,joseph.anderson8023@example.com,Canada,2021-04-14,Premium,2682.30
8024,Emily Martinez,emily.martinez8024@example.com,United States,2018-09-19,Standard,2006.36
8025,Omar Lewis,omar.lewis8025@example.com,Netherlands,2024-07-12,Premium,5836.34
8026,Sandra Mueller,sandra.mueller8026@example.com,India,2019-03-28,Standard,2494.15
8027,Aarav Torres,aarav.torres8027@example.com,Japan,2018-10-29,Standard,2472.46
8028,Fatima Smith,fatima.smith8028@example.com,Singapore,2021-09-24,Premium,7369.90
8029,Mark Anderson,mark.anderson8029@example.com,United Kingdom,2022-09-05,Standard,3991.43
8030,Lisa Hill,lisa.hill8030@example.com,Brazil,2022-11-06,Standard,1106.80
8031,Barbara Taylor,barbara.taylor8031@example.com,Spain,2018-04-26,Premium,3950.94
8032,Barbara King,barbara.king8032@example.com,Australia,2023-05-16,Basic,795.40
8033,Patricia Sanchez,patricia.sanchez8033@example.com,Italy,2022-10-01,Standard,282.47
8034,Charles Nguyen,charles.nguyen8034@example.com,Germany,2022-02-09,Standard,3557.76
8035,Mark Lewis,mark.lewis8035@example.com,Spain,2021-05-17,Standard,2403.91
8036,Lisa Walker,lisa.walker8036@example.com,India,2020-02-24,Premium,3965.06
8037,Fatima Young,fatima.young8037@example.com,Mexico,2024-12-06,Basic,677.63
8038,Ashley Khan,ashley.khan8038@example.com,Netherlands,2021-11-25,Basic,130.57
8039,Linda Lee,linda.lee8039@example.com,United Arab Emirates,2023-11-11,Standard,2572.90
8040,Kimberly Hill,kimberly.hill8040@example.com,Canada,2022-07-01,Basic,652.54
8041,Emily Thomas,emily.thomas8041@example.com,Canada,2021-07-23,Premium,13255.00
8042,Linda Garcia,linda.garcia8042@example.com,United Kingdom,2020-12-13,Premium,3508.12
8043,Charles Khan,charles.khan8043@example.com,France,2022-02-01,Basic,709.47
8044,Anthony Lewis,anthony.lewis8044@example.com,United Arab Emirates,2025-07-18,Standard,3753.88
8045,Mark Jones,mark.jones8045@example.com,Brazil,2020-12-16,Basic,73.93
8046,James Singh,james.singh8046@example.com,Mexico,2021-08-08,Standard,1379.01
8047,Christopher Kim,christopher.kim8047@example.com,India,2023-05-03,Premium,11623.60
8048,James Gonzalez,james.gonzalez8048@example.com,United Arab Emirates,2019-05-16,Standard,2668.21
8049,Jennifer Young,jennifer.young8049@example.com,United Arab Emirates,2019-01-01,Standard,1953.72
8050,Matthew Miller,matthew.miller8050@example.com,United Arab Emirates,2018-05-31,Standard,630.75
8051,Yuki Rodriguez,yuki.rodriguez8051@example.com,Japan,2020-06-26,Standard,3456.92
8052,Wei King,wei.king8052@example.com,Spain,2018-12-26,Standard,1929.29
8053,Mary Thomas,mary.thomas8053@example.com,Brazil,2024-08-01,Basic,304.54
8054,Margaret Taylor,margaret.taylor8054@example.com,Canada,2024-05-22,Premium,2829.73
8055,Ingrid Kim,ingrid.kim8055@example.com,United Arab Emirates,2021-07-23,Basic,232.62
8056,William Costa,william.costa8056@example.com,United States,2025-12-16,Standard,3598.50
8057,Mark Scott,mark.scott8057@example.com,United Kingdom,2021-04-06,Basic,60.10
8058,Anthony Moore,anthony.moore8058@example.com,Netherlands,2025-09-21,Standard,855.61
8059,Wei Ali,wei.ali8059@example.com,Canada,2019-05-16,Basic,202.78
8060,Donald Lee,donald.lee8060@example.com,Spain,2022-06-10,Basic,754.10
8061,Elizabeth Moore,elizabeth.moore8061@example.com,Japan,2019-08-21,Basic,101.54
8062,Patricia Kim,patricia.kim8062@example.com,United Arab Emirates,2021-04-18,Standard,679.92
8063,Robert Garcia,robert.garcia8063@example.com,Japan,2020-12-07,Standard,1721.26
8064,Joseph King,joseph.king8064@example.com,Mexico,2021-11-25,Basic,78.24
8065,Omar Perez,omar.perez8065@example.com,Germany,2021-02-17,Standard,3693.53
8066,Margaret Sanchez,margaret.sanchez8066@example.com,Canada,2023-07-22,Standard,1289.17
8067,Thomas Lee,thomas.lee8067@example.com,United Arab Emirates,2020-08-14,Standard,574.49
8068,Margaret Silva,margaret.silva8068@example.com,Mexico,2021-07-12,Basic,7.64
8069,John Costa,john.costa8069@example.com,Singapore,2021-03-25,Standard,592.92
8070,Omar Wilson,omar.wilson8070@example.com,United Arab Emirates,2025-04-29,Standard,596.06
8071,Joseph Kim,joseph.kim8071@example.com,Spain,2022-10-08,Standard,3022.75
8072,Jessica Patel,jessica.patel8072@example.com,Spain,2018-02-18,Premium,14304.23
8073,Paul Hill,paul.hill8073@example.com,United States,2025-03-02,Basic,386.82
8074,Margaret Torres,margaret.torres8074@example.com,Italy,2021-08-08,Basic,362.30
8075,Matthew Brown,matthew.brown8075@example.com,Netherlands,2023-11-29,Premium,4956.48
8076,James Moore,james.moore8076@example.com,Spain,2021-08-14,Premium,10241.98
8077,Sarah Patel,sarah.patel8077@example.com,France,2023-08-04,Standard,1113.69
8078,Sarah Khan,sarah.khan8078@example.com,Spain,2025-04-28,Standard,3454.90
8079,Donald Thomas,donald.thomas8079@example.com,Mexico,2023-05-12,Standard,330.83
8080,Wei Ramirez,wei.ramirez8080@example.com,India,2019-10-02,Standard,3377.18
8081,Lisa Thomas,lisa.thomas8081@example.com,Netherlands,2025-11-16,Premium,8287.93
8082,Christopher Brown,christopher.brown8082@example.com,United States,2024-04-27,Standard,1014.21
8083,Mary Garcia,mary.garcia8083@example.com,Canada,2023-10-25,Basic,261.98
8084,Betty Scott,betty.scott8084@example.com,Brazil,2021-01-05,Standard,2648.20
8085,Sofia Flores,sofia.flores8085@example.com,Mexico,2018-03-29,Standard,1444.69
8086,Wei Thompson,wei.thompson8086@example.com,India,2023-06-02,Premium,13982.11
8087,Elizabeth Allen,elizabeth.allen8087@example.com,France,2023-01-05,Premium,11488.98
8088,Matthew Sanchez,matthew.sanchez8088@example.com,Australia,2020-04-21,Standard,3015.84
8089,Joshua Hill,joshua.hill8089@example.com,United Kingdom,2021-03-25,Standard,492.47
8090,Aarav Miller,aarav.miller8090@example.com,India,2021-01-08,Premium,2458.04
8091,Omar Rossi,omar.rossi8091@example.com,United Arab Emirates,2025-02-19,Basic,663.36
8092,Matthew Lopez,matthew.lopez8092@example.com,Japan,2025-03-31,Basic,713.55
8093,Michelle Johnson,michelle.johnson8093@example.com,Japan,2025-05-11,Standard,404.92
8094,Steven Gonzalez,steven.gonzalez8094@example.com,Canada,2019-09-07,Premium,14480.35
8095,Linda Robinson,linda.robinson8095@example.com,India,2024-10-04,Basic,111.64
8096,Emily Martinez,emily.martinez8096@example.com,United Arab Emirates,2019-10-19,Basic,167.73
8097,Jennifer Lopez,jennifer.lopez8097@example.com,Brazil,2023-08-04,Standard,720.61
8098,James Khan,james.khan8098@example.com,Germany,2023-10-28,Basic,681.05
8099,Hans Ramirez,hans.ramirez8099@example.com,United Kingdom,2025-09-23,Premium,7986.42
8100,Linda Taylor,linda.taylor8100@example.com,France,2019-12-16,Premium,8458.47
8101,Fatima Young,fatima.young8101@example.com,Germany,2021-07-16,Standard,2672.12
8102,Joseph Khan,joseph.khan8102@example.com,France,2020-01-07,Standard,3651.17
8103,Michael Singh,michael.singh8103@example.com,Italy,2019-09-11,Basic,9.49
8104,Thomas Lopez,thomas.lopez8104@example.com,Mexico,2020-09-03,Premium,13652.98
8105,Thomas Davis,thomas.davis8105@example.com,Japan,2023-02-09,Standard,448.92
8106,Fatima Flores,fatima.flores8106@example.com,India,2018-07-26,Standard,3914.63
8107,Wei Perez,wei.perez8107@example.com,United Kingdom,2025-06-09,Basic,767.40
8108,Nancy Anderson,nancy.anderson8108@example.com,United Arab Emirates,2025-03-10,Basic,645.39
8109,James Costa,james.costa8109@example.com,India,2025-09-23,Standard,3423.87
8110,Yuki Scott,yuki.scott8110@example.com,Mexico,2025-12-02,Standard,2506.13
8111,Betty Jackson,betty.jackson8111@example.com,United Kingdom,2023-06-25,Standard,1001.25
8112,Donna Thompson,donna.thompson8112@example.com,Germany,2023-11-03,Standard,2942.31
8113,Michael Ramirez,michael.ramirez8113@example.com,Netherlands,2018-10-20,Basic,102.13
8114,Elizabeth Garcia,elizabeth.garcia8114@example.com,Canada,2019-02-22,Standard,2706.88
8115,Aarav Jones,aarav.jones8115@example.com,Germany,2018-07-27,Standard,606.24
8116,Donald Perez,donald.perez8116@example.com,Netherlands,2025-08-02,Standard,368.53
8117,Thomas Sanchez,thomas.sanchez8117@example.com,France,2023-11-22,Basic,665.83
8118,Charles Ali,charles.ali8118@example.com,Canada,2019-11-30,Basic,168.90
8119,Carlos Rodriguez,carlos.rodriguez8119@example.com,Singapore,2019-11-28,Standard,3644.13
8120,Emily Walker,emily.walker8120@example.com,Japan,2021-08-10,Basic,709.19
8121,Donald Brown,donald.brown8121@example.com,Netherlands,2024-06-15,Basic,243.53
8122,Donna Miller,donna.miller8122@example.com,United States,2023-11-28,Standard,3904.79
8123,Emily Lewis,emily.lewis8123@example.com,Germany,2023-05-19,Basic,494.38
8124,Linda Anderson,linda.anderson8124@example.com,Canada,2022-10-04,Basic,652.61
8125,Sofia Scott,sofia.scott8125@example.com,Australia,2025-04-14,Standard,405.52
8126,James Flores,james.flores8126@example.com,Mexico,2020-05-06,Basic,357.10
8127,Lisa Miller,lisa.miller8127@example.com,Canada,2023-01-14,Standard,3401.31
8128,Karen Moore,karen.moore8128@example.com,Japan,2024-04-09,Basic,629.39
8129,Jessica Wright,jessica.wright8129@example.com,Brazil,2025-02-26,Premium,5617.98
8130,Ananya Lewis,ananya.lewis8130@example.com,Netherlands,2020-08-05,Basic,434.98
8131,Michael Anderson,michael.anderson8131@example.com,Brazil,2018-09-08,Basic,536.91
8132,Andrew Moore,andrew.moore8132@example.com,France,2022-02-09,Standard,1390.01
8133,Mary Lewis,mary.lewis8133@example.com,United Arab Emirates,2018-03-04,Basic,12.41
8134,Joseph Thompson,joseph.thompson8134@example.com,Japan,2023-10-26,Standard,694.64
8135,Susan Taylor,susan.taylor8135@example.com,Canada,2025-06-25,Standard,672.41
8136,Steven Johnson,steven.johnson8136@example.com,Netherlands,2020-01-04,Standard,2345.67
8137,Sofia Anderson,sofia.anderson8137@example.com,India,2018-08-26,Standard,3262.69
8138,William Rossi,william.rossi8138@example.com,France,2023-07-09,Basic,385.00
8139,Emily Silva,emily.silva8139@example.com,India,2023-10-13,Standard,2048.05
8140,Daniel Anderson,daniel.anderson8140@example.com,India,2022-10-12,Standard,3126.55
8141,Michael Lee,michael.lee8141@example.com,Netherlands,2020-08-19,Basic,173.09
8142,John Lewis,john.lewis8142@example.com,Australia,2022-08-11,Basic,332.87
8143,Ashley Brown,ashley.brown8143@example.com,Spain,2025-10-30,Standard,1726.04
8144,Hans Anderson,hans.anderson8144@example.com,Mexico,2018-10-10,Premium,11342.24
8145,Omar Garcia,omar.garcia8145@example.com,Mexico,2021-09-23,Basic,269.57
8146,Joseph Johnson,joseph.johnson8146@example.com,Brazil,2020-04-21,Standard,2960.31
8147,Richard Taylor,richard.taylor8147@example.com,Germany,2023-06-21,Standard,2073.00
8148,Robert Robinson,robert.robinson8148@example.com,Germany,2023-06-13,Premium,9439.07
8149,Ananya Wilson,ananya.wilson8149@example.com,Canada,2024-01-15,Premium,9549.23
8150,Patricia Smith,patricia.smith8150@example.com,United Arab Emirates,2022-02-28,Standard,2165.97
8151,John Walker,john.walker8151@example.com,Canada,2022-05-22,Premium,4372.65
8152,Sarah Lewis,sarah.lewis8152@example.com,France,2019-06-05,Basic,238.84
8153,Emily Moore,emily.moore8153@example.com,Germany,2019-08-27,Basic,288.15
8154,Christopher Brown,christopher.brown8154@example.com,India,2019-07-05,Basic,460.43
8155,Joshua Johnson,joshua.johnson8155@example.com,United Arab Emirates,2020-06-15,Standard,1661.44
8156,Mark Flores,mark.flores8156@example.com,United Kingdom,2018-04-10,Standard,3294.89
8157,David Mueller,david.mueller8157@example.com,Mexico,2021-11-16,Basic,381.35
8158,Wei Hill,wei.hill8158@example.com,Germany,2021-07-09,Premium,11039.20
8159,Omar Lee,omar.lee8159@example.com,Japan,2019-02-09,Premium,9388.81
8160,Hans Clark,hans.clark8160@example.com,Netherlands,2020-12-13,Standard,1255.18
8161,Margaret Lee,margaret.lee8161@example.com,Brazil,2025-10-26,Basic,575.42
8162,Ingrid Garcia,ingrid.garcia8162@example.com,Brazil,2020-12-15,Basic,235.54
8163,Barbara Williams,barbara.williams8163@example.com,France,2018-08-16,Basic,741.24
8164,Aarav White,aarav.white8164@example.com,United Arab Emirates,2022-02-24,Basic,738.59
8165,Wei Lee,wei.lee8165@example.com,Netherlands,2021-02-23,Standard,236.56
8166,Barbara Brown,barbara.brown8166@example.com,Australia,2025-03-30,Premium,8479.39
8167,Christopher Hill,christopher.hill8167@example.com,Spain,2020-09-21,Basic,28.35
8168,Mary Jones,mary.jones8168@example.com,France,2025-01-14,Standard,498.07
8169,John Thompson,john.thompson8169@example.com,Japan,2018-08-02,Basic,310.08
8170,Donald Johnson,donald.johnson8170@example.com,Singapore,2020-11-09,Standard,3177.03
8171,Sarah Ramirez,sarah.ramirez8171@example.com,Japan,2020-11-20,Standard,221.12
8172,Patricia Smith,patricia.smith8172@example.com,France,2018-06-03,Premium,2292.48
8173,Fatima Clark,fatima.clark8173@example.com,India,2020-10-28,Standard,2568.43
8174,Matthew King,matthew.king8174@example.com,France,2024-01-03,Basic,647.78
8175,Daniel Hernandez,daniel.hernandez8175@example.com,United States,2021-03-01,Standard,3975.39
8176,Emily Nguyen,emily.nguyen8176@example.com,Singapore,2021-03-01,Standard,1706.00
8177,William Lee,william.lee8177@example.com,United States,2018-12-07,Standard,3871.52
8178,Kimberly Williams,kimberly.williams8178@example.com,Mexico,2021-09-19,Standard,3006.22
8179,Jennifer Allen,jennifer.allen8179@example.com,Spain,2019-03-14,Premium,12304.06
8180,Matthew Thompson,matthew.thompson8180@example.com,Spain,2022-03-08,Standard,427.54
8181,Yuki Davis,yuki.davis8181@example.com,India,2024-09-30,Standard,285.48
8182,Jessica Miller,jessica.miller8182@example.com,United States,2022-12-04,Standard,3498.47
8183,Robert Costa,robert.costa8183@example.com,Canada,2025-02-01,Standard,1844.78
8184,Sarah Walker,sarah.walker8184@example.com,Brazil,2025-06-01,Basic,309.82
8185,Richard Costa,richard.costa8185@example.com,Canada,2025-01-07,Basic,31.90
8186,Joseph Costa,joseph.costa8186@example.com,Italy,2020-10-10,Basic,97.31
8187,Sandra Sanchez,sandra.sanchez8187@example.com,United Kingdom,2022-01-23,Standard,1367.70
8188,Matthew Miller,matthew.miller8188@example.com,France,2021-04-13,Standard,1256.64
8189,Donna Clark,donna.clark8189@example.com,Netherlands,2025-03-21,Standard,2119.29
8190,Hans Lopez,hans.lopez8190@example.com,France,2018-12-11,Standard,3777.60
8191,Paul Anderson,paul.anderson8191@example.com,United Arab Emirates,2018-10-03,Standard,3493.88
8192,Jessica Lewis,jessica.lewis8192@example.com,France,2025-08-28,Standard,2786.65
8193,Ingrid Young,ingrid.young8193@example.com,Mexico,2025-12-19,Basic,125.70
8194,Donna Robinson,donna.robinson8194@example.com,India,2024-06-11,Basic,73.85
8195,Sarah Martin,sarah.martin8195@example.com,United Arab Emirates,2024-06-14,Basic,793.96
8196,Mary Smith,mary.smith8196@example.com,France,2022-04-24,Standard,1491.08
8197,Hans Wright,hans.wright8197@example.com,Australia,2020-08-19,Standard,3551.48
8198,Donna Martinez,donna.martinez8198@example.com,France,2024-04-14,Standard,3017.51
8199,Steven Young,steven.young8199@example.com,Spain,2023-05-07,Standard,3057.39
8200,Donald Sanchez,donald.sanchez8200@example.com,Spain,2023-05-10,Standard,1788.64
8201,Thomas Torres,thomas.torres8201@example.com,Germany,2023-01-29,Standard,2218.30
8202,Christopher Thomas,christopher.thomas8202@example.com,United Kingdom,2021-12-07,Standard,623.76
8203,Michael Wright,michael.wright8203@example.com,Australia,2019-06-04,Standard,3417.39
8204,Andrew Lewis,andrew.lewis8204@example.com,Australia,2023-02-18,Standard,1843.62
8205,Omar Sanchez,omar.sanchez8205@example.com,Italy,2024-11-06,Basic,65.29
8206,Linda Hill,linda.hill8206@example.com,India,2019-11-02,Standard,1646.08
8207,Thomas Rodriguez,thomas.rodriguez8207@example.com,Spain,2025-04-10,Standard,2522.61
8208,Linda Lewis,linda.lewis8208@example.com,Mexico,2023-07-26,Standard,3412.75
8209,James King,james.king8209@example.com,Australia,2023-01-07,Basic,254.85
8210,Linda Johnson,linda.johnson8210@example.com,Singapore,2025-04-27,Standard,1857.07
8211,Susan Rossi,susan.rossi8211@example.com,Spain,2022-08-30,Standard,2042.76
8212,Wei Martin,wei.martin8212@example.com,Netherlands,2022-12-30,Basic,381.97
8213,Donald Davis,donald.davis8213@example.com,India,2023-01-19,Standard,3414.31
8214,Sandra Brown,sandra.brown8214@example.com,India,2018-03-16,Premium,11063.76
8215,Lisa White,lisa.white8215@example.com,France,2024-12-05,Basic,225.74
8216,Aarav Flores,aarav.flores8216@example.com,United Arab Emirates,2024-01-14,Standard,1418.69
8217,Christopher Rodriguez,christopher.rodriguez8217@example.com,Spain,2020-06-05,Standard,2064.32
8218,Sarah Mueller,sarah.mueller8218@example.com,India,2021-10-10,Standard,2983.74
8219,Fatima Chen,fatima.chen8219@example.com,Australia,2025-07-20,Standard,1758.00
8220,Jessica Perez,jessica.perez8220@example.com,United Kingdom,2018-01-14,Standard,2892.61
8221,Nancy Johnson,nancy.johnson8221@example.com,United Arab Emirates,2021-10-30,Basic,761.61
8222,Ingrid Smith,ingrid.smith8222@example.com,United Kingdom,2023-04-11,Standard,3728.44
8223,Donald Rodriguez,donald.rodriguez8223@example.com,Italy,2025-10-19,Standard,3143.64
8224,Donald Harris,donald.harris8224@example.com,Spain,2023-09-10,Standard,3546.79
8225,Ashley Brown,ashley.brown8225@example.com,Japan,2024-07-08,Basic,792.78
8226,David Mueller,david.mueller8226@example.com,Australia,2022-07-10,Basic,18.28
8227,Anthony Ramirez,anthony.ramirez8227@example.com,Japan,2018-05-08,Basic,630.37
8228,Barbara Costa,barbara.costa8228@example.com,Spain,2021-06-08,Standard,1203.97
8229,Barbara Kim,barbara.kim8229@example.com,Mexico,2021-03-15,Basic,157.24
8230,Lisa Williams,lisa.williams8230@example.com,Brazil,2024-10-06,Premium,12803.57
8231,Michael Ramirez,michael.ramirez8231@example.com,Brazil,2023-07-24,Standard,3508.55
8232,Sandra Singh,sandra.singh8232@example.com,United Kingdom,2021-02-13,Standard,2065.70
8233,Anthony Jackson,anthony.jackson8233@example.com,Canada,2024-07-29,Standard,624.45
8234,Richard Singh,richard.singh8234@example.com,India,2018-03-30,Standard,3447.21
8235,Yuki Walker,yuki.walker8235@example.com,India,2024-10-23,Basic,140.75
8236,John Miller,john.miller8236@example.com,Canada,2021-11-29,Standard,1822.95
8237,Donald King,donald.king8237@example.com,Mexico,2023-09-19,Premium,3845.01
8238,Patricia Walker,patricia.walker8238@example.com,United States,2023-11-16,Standard,440.59
8239,Susan Silva,susan.silva8239@example.com,France,2024-07-01,Basic,14.71
8240,Susan Costa,susan.costa8240@example.com,Germany,2019-12-30,Standard,3358.57
8241,Margaret Torres,margaret.torres8241@example.com,United Kingdom,2021-02-15,Basic,498.81
8242,Michael Scott,michael.scott8242@example.com,Italy,2022-04-03,Premium,10745.63
8243,Aarav Thompson,aarav.thompson8243@example.com,Mexico,2019-04-28,Basic,94.39
8244,Omar Lopez,omar.lopez8244@example.com,France,2022-09-19,Standard,3624.22
8245,John Thomas,john.thomas8245@example.com,Canada,2024-01-31,Premium,4023.97
8246,Sandra Hill,sandra.hill8246@example.com,France,2022-11-16,Basic,731.87
8247,Donna Thompson,donna.thompson8247@example.com,Canada,2025-04-30,Premium,3886.11
8248,Richard Anderson,richard.anderson8248@example.com,United Arab Emirates,2018-09-01,Standard,3972.56
8249,Joshua Harris,joshua.harris8249@example.com,Spain,2022-11-08,Basic,517.04
8250,Thomas Martinez,thomas.martinez8250@example.com,United Arab Emirates,2021-04-03,Standard,3342.95
8251,Emily Singh,emily.singh8251@example.com,Brazil,2022-01-03,Standard,3546.03
8252,Yuki Mueller,yuki.mueller8252@example.com,France,2019-10-14,Basic,423.92
8253,Karen Harris,karen.harris8253@example.com,Italy,2023-05-18,Standard,1117.02
8254,Aarav Scott,aarav.scott8254@example.com,India,2018-08-08,Standard,2993.42
8255,James Rossi,james.rossi8255@example.com,Brazil,2023-04-30,Standard,3203.30
8256,Yuki Garcia,yuki.garcia8256@example.com,Mexico,2020-04-17,Basic,651.22
8257,Betty Hernandez,betty.hernandez8257@example.com,Singapore,2021-09-13,Standard,1539.50
8258,David Ramirez,david.ramirez8258@example.com,Mexico,2019-08-20,Standard,1256.10
8259,Ananya Patel,ananya.patel8259@example.com,Netherlands,2025-11-19,Standard,2141.90
8260,Omar Robinson,omar.robinson8260@example.com,Japan,2023-03-05,Premium,11909.85
8261,Ashley Nguyen,ashley.nguyen8261@example.com,Italy,2023-09-21,Basic,703.75
8262,Kimberly Torres,kimberly.torres8262@example.com,Singapore,2024-09-01,Basic,63.41
8263,David King,david.king8263@example.com,Brazil,2019-11-10,Basic,405.14
8264,Donald Taylor,donald.taylor8264@example.com,Japan,2022-04-21,Standard,3693.43
8265,Jennifer Brown,jennifer.brown8265@example.com,Brazil,2022-04-04,Standard,2878.85
8266,David Hill,david.hill8266@example.com,Mexico,2022-04-10,Standard,1391.29
8267,Sofia Jackson,sofia.jackson8267@example.com,India,2023-06-14,Premium,4865.22
8268,Wei Allen,wei.allen8268@example.com,United States,2021-03-16,Premium,2262.44
8269,Robert Ali,robert.ali8269@example.com,Brazil,2019-02-23,Basic,453.42
8270,William Hill,william.hill8270@example.com,France,2020-10-18,Basic,629.37
8271,Jessica Robinson,jessica.robinson8271@example.com,United Arab Emirates,2020-01-08,Premium,7490.33
8272,Mark King,mark.king8272@example.com,France,2024-12-15,Basic,316.53
8273,Daniel Lee,daniel.lee8273@example.com,Mexico,2020-05-08,Premium,6810.41
8274,Robert Chen,robert.chen8274@example.com,United Arab Emirates,2019-04-12,Premium,11350.59
8275,Steven Martin,steven.martin8275@example.com,Brazil,2020-07-11,Standard,3826.69
8276,Jennifer Anderson,jennifer.anderson8276@example.com,Italy,2018-07-09,Standard,2950.82
8277,Fatima Jones,fatima.jones8277@example.com,Italy,2023-03-04,Basic,220.19
8278,Richard Garcia,richard.garcia8278@example.com,Brazil,2022-01-12,Basic,331.88
8279,Mary Young,mary.young8279@example.com,United States,2020-01-28,Basic,754.98
8280,Fatima Khan,fatima.khan8280@example.com,Singapore,2022-12-29,Basic,170.49
8281,Susan Thomas,susan.thomas8281@example.com,Brazil,2025-02-08,Basic,527.17
8282,Jennifer Smith,jennifer.smith8282@example.com,United Arab Emirates,2021-03-31,Premium,9353.85
8283,Anthony Hernandez,anthony.hernandez8283@example.com,Netherlands,2024-03-09,Premium,10015.55
8284,David Hernandez,david.hernandez8284@example.com,Spain,2020-12-05,Basic,12.44
8285,James Clark,james.clark8285@example.com,Japan,2022-04-11,Premium,6350.31
8286,Omar Nguyen,omar.nguyen8286@example.com,Australia,2018-08-06,Standard,850.07
8287,Ananya Lee,ananya.lee8287@example.com,France,2020-10-19,Basic,273.11
8288,Carlos Williams,carlos.williams8288@example.com,Singapore,2023-04-14,Basic,66.77
8289,Emily Ali,emily.ali8289@example.com,Netherlands,2018-05-14,Basic,765.48
8290,Nancy Brown,nancy.brown8290@example.com,India,2020-09-19,Premium,13995.41
8291,Fatima Davis,fatima.davis8291@example.com,India,2024-11-08,Standard,3874.62
8292,Aarav Clark,aarav.clark8292@example.com,United Kingdom,2023-05-28,Premium,7281.05
8293,Ingrid Gonzalez,ingrid.gonzalez8293@example.com,Italy,2021-01-27,Basic,637.35
8294,Hans Young,hans.young8294@example.com,Mexico,2022-11-26,Basic,333.71
8295,Christopher Taylor,christopher.taylor8295@example.com,Singapore,2021-09-23,Basic,300.82
8296,Christopher Walker,christopher.walker8296@example.com,Singapore,2021-01-24,Standard,842.74
8297,Karen Sanchez,karen.sanchez8297@example.com,Netherlands,2018-08-22,Basic,309.43
8298,Thomas Chen,thomas.chen8298@example.com,Japan,2022-08-27,Basic,605.50
8299,Ingrid Rossi,ingrid.rossi8299@example.com,India,2020-11-22,Basic,703.85
8300,Sofia King,sofia.king8300@example.com,Netherlands,2023-08-06,Standard,615.61
8301,Linda Martin,linda.martin8301@example.com,Singapore,2019-02-02,Standard,1654.19
8302,Lisa Scott,lisa.scott8302@example.com,Canada,2024-05-13,Premium,8489.81
8303,Nancy Thompson,nancy.thompson8303@example.com,United States,2024-03-30,Basic,136.32
8304,Ashley Mueller,ashley.mueller8304@example.com,Singapore,2021-08-28,Standard,3572.82
8305,Thomas Moore,thomas.moore8305@example.com,Canada,2021-05-09,Basic,724.91
8306,Sarah Mueller,sarah.mueller8306@example.com,United Arab Emirates,2020-12-03,Premium,11954.79
8307,Sofia Sanchez,sofia.sanchez8307@example.com,Spain,2018-03-18,Standard,2214.13
8308,Patricia Khan,patricia.khan8308@example.com,United States,2018-09-23,Standard,1447.94
8309,Linda Anderson,linda.anderson8309@example.com,Japan,2025-05-18,Standard,1777.19
8310,Ingrid Lopez,ingrid.lopez8310@example.com,France,2024-12-03,Standard,3799.99
8311,Mark Williams,mark.williams8311@example.com,France,2018-09-15,Standard,1761.73
8312,Andrew Chen,andrew.chen8312@example.com,France,2019-09-06,Standard,3521.57
8313,James Lewis,james.lewis8313@example.com,Spain,2024-01-17,Basic,62.88
8314,Ananya Smith,ananya.smith8314@example.com,Japan,2018-11-15,Premium,13721.76
8315,Joseph Ramirez,,Brazil,2019-09-24,Standard,2752.44
8316,Joseph Hill,joseph.hill8316@example.com,Netherlands,2023-03-30,Basic,313.15
8317,Sofia Miller,sofia.miller8317@example.com,India,2020-10-27,Standard,661.70
8318,Sandra Garcia,sandra.garcia8318@example.com,United States,2023-07-18,Standard,1843.19
8319,Jennifer Khan,jennifer.khan8319@example.com,Brazil,2021-11-25,Basic,606.22
8320,Linda Ali,linda.ali8320@example.com,United Arab Emirates,2018-01-25,Basic,4.36
8321,Mark Walker,mark.walker8321@example.com,United Kingdom,2023-09-08,Standard,1279.00
8322,Lisa White,lisa.white8322@example.com,Canada,2023-12-09,Standard,2575.50
8323,Donald Walker,donald.walker8323@example.com,Australia,2022-10-19,Basic,390.48
8324,Omar Garcia,omar.garcia8324@example.com,United Kingdom,2019-12-26,Standard,2302.29
8325,Joseph Martin,joseph.martin8325@example.com,Canada,2020-11-26,Standard,980.15
8326,Aarav Nguyen,aarav.nguyen8326@example.com,Canada,2022-01-24,Basic,126.75
8327,Barbara Mueller,barbara.mueller8327@example.com,Brazil,2023-12-31,Standard,1043.78
8328,Margaret Robinson,margaret.robinson8328@example.com,France,2025-09-19,Basic,43.51
8329,Kimberly Singh,kimberly.singh8329@example.com,United Kingdom,2025-09-14,Standard,3127.37
8330,Daniel Nguyen,daniel.nguyen8330@example.com,France,2021-03-19,Standard,2814.68
8331,Aarav Costa,aarav.costa8331@example.com,Italy,2023-12-25,Standard,3958.06
8332,Paul Johnson,paul.johnson8332@example.com,Spain,2019-11-08,Premium,6449.15
8333,Betty Rodriguez,betty.rodriguez8333@example.com,Germany,2022-08-27,Premium,3248.48
8334,James Scott,james.scott8334@example.com,United Kingdom,2022-01-05,Standard,2065.38
8335,Wei Williams,wei.williams8335@example.com,Singapore,2022-07-11,Basic,700.00
8336,David Ali,david.ali8336@example.com,Spain,2022-06-20,Premium,11337.51
8337,Sandra Brown,sandra.brown8337@example.com,India,2021-10-12,Standard,2552.41
8338,Michelle Miller,michelle.miller8338@example.com,Australia,2022-11-30,Standard,3616.24
8339,Hans Jones,hans.jones8339@example.com,Australia,2019-09-14,Standard,3933.74
8340,Betty Thompson,betty.thompson8340@example.com,Australia,2020-02-29,Standard,1665.89
8341,Patricia Rodriguez,patricia.rodriguez8341@example.com,Germany,2022-03-19,Basic,410.75
8342,Richard Martinez,richard.martinez8342@example.com,Mexico,2019-08-30,Basic,142.23
8343,Sarah White,sarah.white8343@example.com,Japan,2018-03-22,Premium,7033.73
8344,Sarah Johnson,sarah.johnson8344@example.com,Japan,2023-03-12,Standard,3313.65
8345,Ananya Scott,ananya.scott8345@example.com,Canada,2024-01-04,Standard,3676.12
8346,Aarav Jackson,aarav.jackson8346@example.com,Netherlands,2018-08-18,Basic,785.79
8347,Aarav Smith,aarav.smith8347@example.com,India,2024-01-21,Standard,1312.92
8348,Charles Thomas,charles.thomas8348@example.com,Netherlands,2024-04-27,Basic,185.15
8349,Mary Silva,mary.silva8349@example.com,Australia,2018-09-11,Premium,4926.89
8350,Christopher Kim,christopher.kim8350@example.com,United States,2025-12-13,Basic,426.95
8351,Omar Patel,omar.patel8351@example.com,United States,2022-04-22,Standard,1248.49
8352,Yuki Thomas,yuki.thomas8352@example.com,Mexico,2018-01-22,Standard,1281.59
8353,Sandra Flores,sandra.flores8353@example.com,Spain,2021-07-13,Basic,598.06
8354,Jessica Brown,jessica.brown8354@example.com,United States,2019-06-03,Standard,2056.58
8355,Kimberly Torres,kimberly.torres8355@example.com,Singapore,2023-02-09,Premium,7530.89
8356,Lisa Davis,lisa.davis8356@example.com,United States,2025-09-09,Basic,755.24
8357,Patricia Lee,patricia.lee8357@example.com,Netherlands,2018-07-24,Basic,717.68
8358,Linda Flores,linda.flores8358@example.com,India,2023-07-04,Standard,1447.93
8359,Donald Wilson,donald.wilson8359@example.com,Japan,2018-01-01,Basic,433.55
8360,Barbara Young,barbara.young8360@example.com,Australia,2019-10-18,Standard,2139.98
8361,Steven Lee,steven.lee8361@example.com,Brazil,2019-11-02,Basic,275.58
8362,Joseph Lopez,joseph.lopez8362@example.com,Italy,2019-07-28,Premium,14506.73
8363,Lisa Jones,lisa.jones8363@example.com,India,2018-08-18,Standard,644.85
8364,Nancy Hernandez,nancy.hernandez8364@example.com,Canada,2019-01-12,Standard,3243.71
8365,Emily Allen,,Netherlands,2021-11-16,Standard,251.14
8366,Lisa Davis,lisa.davis8366@example.com,Singapore,2024-12-24,Standard,3035.46
8367,Linda King,linda.king8367@example.com,Canada,2023-10-02,Standard,293.15
8368,Sofia Garcia,sofia.garcia8368@example.com,Canada,2019-06-05,Basic,17.65
8369,Fatima Smith,fatima.smith8369@example.com,Spain,2018-06-20,Standard,3914.63
8370,Sofia White,sofia.white8370@example.com,Australia,2024-07-05,Premium,9848.20
8371,Susan Wilson,susan.wilson8371@example.com,United Kingdom,2023-04-21,Basic,325.73
8372,Michelle Martinez,michelle.martinez8372@example.com,Australia,2024-04-19,Basic,457.40
8373,Donna Taylor,donna.taylor8373@example.com,Japan,2023-03-22,Standard,3381.99
8374,Richard Williams,richard.williams8374@example.com,United Kingdom,2025-07-25,Standard,1604.60
8375,Susan Hill,susan.hill8375@example.com,United States,2022-02-12,Premium,7366.09
8376,Anthony Williams,anthony.williams8376@example.com,United Kingdom,2021-05-20,Standard,3351.86
8377,Linda Wilson,linda.wilson8377@example.com,Mexico,2021-05-01,Standard,2539.47
8378,William Kim,william.kim8378@example.com,Singapore,2018-10-12,Standard,2356.47
8379,Margaret Harris,margaret.harris8379@example.com,Singapore,2020-02-16,Standard,1836.58
8380,Susan Ramirez,susan.ramirez8380@example.com,Italy,2020-03-09,Standard,519.34
8381,Karen Mueller,karen.mueller8381@example.com,Italy,2024-09-07,Basic,779.96
8382,Sarah White,sarah.white8382@example.com,Japan,2019-04-26,Basic,294.53
8383,Hans Wright,hans.wright8383@example.com,Canada,2021-04-17,Standard,1649.60
8384,Joseph Kim,joseph.kim8384@example.com,Canada,2023-12-28,Basic,358.20
8385,Emily Nguyen,emily.nguyen8385@example.com,Australia,2020-07-23,Standard,1111.44
8386,Yuki Silva,yuki.silva8386@example.com,Germany,2018-02-02,Premium,5655.48
8387,Susan Thomas,susan.thomas8387@example.com,Italy,2023-10-24,Basic,420.12
8388,Hans Thomas,hans.thomas8388@example.com,Mexico,2022-05-03,Premium,2052.88
8389,Elizabeth Lee,elizabeth.lee8389@example.com,Italy,2025-05-23,Premium,3996.28
8390,Mary Taylor,mary.taylor8390@example.com,Netherlands,2021-06-25,Premium,5187.07
8391,Paul Ramirez,paul.ramirez8391@example.com,Australia,2023-10-11,Basic,242.57
8392,John Young,john.young8392@example.com,Australia,2018-06-25,Standard,3005.24
8393,Sandra Lee,sandra.lee8393@example.com,Japan,2024-10-18,Standard,1790.17
8394,Margaret Gonzalez,margaret.gonzalez8394@example.com,United States,2022-01-01,Standard,979.60
8395,Ashley Gonzalez,ashley.gonzalez8395@example.com,Singapore,2024-03-22,Standard,3143.59
8396,Elizabeth Gonzalez,elizabeth.gonzalez8396@example.com,Singapore,2018-06-26,Standard,2344.11
8397,Mary Garcia,mary.garcia8397@example.com,Mexico,2024-01-30,Standard,844.96
8398,Sandra Young,sandra.young8398@example.com,Spain,2023-03-27,Premium,6705.18
8399,Kimberly Khan,kimberly.khan8399@example.com,United Kingdom,2019-03-04,Basic,2.54
8400,Steven Chen,steven.chen8400@example.com,Netherlands,2025-05-11,Standard,3352.00
8401,Anthony Gonzalez,anthony.gonzalez8401@example.com,Japan,2025-09-09,Standard,860.69
8402,Ananya Kim,ananya.kim8402@example.com,Australia,2024-02-09,Premium,14316.64
8403,Matthew Smith,matthew.smith8403@example.com,Netherlands,2022-06-23,Premium,13095.75
8404,Steven Singh,steven.singh8404@example.com,Canada,2019-10-16,Basic,389.07
8405,Patricia Martin,patricia.martin8405@example.com,United Kingdom,2022-02-22,Basic,137.49
8406,Yuki Moore,yuki.moore8406@example.com,Japan,2018-04-06,Standard,1804.70
8407,Ingrid Jones,ingrid.jones8407@example.com,Mexico,2019-07-04,Standard,795.77
8408,Charles Miller,charles.miller8408@example.com,Mexico,2023-02-13,Standard,3974.93
8409,Mark Smith,mark.smith8409@example.com,United States,2024-04-02,Standard,436.70
8410,Susan Taylor,susan.taylor8410@example.com,United States,2024-12-05,Standard,2275.06
8411,Daniel Rossi,daniel.rossi8411@example.com,United Arab Emirates,2023-12-14,Standard,3947.10
8412,Emily Torres,emily.torres8412@example.com,Singapore,2021-01-17,Premium,13665.95
8413,Paul Thomas,paul.thomas8413@example.com,Australia,2021-07-27,Standard,2248.91
8414,Omar Robinson,omar.robinson8414@example.com,Spain,2019-07-09,Basic,309.51
8415,Barbara Miller,barbara.miller8415@example.com,Spain,2023-08-28,Standard,2813.42
8416,Margaret Ali,margaret.ali8416@example.com,Italy,2022-08-27,Standard,1331.05
8417,Christopher Patel,christopher.patel8417@example.com,Mexico,2023-05-06,Standard,2614.57
8418,Karen Anderson,karen.anderson8418@example.com,Japan,2023-08-05,Standard,2954.24
8419,James Khan,james.khan8419@example.com,Japan,2019-12-10,Standard,3704.92
8420,Ananya Costa,ananya.costa8420@example.com,United Arab Emirates,2020-09-14,Standard,1867.50
8421,William Clark,william.clark8421@example.com,Singapore,2023-11-25,Basic,422.00
8422,Mary Jackson,mary.jackson8422@example.com,Canada,2021-09-28,Basic,629.22
8423,Christopher Young,christopher.young8423@example.com,Spain,2019-02-08,Standard,1092.75
8424,Carlos Lewis,carlos.lewis8424@example.com,Canada,2021-03-08,Standard,3310.49
8425,Linda Walker,linda.walker8425@example.com,Australia,2019-07-18,Standard,1226.38
8426,Joshua Hill,joshua.hill8426@example.com,Italy,2020-10-29,Standard,1135.76
8427,Linda Young,linda.young8427@example.com,United Kingdom,2023-01-16,Basic,180.83
8428,John Thompson,john.thompson8428@example.com,Mexico,2023-05-11,Standard,1752.31
8429,William Williams,william.williams8429@example.com,Singapore,2018-02-27,Standard,3702.03
8430,Mark King,mark.king8430@example.com,United Arab Emirates,2022-07-01,Standard,1161.65
8431,James Silva,james.silva8431@example.com,Brazil,2023-01-14,Premium,5825.93
8432,Matthew Rodriguez,matthew.rodriguez8432@example.com,Mexico,2025-10-29,Premium,8315.13
8433,Wei Lee,wei.lee8433@example.com,India,2025-01-29,Basic,100.17
8434,Nancy Chen,nancy.chen8434@example.com,United Kingdom,2020-12-13,Basic,267.28
8435,Margaret Sanchez,margaret.sanchez8435@example.com,Mexico,2020-01-02,Standard,2375.70
8436,Patricia Robinson,patricia.robinson8436@example.com,Italy,2022-09-17,Standard,1994.28
8437,Sarah Williams,sarah.williams8437@example.com,United States,2019-02-10,Standard,1394.85
8438,Ingrid Taylor,ingrid.taylor8438@example.com,Japan,2019-11-02,Premium,7697.81
8439,Joseph Scott,joseph.scott8439@example.com,Japan,2023-11-23,Standard,1030.80
8440,Jessica Flores,jessica.flores8440@example.com,Germany,2024-01-07,Premium,10663.32
8441,Joshua King,joshua.king8441@example.com,United Kingdom,2022-01-06,Standard,2658.22
8442,Thomas Ramirez,thomas.ramirez8442@example.com,Italy,2022-09-22,Standard,909.52
8443,Anthony Ramirez,anthony.ramirez8443@example.com,United States,2020-07-17,Basic,288.32
8444,Lisa Young,lisa.young8444@example.com,Japan,2018-08-01,Standard,2326.33
8445,Karen Gonzalez,karen.gonzalez8445@example.com,United Arab Emirates,2018-11-21,Standard,2882.93
8446,Ingrid Nguyen,ingrid.nguyen8446@example.com,United Kingdom,2023-05-25,Standard,1080.89
8447,Lisa Smith,lisa.smith8447@example.com,United States,2018-08-03,Standard,2973.03
8448,Elizabeth Ramirez,elizabeth.ramirez8448@example.com,France,2022-05-18,Standard,2619.45
8449,John Nguyen,john.nguyen8449@example.com,Canada,2021-03-12,Basic,483.89
8450,John Torres,john.torres8450@example.com,Canada,2018-01-27,Basic,37.57
8451,Michael Ramirez,michael.ramirez8451@example.com,Singapore,2025-06-20,Standard,2452.94
8452,Christopher Martin,christopher.martin8452@example.com,France,2020-10-15,Standard,347.23
8453,Michael Walker,michael.walker8453@example.com,Singapore,2021-01-05,Basic,683.37
8454,William Kim,william.kim8454@example.com,Brazil,2021-05-06,Basic,689.76
8455,Ananya Khan,ananya.khan8455@example.com,Singapore,2018-01-18,Standard,3663.07
8456,Christopher Lopez,,United Kingdom,2021-10-24,Basic,532.17
8457,Emily Torres,emily.torres8457@example.com,United Arab Emirates,2023-02-18,Standard,2808.77
8458,Richard Brown,richard.brown8458@example.com,Germany,2019-10-09,Standard,614.23
8459,Betty White,betty.white8459@example.com,United Arab Emirates,2022-06-26,Basic,455.64
8460,Michael Williams,michael.williams8460@example.com,United States,2025-01-13,Basic,425.77
8461,Wei Sanchez,wei.sanchez8461@example.com,Canada,2019-04-29,Basic,651.01
8462,Jennifer Wilson,jennifer.wilson8462@example.com,France,2018-01-04,Standard,2629.46
8463,Daniel Williams,daniel.williams8463@example.com,Australia,2021-01-09,Basic,140.91
8464,Sandra Clark,sandra.clark8464@example.com,France,2020-10-01,Basic,248.09
8465,Andrew Kim,andrew.kim8465@example.com,Spain,2022-08-23,Standard,1486.04
8466,Margaret Singh,margaret.singh8466@example.com,India,2018-09-07,Standard,3419.99
8467,Richard Jackson,richard.jackson8467@example.com,Brazil,2025-07-15,Standard,3429.14
8468,Jennifer Garcia,jennifer.garcia8468@example.com,United States,2019-10-05,Basic,406.68
8469,Omar Torres,omar.torres8469@example.com,Germany,2024-02-29,Basic,429.99
8470,Ashley Perez,ashley.perez8470@example.com,Spain,2024-04-16,Standard,2075.47
8471,Christopher Torres,christopher.torres8471@example.com,United Kingdom,2018-09-01,Basic,208.26
8472,Robert Singh,robert.singh8472@example.com,India,2019-11-02,Standard,3856.59
8473,Kimberly Mueller,kimberly.mueller8473@example.com,United Arab Emirates,2019-11-06,Basic,610.16
8474,Patricia Miller,patricia.miller8474@example.com,France,2020-08-04,Standard,277.79
8475,Wei Thomas,wei.thomas8475@example.com,United Kingdom,2024-10-06,Standard,3846.29
8476,Sandra Ali,sandra.ali8476@example.com,Spain,2021-03-22,Standard,1063.60
8477,Ingrid Ali,ingrid.ali8477@example.com,Mexico,2025-11-16,Basic,247.27
8478,Yuki Robinson,yuki.robinson8478@example.com,United Arab Emirates,2023-08-06,Standard,2834.27
8479,Carlos Jackson,carlos.jackson8479@example.com,United States,2021-04-23,Basic,797.69
8480,Donald Robinson,donald.robinson8480@example.com,Spain,2025-02-19,Premium,11938.73
8481,Carlos Moore,carlos.moore8481@example.com,Brazil,2019-09-08,Basic,629.68
8482,Sofia Allen,sofia.allen8482@example.com,Netherlands,2021-04-26,Standard,590.54
8483,James Clark,james.clark8483@example.com,United Arab Emirates,2025-05-23,Standard,3507.13
8484,Mary Williams,mary.williams8484@example.com,Brazil,2024-04-08,Standard,1307.99
8485,Barbara Flores,barbara.flores8485@example.com,Mexico,2024-05-23,Standard,1141.00
8486,Matthew Patel,matthew.patel8486@example.com,Canada,2019-06-12,Standard,2110.50
8487,Margaret Thompson,,Mexico,2023-04-09,Standard,3884.52
8488,Patricia Costa,patricia.costa8488@example.com,Japan,2024-08-22,Standard,471.47
8489,Nancy Kim,nancy.kim8489@example.com,Mexico,2024-06-04,Standard,2357.93
8490,Lisa Costa,lisa.costa8490@example.com,Japan,2020-12-05,Basic,182.88
8491,Yuki Thompson,yuki.thompson8491@example.com,India,2019-04-25,Basic,520.52
8492,Ingrid Anderson,ingrid.anderson8492@example.com,United Arab Emirates,2020-12-22,Standard,1245.89
8493,Fatima Robinson,fatima.robinson8493@example.com,Japan,2018-03-24,Standard,1774.74
8494,Ananya Wilson,ananya.wilson8494@example.com,Italy,2020-09-07,Premium,9681.98
8495,Michelle Kim,michelle.kim8495@example.com,India,2023-01-17,Standard,2251.53
8496,Ananya Moore,ananya.moore8496@example.com,Mexico,2018-03-26,Basic,593.94
8497,Susan Khan,susan.khan8497@example.com,Canada,2019-10-02,Basic,418.44
8498,Robert Patel,robert.patel8498@example.com,Canada,2020-01-18,Premium,7114.85
8499,Aarav Martinez,aarav.martinez8499@example.com,Spain,2023-09-24,Premium,3023.47
8500,Thomas Taylor,thomas.taylor8500@example.com,Japan,2023-09-01,Basic,466.90
8501,Ingrid Robinson,ingrid.robinson8501@example.com,Brazil,2018-08-01,Standard,2052.85
8502,Lisa Johnson,lisa.johnson8502@example.com,Mexico,2022-02-28,Standard,3798.61
8503,Carlos Johnson,carlos.johnson8503@example.com,United Arab Emirates,2019-06-18,Standard,1662.35
8504,Susan Lopez,susan.lopez8504@example.com,United Kingdom,2020-11-11,Standard,2912.42
8505,Hans Gonzalez,hans.gonzalez8505@example.com,India,2023-01-30,Premium,3987.99
8506,Ingrid Young,ingrid.young8506@example.com,United States,2020-11-11,Standard,3007.10
8507,John Walker,john.walker8507@example.com,Netherlands,2025-03-09,Standard,1118.15
8508,Joshua King,joshua.king8508@example.com,Spain,2021-09-08,Standard,819.71
8509,Ananya Gonzalez,ananya.gonzalez8509@example.com,Mexico,2022-11-16,Standard,3376.05
8510,Richard Harris,richard.harris8510@example.com,Canada,2023-10-28,Standard,1342.06
8511,Sarah Moore,sarah.moore8511@example.com,Spain,2024-07-29,Premium,9089.52
8512,Joseph Allen,joseph.allen8512@example.com,Brazil,2024-05-18,Basic,122.89
8513,David Sanchez,david.sanchez8513@example.com,Italy,2024-10-12,Basic,14.28
8514,Anthony Thompson,anthony.thompson8514@example.com,Mexico,2024-06-22,Premium,6077.55
8515,Donald Jackson,donald.jackson8515@example.com,Netherlands,2024-02-04,Standard,3358.46
8516,Ashley Miller,ashley.miller8516@example.com,India,2020-07-06,Standard,933.66
8517,Susan Jones,susan.jones8517@example.com,Brazil,2024-06-09,Basic,752.62
8518,Joseph Jones,joseph.jones8518@example.com,Germany,2025-03-11,Basic,239.01
8519,Ashley Perez,ashley.perez8519@example.com,United Arab Emirates,2018-09-18,Basic,493.01
8520,Margaret Mueller,margaret.mueller8520@example.com,Brazil,2022-04-04,Premium,6690.08
8521,Patricia Martinez,patricia.martinez8521@example.com,United States,2018-03-25,Premium,12216.65
8522,David Young,david.young8522@example.com,France,2025-06-08,Standard,2521.06
8523,Andrew Thompson,andrew.thompson8523@example.com,Singapore,2023-11-08,Basic,536.26
8524,Hans Robinson,hans.robinson8524@example.com,United States,2021-12-08,Premium,3568.12
8525,William Lee,william.lee8525@example.com,United Arab Emirates,2025-04-23,Standard,402.95
8526,Ananya Clark,ananya.clark8526@example.com,Mexico,2025-11-07,Standard,210.63
8527,Susan Young,susan.young8527@example.com,Australia,2024-09-15,Basic,166.56
8528,Carlos Scott,carlos.scott8528@example.com,Mexico,2025-09-01,Standard,837.51
8529,Ashley Jackson,ashley.jackson8529@example.com,Netherlands,2022-04-26,Standard,3143.89
8530,Barbara Sanchez,barbara.sanchez8530@example.com,Spain,2024-11-07,Basic,380.58
8531,Richard Garcia,richard.garcia8531@example.com,United Arab Emirates,2021-11-26,Premium,4125.74
8532,Thomas Silva,thomas.silva8532@example.com,Japan,2023-07-09,Basic,107.20
8533,Wei Johnson,wei.johnson8533@example.com,Brazil,2024-10-04,Standard,932.70
8534,Michael Martin,michael.martin8534@example.com,France,2020-10-25,Basic,523.31
8535,Sarah Davis,sarah.davis8535@example.com,Mexico,2022-03-19,Standard,2707.09
8536,Christopher Singh,christopher.singh8536@example.com,Netherlands,2025-04-23,Standard,1660.58
8537,Aarav Taylor,aarav.taylor8537@example.com,Japan,2021-02-12,Standard,224.10
8538,Andrew Ali,andrew.ali8538@example.com,Netherlands,2023-07-13,Basic,357.40
8539,Wei Jones,wei.jones8539@example.com,Brazil,2020-07-25,Basic,532.61
8540,Anthony King,anthony.king8540@example.com,Spain,2022-12-27,Standard,423.41
8541,Yuki Davis,yuki.davis8541@example.com,United Kingdom,2021-12-02,Basic,70.94
8542,Linda Johnson,linda.johnson8542@example.com,Canada,2025-04-28,Basic,425.00
8543,Mark Rodriguez,mark.rodriguez8543@example.com,Brazil,2021-12-25,Basic,463.24
8544,Sarah Moore,sarah.moore8544@example.com,India,2022-08-24,Basic,343.71
8545,Robert Flores,robert.flores8545@example.com,Australia,2023-02-24,Standard,2807.93
8546,James Garcia,james.garcia8546@example.com,United States,2021-01-12,Basic,187.67
8547,James Costa,james.costa8547@example.com,United Kingdom,2022-05-26,Premium,10502.61
8548,Nancy Robinson,nancy.robinson8548@example.com,France,2023-03-06,Standard,1606.54
8549,Ananya Costa,ananya.costa8549@example.com,Australia,2022-01-25,Basic,596.84
8550,Richard Rossi,richard.rossi8550@example.com,Spain,2023-05-07,Premium,8236.02
8551,Karen Garcia,karen.garcia8551@example.com,India,2018-01-12,Basic,346.58
8552,Christopher Flores,christopher.flores8552@example.com,Netherlands,2019-09-15,Premium,5136.94
8553,Patricia Flores,patricia.flores8553@example.com,United Arab Emirates,2022-10-12,Basic,608.61
8554,Barbara Davis,barbara.davis8554@example.com,Brazil,2025-02-19,Standard,289.02
8555,Anthony Miller,anthony.miller8555@example.com,Singapore,2021-10-01,Basic,176.24
8556,Sandra Anderson,sandra.anderson8556@example.com,Netherlands,2018-02-21,Basic,257.58
8557,Ingrid Jackson,ingrid.jackson8557@example.com,Mexico,2018-01-01,Standard,3813.57
8558,Fatima King,fatima.king8558@example.com,United Arab Emirates,2022-09-08,Premium,3936.13
8559,Richard Brown,richard.brown8559@example.com,Netherlands,2025-04-13,Basic,302.27
8560,Daniel Brown,daniel.brown8560@example.com,Singapore,2018-07-26,Standard,1840.96
8561,Linda Sanchez,linda.sanchez8561@example.com,Germany,2022-11-11,Standard,3419.98
8562,Sandra Brown,sandra.brown8562@example.com,United States,2021-01-07,Standard,649.97
8563,Sandra Chen,sandra.chen8563@example.com,Spain,2025-08-21,Basic,375.43
8564,Joshua Ramirez,joshua.ramirez8564@example.com,Canada,2024-08-31,Standard,2385.97
8565,Charles Clark,charles.clark8565@example.com,Mexico,2024-12-22,Standard,1671.52
8566,Patricia Scott,patricia.scott8566@example.com,Mexico,2022-09-18,Standard,3344.11
8567,Elizabeth Martinez,elizabeth.martinez8567@example.com,United Arab Emirates,2023-09-26,Standard,1032.15
8568,Steven Chen,steven.chen8568@example.com,Japan,2023-10-19,Basic,248.78
8569,Donald Lewis,donald.lewis8569@example.com,Japan,2023-09-14,Basic,725.06
8570,Elizabeth Taylor,elizabeth.taylor8570@example.com,Brazil,2021-11-27,Basic,497.38
8571,Kimberly Mueller,kimberly.mueller8571@example.com,Spain,2022-10-31,Standard,3985.68
8572,Mark Taylor,mark.taylor8572@example.com,United Kingdom,2025-10-21,Basic,187.47
8573,Ingrid Williams,ingrid.williams8573@example.com,Brazil,2018-09-23,Standard,3617.65
8574,Thomas Young,thomas.young8574@example.com,Mexico,2021-12-24,Basic,12.76
8575,Richard Silva,richard.silva8575@example.com,Germany,2022-04-25,Basic,361.86
8576,Elizabeth Rossi,elizabeth.rossi8576@example.com,Canada,2021-09-03,Standard,1651.06
8577,Hans Rossi,hans.rossi8577@example.com,Canada,2021-02-08,Standard,267.50
8578,David Wright,david.wright8578@example.com,France,2022-07-20,Standard,1372.62
8579,Joshua Kim,joshua.kim8579@example.com,Netherlands,2019-05-03,Basic,512.57
8580,Mark Garcia,mark.garcia8580@example.com,India,2018-08-18,Standard,2358.02
8581,Wei Patel,wei.patel8581@example.com,Netherlands,2020-06-06,Standard,2710.52
8582,Lisa Torres,lisa.torres8582@example.com,Germany,2023-04-06,Standard,3936.89
8583,Jennifer Anderson,jennifer.anderson8583@example.com,Spain,2024-11-08,Premium,2815.55
8584,Michael Allen,michael.allen8584@example.com,Italy,2020-09-15,Basic,304.97
8585,Donna Johnson,donna.johnson8585@example.com,United Arab Emirates,2022-12-08,Premium,9723.84
8586,Karen Ramirez,karen.ramirez8586@example.com,France,2024-09-17,Basic,209.38
8587,Ingrid Thompson,ingrid.thompson8587@example.com,Japan,2018-09-23,Standard,1448.72
8588,Joshua Silva,joshua.silva8588@example.com,France,2019-09-30,Standard,2079.15
8589,Andrew Garcia,andrew.garcia8589@example.com,Italy,2025-01-07,Basic,781.62
8590,Michelle Singh,michelle.singh8590@example.com,Netherlands,2023-12-31,Standard,2466.80
8591,Mary Flores,mary.flores8591@example.com,Australia,2025-08-09,Standard,389.93
8592,Margaret King,margaret.king8592@example.com,Singapore,2021-04-08,Premium,6007.91
8593,Jennifer Ramirez,jennifer.ramirez8593@example.com,Australia,2022-05-12,Basic,76.81
8594,Donald Silva,donald.silva8594@example.com,United Kingdom,2024-10-31,Standard,1257.56
8595,James Clark,james.clark8595@example.com,Brazil,2018-07-25,Basic,445.70
8596,Mary Perez,mary.perez8596@example.com,Italy,2021-11-12,Basic,443.50
8597,Sarah Singh,sarah.singh8597@example.com,Mexico,2025-04-06,Premium,8235.06
8598,Fatima Singh,fatima.singh8598@example.com,Italy,2021-08-13,Standard,2866.33
8599,Barbara Jackson,barbara.jackson8599@example.com,United States,2020-08-02,Basic,46.98
8600,Jennifer White,jennifer.white8600@example.com,Netherlands,2023-10-31,Premium,13243.01
8601,Jennifer Lewis,jennifer.lewis8601@example.com,Japan,2024-10-29,Standard,1853.77
8602,Ingrid Martinez,ingrid.martinez8602@example.com,Mexico,2021-05-29,Standard,2607.94
8603,Sandra Clark,sandra.clark8603@example.com,Canada,2024-11-03,Standard,1227.83
8604,Daniel Allen,,United Kingdom,2022-01-26,Basic,60.23
8605,Andrew Williams,andrew.williams8605@example.com,United Kingdom,2022-07-11,Premium,5021.27
8606,Thomas Flores,thomas.flores8606@example.com,United Kingdom,2022-12-20,Basic,735.48
8607,Ashley Khan,ashley.khan8607@example.com,United States,2023-12-18,Basic,261.90
8608,Karen Singh,karen.singh8608@example.com,Japan,2019-12-07,Standard,1092.19
8609,Wei Mueller,wei.mueller8609@example.com,India,2020-12-17,Standard,954.33
8610,Sarah Taylor,sarah.taylor8610@example.com,United Kingdom,2019-01-10,Standard,1115.96
8611,Aarav Smith,aarav.smith8611@example.com,India,2025-04-08,Premium,13150.03
8612,Donald Sanchez,donald.sanchez8612@example.com,Netherlands,2019-02-13,Standard,2754.36
8613,Lisa Miller,lisa.miller8613@example.com,Japan,2022-01-24,Standard,3934.15
8614,Jessica Hernandez,jessica.hernandez8614@example.com,Germany,2023-04-12,Basic,289.29
8615,Steven Silva,steven.silva8615@example.com,Brazil,2020-09-19,Standard,646.14
8616,Christopher Hernandez,christopher.hernandez8616@example.com,United Kingdom,2025-08-23,Basic,784.52
8617,Joseph Martinez,joseph.martinez8617@example.com,France,2025-11-01,Standard,750.03
8618,Sofia Wilson,sofia.wilson8618@example.com,Netherlands,2023-05-31,Standard,3208.08
8619,Margaret Lee,margaret.lee8619@example.com,United Kingdom,2024-03-09,Basic,5.19
8620,Richard Anderson,richard.anderson8620@example.com,United States,2022-09-18,Standard,2895.94
8621,Omar Lee,omar.lee8621@example.com,Italy,2023-11-14,Basic,35.44
8622,Karen King,karen.king8622@example.com,United Arab Emirates,2021-04-13,Standard,358.34
8623,Yuki Wright,yuki.wright8623@example.com,Australia,2020-02-06,Standard,1588.19
8624,Daniel King,daniel.king8624@example.com,United Kingdom,2024-06-19,Standard,919.24
8625,Carlos Mueller,carlos.mueller8625@example.com,Netherlands,2022-10-19,Standard,3531.27
8626,David Patel,david.patel8626@example.com,Singapore,2023-09-07,Standard,3816.63
8627,Carlos Wilson,carlos.wilson8627@example.com,Japan,2018-09-05,Standard,1595.32
8628,Paul Rodriguez,paul.rodriguez8628@example.com,United Kingdom,2022-09-09,Basic,114.88
8629,Richard Ali,richard.ali8629@example.com,Australia,2023-02-28,Standard,1618.45
8630,Mary Jones,mary.jones8630@example.com,Germany,2019-07-10,Premium,10266.84
8631,Mark Mueller,mark.mueller8631@example.com,Netherlands,2020-05-30,Premium,12862.08
8632,Ingrid Miller,ingrid.miller8632@example.com,Singapore,2021-03-15,Basic,749.77
8633,Mark Walker,mark.walker8633@example.com,Netherlands,2022-04-05,Basic,680.95
8634,Paul Allen,paul.allen8634@example.com,Australia,2020-05-16,Standard,2997.22
8635,Jennifer Thomas,jennifer.thomas8635@example.com,Mexico,2024-08-04,Basic,429.70
8636,James King,james.king8636@example.com,Netherlands,2025-09-28,Premium,14624.20
8637,Nancy Thomas,nancy.thomas8637@example.com,Japan,2024-07-17,Standard,2292.88
8638,Robert Lopez,robert.lopez8638@example.com,Spain,2020-07-02,Basic,787.56
8639,Michelle Harris,michelle.harris8639@example.com,India,2023-01-30,Basic,550.35
8640,Lisa Gonzalez,lisa.gonzalez8640@example.com,Brazil,2022-05-13,Basic,215.86
8641,Charles Perez,charles.perez8641@example.com,Spain,2021-09-04,Premium,14047.90
8642,Elizabeth Hernandez,elizabeth.hernandez8642@example.com,Japan,2025-05-14,Standard,980.95
8643,Sarah Costa,sarah.costa8643@example.com,France,2025-08-03,Standard,1221.54
8644,William Nguyen,william.nguyen8644@example.com,Italy,2022-05-03,Standard,663.69
8645,Kimberly Brown,kimberly.brown8645@example.com,Japan,2025-08-08,Standard,3553.07
8646,Matthew Williams,matthew.williams8646@example.com,Australia,2024-05-24,Basic,474.10
8647,Ananya Gonzalez,ananya.gonzalez8647@example.com,France,2021-10-24,Standard,482.11
8648,Matthew Chen,matthew.chen8648@example.com,Germany,2023-10-26,Basic,576.35
8649,Michelle Martinez,michelle.martinez8649@example.com,United Kingdom,2024-07-12,Premium,8711.86
8650,Carlos Harris,carlos.harris8650@example.com,Italy,2020-01-30,Premium,8301.67
8651,Lisa Khan,lisa.khan8651@example.com,Netherlands,2019-03-10,Standard,3050.76
8652,Jessica Clark,jessica.clark8652@example.com,Spain,2018-02-21,Standard,1569.12
8653,Joshua Perez,joshua.perez8653@example.com,Spain,2022-08-28,Standard,3669.08
8654,Christopher Patel,christopher.patel8654@example.com,Mexico,2022-04-20,Premium,9975.51
8655,Robert Rodriguez,robert.rodriguez8655@example.com,United Kingdom,2024-02-19,Standard,2209.05
8656,Michelle Nguyen,michelle.nguyen8656@example.com,Singapore,2018-01-07,Standard,2773.97
8657,Emily Allen,emily.allen8657@example.com,Japan,2022-04-21,Basic,610.02
8658,Kimberly Jones,kimberly.jones8658@example.com,United Arab Emirates,2018-01-15,Premium,7985.07
8659,Charles Hill,charles.hill8659@example.com,United Arab Emirates,2020-04-16,Basic,563.19
8660,Mary Thomas,mary.thomas8660@example.com,Australia,2023-09-26,Basic,23.48
8661,Ananya Perez,ananya.perez8661@example.com,Spain,2023-09-02,Basic,228.96
8662,Ingrid Moore,ingrid.moore8662@example.com,Singapore,2023-06-22,Standard,710.46
8663,Linda Gonzalez,linda.gonzalez8663@example.com,Singapore,2025-12-21,Standard,2078.53
8664,Ashley Clark,ashley.clark8664@example.com,Japan,2020-07-05,Standard,3147.95
8665,Robert Ali,robert.ali8665@example.com,Spain,2023-08-28,Standard,408.32
8666,Karen Anderson,karen.anderson8666@example.com,France,2025-10-31,Standard,1114.63
8667,Ingrid Nguyen,ingrid.nguyen8667@example.com,Mexico,2023-06-23,Basic,263.56
8668,Ingrid Harris,ingrid.harris8668@example.com,Netherlands,2020-12-06,Standard,870.99
8669,Emily Davis,emily.davis8669@example.com,United States,2018-09-27,Standard,3280.79
8670,Sofia Walker,sofia.walker8670@example.com,United Kingdom,2024-09-16,Standard,547.69
8671,Omar Anderson,omar.anderson8671@example.com,United Kingdom,2022-05-02,Premium,6638.47
8672,Omar Lewis,omar.lewis8672@example.com,United States,2020-06-08,Standard,417.60
8673,Yuki Wilson,yuki.wilson8673@example.com,Canada,2023-06-28,Premium,8861.72
8674,Mark Silva,mark.silva8674@example.com,United Kingdom,2025-11-20,Premium,5178.47
8675,William Young,william.young8675@example.com,Japan,2024-02-09,Basic,441.13
8676,Jennifer Wright,jennifer.wright8676@example.com,Netherlands,2019-11-15,Standard,291.87
8677,Susan Johnson,susan.johnson8677@example.com,Canada,2022-04-10,Basic,275.26
8678,Sandra Hernandez,sandra.hernandez8678@example.com,Canada,2024-03-16,Basic,710.55
8679,Michael Smith,michael.smith8679@example.com,Germany,2019-02-01,Standard,3749.91
8680,Mary Jones,mary.jones8680@example.com,Spain,2020-01-11,Standard,3079.40
8681,Robert Anderson,robert.anderson8681@example.com,Spain,2019-11-27,Standard,793.18
8682,Paul Kim,paul.kim8682@example.com,Germany,2025-06-06,Premium,7834.17
8683,John Lopez,john.lopez8683@example.com,Mexico,2025-04-27,Premium,13535.42
8684,Jennifer Hill,jennifer.hill8684@example.com,Canada,2021-02-09,Standard,1675.04
8685,Matthew Garcia,matthew.garcia8685@example.com,Germany,2022-07-09,Basic,28.68
8686,Sandra Young,sandra.young8686@example.com,Brazil,2019-10-04,Premium,2472.25
8687,Sofia Jackson,sofia.jackson8687@example.com,Italy,2025-12-30,Standard,2371.35
8688,Emily Smith,emily.smith8688@example.com,Singapore,2020-04-18,Standard,2821.60
8689,Daniel Anderson,daniel.anderson8689@example.com,Germany,2022-01-24,Standard,303.45
8690,Betty Ali,betty.ali8690@example.com,United Kingdom,2021-08-26,Standard,3901.71
8691,John Martin,john.martin8691@example.com,Mexico,2021-01-19,Basic,302.29
8692,Linda Young,linda.young8692@example.com,United Arab Emirates,2022-01-27,Standard,2729.06
8693,Carlos Perez,carlos.perez8693@example.com,Germany,2025-05-17,Premium,3632.48
8694,Donna Sanchez,donna.sanchez8694@example.com,United States,2024-07-30,Standard,3372.64
8695,Elizabeth Jackson,elizabeth.jackson8695@example.com,Brazil,2021-06-21,Basic,74.69
8696,Richard Perez,richard.perez8696@example.com,Spain,2022-09-15,Standard,1776.52
8697,Jessica Thomas,jessica.thomas8697@example.com,Germany,2022-04-22,Standard,1056.09
8698,Kimberly White,kimberly.white8698@example.com,Germany,2020-06-25,Standard,2499.05
8699,Donna Lee,donna.lee8699@example.com,United States,2025-11-17,Basic,9.33
8700,Emily Martin,emily.martin8700@example.com,United Kingdom,2025-08-24,Premium,6903.52
8701,Lisa Williams,lisa.williams8701@example.com,France,2022-10-30,Premium,8753.70
8702,Ananya Davis,ananya.davis8702@example.com,India,2018-01-23,Standard,3867.34
8703,Mary Anderson,mary.anderson8703@example.com,Netherlands,2025-02-06,Standard,3635.28
8704,Lisa White,lisa.white8704@example.com,Spain,2021-04-04,Standard,1676.34
8705,Sofia Jackson,sofia.jackson8705@example.com,United States,2019-02-05,Standard,2107.62
8706,Hans Kim,hans.kim8706@example.com,United States,2019-07-30,Basic,170.89
8707,James Miller,james.miller8707@example.com,India,2019-03-07,Standard,2480.18
8708,Emily Hill,emily.hill8708@example.com,Italy,2018-03-06,Premium,12959.97
8709,Linda Young,linda.young8709@example.com,United States,2023-02-13,Basic,775.23
8710,Linda Mueller,linda.mueller8710@example.com,United Kingdom,2022-05-16,Standard,3296.07
8711,Sandra Walker,sandra.walker8711@example.com,Netherlands,2018-03-27,Standard,1266.14
8712,Michael Sanchez,michael.sanchez8712@example.com,Spain,2019-08-19,Standard,2759.83
8713,Steven Patel,steven.patel8713@example.com,Germany,2024-10-10,Basic,539.09
8714,Daniel Ramirez,daniel.ramirez8714@example.com,Italy,2025-02-19,Standard,2320.77
8715,Hans Patel,hans.patel8715@example.com,United Kingdom,2018-02-11,Standard,740.29
8716,James Taylor,james.taylor8716@example.com,Japan,2023-06-15,Basic,64.27
8717,Mary Anderson,mary.anderson8717@example.com,Spain,2021-10-22,Standard,1064.43
8718,Ashley Harris,ashley.harris8718@example.com,Canada,2020-10-31,Basic,233.18
8719,Elizabeth Rossi,elizabeth.rossi8719@example.com,Singapore,2023-04-06,Basic,92.00
8720,Donna Lewis,donna.lewis8720@example.com,India,2020-06-11,Basic,51.54
8721,Charles White,charles.white8721@example.com,India,2018-03-04,Standard,3837.33
8722,Patricia Brown,patricia.brown8722@example.com,Mexico,2018-03-17,Premium,14740.82
8723,Carlos Nguyen,carlos.nguyen8723@example.com,Brazil,2020-03-12,Standard,3900.75
8724,Margaret Taylor,margaret.taylor8724@example.com,Brazil,2025-09-18,Premium,3806.98
8725,Thomas Wilson,thomas.wilson8725@example.com,Canada,2018-06-05,Standard,3824.95
8726,Michelle Johnson,michelle.johnson8726@example.com,United Kingdom,2020-12-05,Standard,1428.93
8727,Ananya King,ananya.king8727@example.com,Italy,2022-10-30,Premium,10645.18
8728,Mark Williams,mark.williams8728@example.com,Germany,2022-09-10,Standard,222.92
8729,Charles Davis,charles.davis8729@example.com,Netherlands,2022-10-19,Standard,248.47
8730,Barbara White,barbara.white8730@example.com,India,2020-04-08,Standard,2710.82
8731,Jennifer Gonzalez,jennifer.gonzalez8731@example.com,Canada,2023-01-18,Standard,1800.79
8732,Barbara Wright,barbara.wright8732@example.com,Mexico,2021-11-19,Premium,5889.19
8733,Robert Young,robert.young8733@example.com,Spain,2018-05-10,Standard,565.62
8734,Jessica Lewis,jessica.lewis8734@example.com,India,2024-02-29,Standard,1219.02
8735,David Scott,david.scott8735@example.com,Germany,2024-11-18,Premium,4654.16
8736,Hans Flores,hans.flores8736@example.com,Mexico,2025-01-26,Basic,723.04
8737,Mary Silva,mary.silva8737@example.com,Netherlands,2024-02-03,Basic,130.91
8738,Donna Ramirez,donna.ramirez8738@example.com,India,2022-11-13,Standard,3818.45
8739,William Brown,william.brown8739@example.com,Australia,2021-03-12,Basic,309.17
8740,Carlos Clark,carlos.clark8740@example.com,Brazil,2022-03-21,Basic,207.77
8741,Emily Thompson,emily.thompson8741@example.com,India,2018-07-15,Standard,2309.31
8742,Daniel Brown,daniel.brown8742@example.com,Canada,2025-04-11,Basic,693.54
8743,Karen Thomas,karen.thomas8743@example.com,Singapore,2024-06-07,Basic,464.28
8744,Elizabeth Thompson,elizabeth.thompson8744@example.com,United States,2024-07-04,Standard,2400.02
8745,David Allen,david.allen8745@example.com,United States,2019-08-14,Standard,2179.67
8746,Aarav Perez,aarav.perez8746@example.com,Canada,2020-10-24,Basic,190.73
8747,Yuki Martinez,yuki.martinez8747@example.com,India,2019-08-01,Standard,242.59
8748,Barbara Singh,barbara.singh8748@example.com,Japan,2022-08-04,Basic,269.88
8749,Andrew Davis,andrew.davis8749@example.com,Canada,2024-04-24,Standard,3208.29
8750,Kimberly Williams,kimberly.williams8750@example.com,United Kingdom,2023-12-12,Basic,685.00
8751,Joshua Costa,joshua.costa8751@example.com,United States,2021-10-19,Basic,155.81
8752,Margaret Young,margaret.young8752@example.com,United States,2025-07-10,Standard,2256.82
8753,Patricia Anderson,patricia.anderson8753@example.com,Japan,2021-03-31,Standard,270.53
8754,Sofia Ramirez,sofia.ramirez8754@example.com,Brazil,2022-07-04,Standard,2451.39
8755,Omar Khan,omar.khan8755@example.com,Mexico,2025-04-02,Basic,98.42
8756,Mary Perez,mary.perez8756@example.com,Brazil,2019-02-20,Premium,9522.31
8757,John Hill,john.hill8757@example.com,Brazil,2021-04-16,Standard,3891.91
8758,Hans Martin,hans.martin8758@example.com,Italy,2021-02-10,Standard,293.10
8759,Margaret Nguyen,margaret.nguyen8759@example.com,Canada,2021-06-21,Basic,197.79
8760,Sandra Ramirez,sandra.ramirez8760@example.com,Japan,2025-03-20,Standard,1359.72
8761,Linda Costa,linda.costa8761@example.com,Spain,2021-07-24,Standard,3031.42
8762,Lisa Clark,lisa.clark8762@example.com,Mexico,2021-07-12,Standard,2477.96
8763,Sandra Flores,sandra.flores8763@example.com,Australia,2020-01-08,Standard,3000.08
8764,Joseph Hernandez,joseph.hernandez8764@example.com,Germany,2019-11-17,Basic,770.63
8765,Joseph Young,joseph.young8765@example.com,Germany,2025-08-02,Basic,689.38
8766,Michelle Garcia,michelle.garcia8766@example.com,United States,2021-08-30,Standard,1754.47
8767,Hans Lee,hans.lee8767@example.com,Canada,2020-12-23,Standard,438.99
8768,Joseph Martin,joseph.martin8768@example.com,United Arab Emirates,2023-01-11,Standard,1709.27
8769,Ananya Anderson,ananya.anderson8769@example.com,Mexico,2023-09-08,Standard,1887.04
8770,Omar Scott,omar.scott8770@example.com,Spain,2022-11-03,Premium,2434.11
8771,Daniel Rossi,daniel.rossi8771@example.com,Mexico,2019-02-28,Standard,1989.01
8772,James Hernandez,james.hernandez8772@example.com,United Kingdom,2020-08-31,Standard,1825.49
8773,Jessica Lewis,jessica.lewis8773@example.com,Spain,2020-05-30,Standard,1957.49
8774,Paul Williams,paul.williams8774@example.com,Canada,2023-11-23,Premium,14938.90
8775,Richard Jackson,richard.jackson8775@example.com,India,2025-07-23,Premium,8260.10
8776,Linda Ramirez,linda.ramirez8776@example.com,United Kingdom,2022-08-23,Basic,99.47
8777,Michael Mueller,michael.mueller8777@example.com,Brazil,2022-04-13,Basic,740.16
8778,David Johnson,david.johnson8778@example.com,France,2023-03-05,Standard,2246.98
8779,Hans Anderson,hans.anderson8779@example.com,France,2019-05-11,Basic,224.46
8780,Christopher Thompson,christopher.thompson8780@example.com,Australia,2021-06-04,Basic,361.65
8781,Richard Jones,richard.jones8781@example.com,Netherlands,2022-06-12,Standard,2145.05
8782,Christopher Nguyen,christopher.nguyen8782@example.com,Australia,2020-08-05,Standard,1998.99
8783,Carlos Johnson,carlos.johnson8783@example.com,Singapore,2025-04-04,Premium,8794.88
8784,Joshua Moore,joshua.moore8784@example.com,Germany,2018-07-05,Standard,673.39
8785,Emily Chen,emily.chen8785@example.com,Japan,2019-03-03,Standard,1737.48
8786,Margaret Smith,margaret.smith8786@example.com,United States,2025-08-08,Standard,3210.37
8787,Thomas Jones,thomas.jones8787@example.com,Mexico,2018-06-04,Standard,3054.01
8788,Wei Rodriguez,wei.rodriguez8788@example.com,Australia,2020-01-27,Standard,2311.84
8789,David Ramirez,david.ramirez8789@example.com,Germany,2020-12-10,Premium,11002.26
8790,John Wright,john.wright8790@example.com,Netherlands,2022-11-13,Standard,3371.10
8791,Jennifer Taylor,jennifer.taylor8791@example.com,Italy,2019-01-19,Standard,2161.86
8792,Richard Lewis,richard.lewis8792@example.com,Netherlands,2019-09-14,Basic,471.58
8793,Richard King,richard.king8793@example.com,United States,2021-06-05,Basic,271.49
8794,Ananya Anderson,ananya.anderson8794@example.com,United Arab Emirates,2025-03-15,Premium,8820.54
8795,Sofia Anderson,sofia.anderson8795@example.com,Canada,2025-05-04,Standard,507.45
8796,Charles Young,charles.young8796@example.com,Mexico,2020-01-28,Standard,2956.35
8797,Richard Scott,richard.scott8797@example.com,Australia,2024-03-23,Standard,3277.58
8798,Susan Anderson,susan.anderson8798@example.com,Brazil,2025-04-12,Basic,105.19
8799,Omar Hernandez,omar.hernandez8799@example.com,Netherlands,2025-10-20,Standard,3167.61
8800,Michael Scott,michael.scott8800@example.com,India,2020-04-30,Premium,10569.11
8801,Barbara White,barbara.white8801@example.com,Japan,2020-10-17,Standard,329.88
8802,Barbara Garcia,barbara.garcia8802@example.com,Brazil,2018-09-17,Standard,1750.74
8803,Ananya Thomas,ananya.thomas8803@example.com,France,2018-10-25,Standard,3672.70
8804,Donald Silva,donald.silva8804@example.com,Australia,2018-02-24,Standard,787.25
8805,Ashley Martin,ashley.martin8805@example.com,United States,2023-04-18,Standard,807.48
8806,Omar Singh,omar.singh8806@example.com,Japan,2018-10-18,Standard,214.44
8807,Omar Johnson,omar.johnson8807@example.com,Canada,2022-09-06,Standard,2026.93
8808,Robert Lopez,robert.lopez8808@example.com,Spain,2020-09-23,Standard,1888.07
8809,Aarav Anderson,aarav.anderson8809@example.com,Japan,2021-09-09,Standard,3641.69
8810,Andrew Anderson,andrew.anderson8810@example.com,United States,2024-03-28,Basic,714.21
8811,Barbara Lewis,barbara.lewis8811@example.com,Japan,2019-01-30,Standard,1240.80
8812,Andrew Thompson,andrew.thompson8812@example.com,India,2020-09-30,Standard,3344.63
8813,Anthony Nguyen,anthony.nguyen8813@example.com,United Kingdom,2020-09-22,Standard,3796.40
8814,Ingrid Lopez,ingrid.lopez8814@example.com,United Kingdom,2025-02-03,Premium,5906.66
8815,Steven Clark,steven.clark8815@example.com,Spain,2018-12-17,Premium,6428.59
8816,Yuki Costa,yuki.costa8816@example.com,Germany,2018-08-01,Basic,654.08
8817,Matthew Young,matthew.young8817@example.com,Canada,2025-08-13,Standard,2388.81
8818,Matthew Young,matthew.young8818@example.com,Canada,2021-02-08,Premium,11148.80
8819,Robert Martinez,robert.martinez8819@example.com,United States,2020-11-11,Standard,1320.45
8820,Michael Hernandez,michael.hernandez8820@example.com,Japan,2020-04-05,Premium,11844.66
8821,William Jackson,william.jackson8821@example.com,France,2023-08-26,Standard,1452.96
8822,Barbara Wilson,barbara.wilson8822@example.com,Japan,2025-04-02,Basic,780.13
8823,Margaret Khan,margaret.khan8823@example.com,United Arab Emirates,2020-06-25,Premium,12438.80
8824,William Lewis,william.lewis8824@example.com,Australia,2018-04-14,Standard,2873.29
8825,Hans Gonzalez,hans.gonzalez8825@example.com,Spain,2025-09-13,Standard,1460.93
8826,Robert Ali,robert.ali8826@example.com,Japan,2024-05-19,Standard,3467.29
8827,Patricia Ramirez,patricia.ramirez8827@example.com,Brazil,2021-04-10,Standard,482.92
8828,Anthony Nguyen,anthony.nguyen8828@example.com,Spain,2020-06-17,Standard,3840.56
8829,Anthony Sanchez,anthony.sanchez8829@example.com,Germany,2025-07-29,Basic,197.27
8830,Sofia White,sofia.white8830@example.com,Canada,2023-09-09,Standard,1234.96
8831,Joseph Perez,joseph.perez8831@example.com,Brazil,2023-07-25,Standard,3578.94
8832,Lisa Torres,lisa.torres8832@example.com,Mexico,2021-02-06,Premium,14539.00
8833,Steven Anderson,steven.anderson8833@example.com,Japan,2025-08-21,Standard,3729.52
8834,Steven Khan,steven.khan8834@example.com,France,2021-07-02,Standard,2257.04
8835,Andrew Hernandez,andrew.hernandez8835@example.com,Mexico,2022-03-26,Standard,342.62
8836,William Moore,william.moore8836@example.com,United States,2020-01-18,Standard,1535.35
8837,Matthew Young,matthew.young8837@example.com,United Kingdom,2019-05-09,Standard,3947.16
8838,Kimberly Lopez,kimberly.lopez8838@example.com,Netherlands,2024-08-04,Standard,2310.49
8839,Robert Sanchez,robert.sanchez8839@example.com,Italy,2018-01-14,Basic,770.03
8840,Mark Rossi,mark.rossi8840@example.com,Netherlands,2019-10-25,Standard,2438.58
8841,James Anderson,james.anderson8841@example.com,Japan,2018-05-07,Basic,243.22
8842,Ashley Taylor,ashley.taylor8842@example.com,United Kingdom,2022-11-26,Premium,9942.30
8843,Emily Smith,emily.smith8843@example.com,Australia,2021-07-29,Standard,1412.28
8844,Linda Smith,linda.smith8844@example.com,Netherlands,2019-02-21,Standard,2535.93
8845,Donna Robinson,donna.robinson8845@example.com,United States,2023-07-25,Basic,678.37
8846,Sofia Allen,sofia.allen8846@example.com,Netherlands,2020-04-26,Standard,2777.99
8847,Jessica Rodriguez,jessica.rodriguez8847@example.com,United States,2019-11-13,Standard,2769.74
8848,Lisa Nguyen,lisa.nguyen8848@example.com,India,2018-06-25,Standard,450.65
8849,Betty White,betty.white8849@example.com,India,2021-08-01,Standard,2004.16
8850,Kimberly Harris,kimberly.harris8850@example.com,United Kingdom,2024-03-24,Standard,470.72
8851,James Singh,james.singh8851@example.com,Brazil,2025-07-05,Basic,598.57
8852,James Perez,james.perez8852@example.com,Singapore,2021-10-13,Standard,3964.78
8853,Donald Wilson,donald.wilson8853@example.com,Spain,2021-03-08,Standard,640.03
8854,Andrew Sanchez,andrew.sanchez8854@example.com,United States,2022-11-03,Premium,14065.40
8855,Linda Clark,linda.clark8855@example.com,Netherlands,2025-07-23,Basic,689.19
8856,Wei Perez,wei.perez8856@example.com,Canada,2022-12-10,Standard,1638.17
8857,Mary Khan,mary.khan8857@example.com,France,2025-10-12,Standard,1623.20
8858,Joshua Robinson,joshua.robinson8858@example.com,Canada,2023-09-22,Basic,67.70
8859,Susan Anderson,susan.anderson8859@example.com,United Arab Emirates,2022-05-05,Basic,693.45
8860,Mark Perez,mark.perez8860@example.com,Singapore,2022-01-22,Standard,1198.86
8861,Mary Harris,mary.harris8861@example.com,France,2020-01-10,Standard,1788.10
8862,Lisa Gonzalez,lisa.gonzalez8862@example.com,Japan,2024-02-17,Standard,798.12
8863,Aarav Martin,aarav.martin8863@example.com,Mexico,2022-11-18,Standard,2435.87
8864,Matthew Rossi,matthew.rossi8864@example.com,Italy,2025-09-08,Premium,3499.09
8865,Sandra Silva,sandra.silva8865@example.com,Japan,2018-05-29,Standard,1296.10
8866,Charles Patel,charles.patel8866@example.com,Australia,2020-07-02,Premium,14189.80
8867,Kimberly Lewis,kimberly.lewis8867@example.com,Canada,2019-07-20,Standard,3247.58
8868,Matthew Davis,matthew.davis8868@example.com,United Arab Emirates,2020-09-14,Basic,693.26
8869,Michelle Brown,michelle.brown8869@example.com,United Kingdom,2025-05-06,Basic,593.93
8870,Joshua Wilson,joshua.wilson8870@example.com,Mexico,2025-04-02,Basic,550.28
8871,Charles Wilson,charles.wilson8871@example.com,Canada,2025-09-12,Basic,130.66
8872,Richard Moore,richard.moore8872@example.com,Italy,2021-08-18,Basic,264.29
8873,Mark Hill,mark.hill8873@example.com,United States,2018-06-17,Standard,2006.76
8874,Nancy Sanchez,nancy.sanchez8874@example.com,Singapore,2024-03-31,Standard,2043.43
8875,Jessica Brown,jessica.brown8875@example.com,Germany,2022-09-13,Standard,1524.14
8876,Kimberly Gonzalez,kimberly.gonzalez8876@example.com,Canada,2025-04-05,Standard,2787.84
8877,Michael Brown,michael.brown8877@example.com,Germany,2022-06-23,Standard,2045.59
8878,Donald Harris,donald.harris8878@example.com,Mexico,2022-01-19,Basic,643.63
8879,Wei Khan,wei.khan8879@example.com,Italy,2019-06-11,Standard,2934.15
8880,William Moore,william.moore8880@example.com,Australia,2023-05-18,Basic,174.50
8881,Jennifer Nguyen,jennifer.nguyen8881@example.com,India,2021-09-07,Standard,3161.96
8882,Donna Davis,donna.davis8882@example.com,United States,2024-10-13,Basic,244.59
8883,Thomas Chen,thomas.chen8883@example.com,United Kingdom,2024-01-14,Premium,11163.22
8884,Omar Moore,omar.moore8884@example.com,Germany,2024-04-12,Basic,740.61
8885,Kimberly Rodriguez,kimberly.rodriguez8885@example.com,Mexico,2023-01-05,Standard,1733.99
8886,Sarah Davis,sarah.davis8886@example.com,Australia,2022-05-04,Standard,2050.24
8887,Ingrid Wright,ingrid.wright8887@example.com,Singapore,2023-09-05,Standard,2496.47
8888,Donna Sanchez,donna.sanchez8888@example.com,United States,2023-10-29,Standard,3110.84
8889,Kimberly Ramirez,kimberly.ramirez8889@example.com,United Arab Emirates,2018-11-19,Standard,3950.23
8890,Karen Davis,karen.davis8890@example.com,Germany,2021-08-18,Standard,2419.53
8891,Sofia Rossi,sofia.rossi8891@example.com,France,2024-11-03,Basic,42.35
8892,Charles Jackson,charles.jackson8892@example.com,France,2020-02-02,Standard,1940.56
8893,Mark Rodriguez,mark.rodriguez8893@example.com,France,2021-11-08,Standard,2960.10
8894,Donald Scott,donald.scott8894@example.com,United States,2024-09-30,Standard,1469.37
8895,Sandra Kim,sandra.kim8895@example.com,Brazil,2021-02-09,Standard,3638.36
8896,Sandra Lee,sandra.lee8896@example.com,Singapore,2024-11-18,Basic,196.55
8897,Linda Taylor,linda.taylor8897@example.com,United States,2020-09-06,Standard,1905.57
8898,David Scott,david.scott8898@example.com,United States,2020-07-24,Basic,251.32
8899,Kimberly Hill,kimberly.hill8899@example.com,Canada,2025-07-31,Standard,3635.42
8900,Emily Kim,emily.kim8900@example.com,Japan,2023-07-20,Standard,2025.17
8901,James Rossi,james.rossi8901@example.com,United States,2019-03-12,Standard,927.28
8902,Ananya Singh,ananya.singh8902@example.com,Singapore,2024-09-26,Standard,2586.11
8903,Christopher Sanchez,christopher.sanchez8903@example.com,Brazil,2024-11-11,Basic,744.26
8904,Donald Khan,donald.khan8904@example.com,Netherlands,2025-08-02,Basic,647.93
8905,Jessica Garcia,jessica.garcia8905@example.com,Brazil,2023-05-30,Basic,53.64
8906,Betty Lopez,betty.lopez8906@example.com,Italy,2022-12-06,Standard,2992.32
8907,Kimberly Clark,kimberly.clark8907@example.com,United Arab Emirates,2020-08-10,Premium,12341.90
8908,Hans Scott,hans.scott8908@example.com,Netherlands,2023-12-28,Standard,653.64
8909,James Gonzalez,james.gonzalez8909@example.com,Netherlands,2022-08-07,Premium,3687.73
8910,Yuki Flores,yuki.flores8910@example.com,France,2018-04-22,Standard,2518.16
8911,Betty Sanchez,betty.sanchez8911@example.com,Singapore,2021-02-07,Standard,2354.68
8912,Mark Johnson,mark.johnson8912@example.com,Germany,2022-06-03,Basic,237.55
8913,Jessica Taylor,jessica.taylor8913@example.com,Spain,2021-10-10,Basic,229.81
8914,William Miller,william.miller8914@example.com,Australia,2019-11-29,Standard,383.91
8915,Paul Kim,paul.kim8915@example.com,Canada,2025-11-09,Premium,4296.23
8916,Kimberly Flores,kimberly.flores8916@example.com,France,2023-09-11,Standard,821.38
8917,James Johnson,james.johnson8917@example.com,Mexico,2019-10-30,Basic,658.25
8918,Daniel Thomas,daniel.thomas8918@example.com,India,2018-04-17,Basic,231.07
8919,Daniel Sanchez,daniel.sanchez8919@example.com,Mexico,2022-09-12,Standard,2474.94
8920,John Garcia,john.garcia8920@example.com,United Arab Emirates,2020-06-13,Standard,914.95
8921,Christopher Rodriguez,christopher.rodriguez8921@example.com,United States,2021-01-20,Basic,713.87
8922,Linda Lee,linda.lee8922@example.com,India,2023-10-07,Standard,2820.14
8923,Omar Martinez,omar.martinez8923@example.com,Japan,2022-09-06,Standard,3909.03
8924,Jennifer Kim,jennifer.kim8924@example.com,Brazil,2023-01-14,Basic,651.34
8925,Carlos Torres,carlos.torres8925@example.com,Germany,2020-09-16,Basic,180.96
8926,Nancy Ramirez,nancy.ramirez8926@example.com,Mexico,2021-06-26,Basic,723.61
8927,Mary Garcia,mary.garcia8927@example.com,France,2021-08-05,Standard,1901.44
8928,Matthew Garcia,matthew.garcia8928@example.com,Singapore,2025-07-01,Standard,3789.65
8929,Andrew Ali,andrew.ali8929@example.com,United States,2022-08-25,Basic,225.07
8930,James Wilson,james.wilson8930@example.com,France,2018-09-16,Premium,10272.10
8931,Ashley Thomas,ashley.thomas8931@example.com,Spain,2022-07-29,Standard,1600.69
8932,William Wilson,william.wilson8932@example.com,Australia,2022-02-22,Standard,2864.33
8933,Lisa Jackson,lisa.jackson8933@example.com,Canada,2019-06-07,Standard,3309.19
8934,Patricia Anderson,patricia.anderson8934@example.com,Japan,2021-02-22,Basic,589.94
8935,Anthony Robinson,anthony.robinson8935@example.com,Australia,2020-12-02,Standard,1350.32
8936,Patricia Jones,patricia.jones8936@example.com,Singapore,2023-10-03,Basic,494.12
8937,Fatima Allen,fatima.allen8937@example.com,Canada,2021-05-14,Basic,543.72
8938,Nancy Wilson,nancy.wilson8938@example.com,Singapore,2025-03-08,Standard,1196.17
8939,Barbara Perez,barbara.perez8939@example.com,Singapore,2022-10-27,Standard,676.41
8940,Paul Chen,paul.chen8940@example.com,Netherlands,2025-04-02,Basic,1.87
8941,Omar Allen,omar.allen8941@example.com,Netherlands,2020-10-13,Premium,12168.22
8942,Steven Jackson,steven.jackson8942@example.com,Brazil,2021-09-26,Basic,677.45
8943,Jessica Mueller,jessica.mueller8943@example.com,Netherlands,2018-06-27,Basic,370.56
8944,Sarah Flores,sarah.flores8944@example.com,Singapore,2021-07-23,Premium,2239.93
8945,Omar Wright,omar.wright8945@example.com,United Kingdom,2025-07-06,Basic,208.35
8946,Hans Thompson,hans.thompson8946@example.com,India,2021-01-08,Standard,1787.14
8947,Daniel Jones,daniel.jones8947@example.com,Australia,2024-12-01,Premium,2300.09
8948,Aarav Kim,aarav.kim8948@example.com,Canada,2024-12-31,Standard,3797.82
8949,Carlos Thompson,carlos.thompson8949@example.com,Brazil,2020-06-14,Basic,511.34
8950,Elizabeth Perez,elizabeth.perez8950@example.com,United States,2020-08-08,Standard,651.57
8951,Paul Moore,paul.moore8951@example.com,Germany,2024-09-06,Standard,3173.77
8952,Sarah Silva,sarah.silva8952@example.com,United States,2025-09-18,Premium,6165.42
8953,Yuki Johnson,yuki.johnson8953@example.com,United Kingdom,2020-05-13,Premium,3397.06
8954,Daniel Brown,daniel.brown8954@example.com,Japan,2023-07-27,Basic,194.35
8955,Nancy Singh,nancy.singh8955@example.com,United States,2018-06-05,Standard,1111.60
8956,Sarah Patel,sarah.patel8956@example.com,Spain,2020-05-06,Basic,756.47
8957,Sofia Flores,sofia.flores8957@example.com,Australia,2019-08-06,Standard,295.41
8958,Nancy Singh,nancy.singh8958@example.com,Italy,2022-02-15,Standard,2886.07
8959,Carlos Harris,carlos.harris8959@example.com,United Arab Emirates,2023-08-31,Basic,241.23
8960,Ashley White,ashley.white8960@example.com,India,2022-12-18,Standard,2276.19
8961,Joseph Anderson,joseph.anderson8961@example.com,Mexico,2024-07-05,Standard,3136.94
8962,Susan Jones,susan.jones8962@example.com,Spain,2021-12-09,Premium,3032.82
8963,Paul Allen,paul.allen8963@example.com,Netherlands,2022-12-28,Standard,2278.39
8964,Kimberly Lopez,kimberly.lopez8964@example.com,Japan,2018-03-03,Basic,543.08
8965,Andrew Perez,andrew.perez8965@example.com,Italy,2023-09-19,Standard,1120.55
8966,Mark King,mark.king8966@example.com,Spain,2018-10-19,Standard,2331.25
8967,Emily Ramirez,emily.ramirez8967@example.com,Spain,2025-03-20,Basic,470.81
8968,Ingrid Singh,ingrid.singh8968@example.com,Australia,2025-02-14,Standard,2828.94
8969,Mary Lewis,mary.lewis8969@example.com,India,2022-09-15,Basic,125.89
8970,Christopher Singh,christopher.singh8970@example.com,Spain,2023-03-31,Basic,2.84
8971,Susan Hernandez,susan.hernandez8971@example.com,Japan,2025-03-01,Standard,2128.78
8972,Daniel King,daniel.king8972@example.com,India,2018-08-07,Standard,3219.74
8973,Emily Williams,emily.williams8973@example.com,United States,2023-06-13,Standard,1497.33
8974,Wei Rodriguez,wei.rodriguez8974@example.com,Australia,2024-07-25,Premium,13845.74
8975,Sandra Jackson,sandra.jackson8975@example.com,United States,2025-02-04,Standard,1715.82
8976,Thomas Wright,thomas.wright8976@example.com,Brazil,2020-02-18,Standard,2532.73
8977,John Martinez,john.martinez8977@example.com,Netherlands,2020-11-12,Standard,3333.84
8978,Ingrid Moore,ingrid.moore8978@example.com,Brazil,2020-08-22,Premium,10260.86
8979,Andrew Walker,andrew.walker8979@example.com,Japan,2025-04-27,Premium,10113.85
8980,Yuki Smith,yuki.smith8980@example.com,United Kingdom,2018-08-26,Premium,11844.77
8981,Hans Sanchez,hans.sanchez8981@example.com,United Kingdom,2024-11-05,Standard,2788.29
8982,Ananya Jones,ananya.jones8982@example.com,Mexico,2025-01-25,Basic,202.14
8983,William Ramirez,william.ramirez8983@example.com,Spain,2022-05-26,Premium,7396.42
8984,Anthony Moore,anthony.moore8984@example.com,United States,2023-06-25,Standard,2838.64
8985,Joseph Thompson,joseph.thompson8985@example.com,India,2022-09-18,Standard,1593.34
8986,Omar Ali,omar.ali8986@example.com,Germany,2019-03-12,Premium,14398.09
8987,Hans Silva,hans.silva8987@example.com,Spain,2018-01-22,Standard,485.89
8988,Matthew Garcia,matthew.garcia8988@example.com,Japan,2020-06-25,Standard,878.20
8989,Nancy Hernandez,nancy.hernandez8989@example.com,United Arab Emirates,2018-07-11,Basic,47.53
8990,Ashley Jackson,ashley.jackson8990@example.com,Italy,2022-04-19,Premium,13391.64
8991,Fatima Khan,fatima.khan8991@example.com,United States,2024-03-02,Standard,1635.60
8992,Charles Martinez,charles.martinez8992@example.com,Spain,2020-08-21,Standard,566.41
8993,Ashley Rodriguez,ashley.rodriguez8993@example.com,Singapore,2021-05-16,Standard,1651.54
8994,Sofia Taylor,sofia.taylor8994@example.com,Brazil,2019-04-19,Basic,30.51
8995,Patricia Sanchez,patricia.sanchez8995@example.com,Brazil,2025-03-22,Premium,5079.67
8996,Sandra King,sandra.king8996@example.com,Mexico,2019-11-05,Standard,475.12
8997,Linda Wright,linda.wright8997@example.com,United States,2023-02-24,Premium,4092.23
8998,Joshua Johnson,joshua.johnson8998@example.com,France,2023-04-13,Standard,2558.48
8999,Paul Rossi,paul.rossi8999@example.com,Canada,2025-05-08,Premium,3235.40
9000,Patricia Mueller,patricia.mueller9000@example.com,Australia,2021-01-16,Standard,1966.81
9001,Yuki Ramirez,yuki.ramirez9001@example.com,Japan,2025-01-23,Basic,296.29
9002,Hans White,hans.white9002@example.com,United States,2020-07-11,Standard,3261.11
9003,Joseph Sanchez,joseph.sanchez9003@example.com,Singapore,2021-08-04,Standard,2606.28
9004,Hans Rossi,hans.rossi9004@example.com,Netherlands,2023-06-27,Basic,745.33
9005,Jennifer Johnson,jennifer.johnson9005@example.com,Netherlands,2024-12-06,Basic,572.90
9006,Donna Patel,donna.patel9006@example.com,Singapore,2023-06-02,Standard,2211.16
9007,Paul Ali,paul.ali9007@example.com,India,2019-10-27,Basic,173.77
9008,John Wright,john.wright9008@example.com,India,2020-05-26,Premium,4516.75
9009,Susan Johnson,susan.johnson9009@example.com,Singapore,2024-02-09,Standard,861.57
9010,Sandra Williams,sandra.williams9010@example.com,United Kingdom,2022-05-28,Premium,14388.49
9011,Sandra Thompson,sandra.thompson9011@example.com,Brazil,2021-11-23,Standard,968.82
9012,Fatima Costa,fatima.costa9012@example.com,Netherlands,2021-04-05,Standard,3201.63
9013,Jennifer Ramirez,jennifer.ramirez9013@example.com,United Kingdom,2021-10-30,Standard,506.54
9014,Donald Martinez,donald.martinez9014@example.com,Spain,2020-04-08,Basic,42.16
9015,Daniel Allen,daniel.allen9015@example.com,Brazil,2019-12-19,Standard,3931.02
9016,Joseph Singh,joseph.singh9016@example.com,United States,2024-02-07,Standard,3113.35
9017,Patricia Mueller,patricia.mueller9017@example.com,Japan,2025-02-23,Basic,791.23
9018,James Wright,james.wright9018@example.com,Japan,2022-10-25,Basic,704.43
9019,Jennifer Miller,jennifer.miller9019@example.com,India,2023-08-19,Standard,278.65
9020,Karen Khan,karen.khan9020@example.com,United States,2022-06-18,Basic,785.26
9021,Yuki Costa,yuki.costa9021@example.com,Brazil,2019-06-04,Standard,552.47
9022,William Lewis,william.lewis9022@example.com,Australia,2023-10-17,Premium,3374.14
9023,Andrew King,andrew.king9023@example.com,Singapore,2025-05-25,Basic,697.66
9024,Anthony Ramirez,anthony.ramirez9024@example.com,United Arab Emirates,2022-02-14,Basic,102.96
9025,Nancy Martinez,nancy.martinez9025@example.com,Brazil,2020-04-07,Basic,662.50
9026,Mark Davis,,Brazil,2018-01-27,Premium,14167.93
9027,Paul Clark,paul.clark9027@example.com,Australia,2021-01-27,Standard,1792.90
9028,Sofia Martin,sofia.martin9028@example.com,Brazil,2020-08-21,Premium,6548.93
9029,Joshua Martin,joshua.martin9029@example.com,Mexico,2021-10-06,Standard,927.44
9030,Sandra Jackson,sandra.jackson9030@example.com,India,2019-12-08,Basic,254.01
9031,Mark Harris,mark.harris9031@example.com,Singapore,2024-05-22,Standard,2632.30
9032,Ashley Ali,ashley.ali9032@example.com,Netherlands,2020-06-24,Standard,2785.96
9033,Andrew White,andrew.white9033@example.com,Spain,2022-04-30,Premium,2442.09
9034,Carlos Hernandez,carlos.hernandez9034@example.com,Spain,2020-10-17,Basic,525.27
9035,Sofia Johnson,sofia.johnson9035@example.com,Spain,2018-03-11,Premium,13463.99
9036,Daniel Ali,daniel.ali9036@example.com,United States,2025-08-12,Standard,1871.60
9037,Ananya Jones,ananya.jones9037@example.com,Netherlands,2019-02-04,Standard,2559.74
9038,Matthew Rossi,matthew.rossi9038@example.com,Italy,2020-06-30,Standard,735.17
9039,Patricia Kim,patricia.kim9039@example.com,United Arab Emirates,2023-07-06,Standard,773.60
9040,Fatima Nguyen,fatima.nguyen9040@example.com,Italy,2019-01-10,Standard,1573.31
9041,Ananya Hill,ananya.hill9041@example.com,India,2025-09-13,Basic,547.78
9042,Joseph Anderson,joseph.anderson9042@example.com,Japan,2021-04-07,Basic,73.30
9043,William Silva,william.silva9043@example.com,Singapore,2024-07-02,Basic,546.79
9044,Ingrid Johnson,ingrid.johnson9044@example.com,Japan,2023-09-16,Standard,530.94
9045,Carlos Khan,carlos.khan9045@example.com,Australia,2018-08-08,Basic,529.31
9046,Richard Johnson,richard.johnson9046@example.com,Mexico,2024-01-01,Basic,46.39
9047,Jennifer Patel,jennifer.patel9047@example.com,France,2020-03-30,Standard,1241.62
9048,Andrew Wilson,andrew.wilson9048@example.com,India,2022-11-18,Standard,2204.31
9049,Omar King,omar.king9049@example.com,Mexico,2025-01-20,Standard,3692.73
9050,Jessica Jackson,jessica.jackson9050@example.com,France,2025-11-12,Standard,1190.24
9051,Fatima Ramirez,fatima.ramirez9051@example.com,United Kingdom,2019-01-22,Standard,3242.80
9052,Ashley Mueller,ashley.mueller9052@example.com,United States,2024-12-03,Standard,1746.89
9053,Ashley Martin,ashley.martin9053@example.com,Spain,2020-04-03,Premium,3820.77
9054,Kimberly Thomas,kimberly.thomas9054@example.com,Japan,2023-06-02,Basic,19.34
9055,Carlos Patel,carlos.patel9055@example.com,Singapore,2021-10-06,Standard,596.14
9056,Yuki Hernandez,yuki.hernandez9056@example.com,Mexico,2018-06-15,Standard,2314.65
9057,Daniel Taylor,daniel.taylor9057@example.com,United Kingdom,2022-03-27,Standard,731.45
9058,Donald Wilson,donald.wilson9058@example.com,Singapore,2020-02-06,Standard,1482.95
9059,Michael Rodriguez,michael.rodriguez9059@example.com,Singapore,2024-04-14,Standard,3663.84
9060,Betty Sanchez,betty.sanchez9060@example.com,United States,2020-11-15,Standard,3230.35
9061,Michelle Lewis,michelle.lewis9061@example.com,Italy,2020-10-30,Basic,208.99
9062,Sandra Ramirez,sandra.ramirez9062@example.com,United Kingdom,2019-06-13,Standard,1352.73
9063,Michelle Sanchez,michelle.sanchez9063@example.com,India,2019-04-16,Standard,1766.45
9064,Barbara Jones,barbara.jones9064@example.com,Canada,2023-03-05,Standard,596.39
9065,Lisa Khan,lisa.khan9065@example.com,Spain,2024-03-16,Standard,1328.87
9066,Thomas Kim,thomas.kim9066@example.com,Italy,2025-01-08,Standard,3369.24
9067,James Patel,james.patel9067@example.com,Netherlands,2022-12-06,Premium,5377.61
9068,Nancy Ali,nancy.ali9068@example.com,United States,2023-06-09,Standard,1780.75
9069,Karen Wright,karen.wright9069@example.com,France,2019-04-17,Standard,1058.21
9070,Wei Thomas,wei.thomas9070@example.com,Brazil,2022-11-20,Premium,2604.02
9071,Paul Costa,paul.costa9071@example.com,India,2024-10-20,Standard,1287.37
9072,Barbara Patel,barbara.patel9072@example.com,Netherlands,2019-06-07,Basic,736.13
9073,Lisa Rodriguez,lisa.rodriguez9073@example.com,Netherlands,2024-01-26,Standard,2239.65
9074,Matthew Smith,matthew.smith9074@example.com,United Arab Emirates,2022-02-02,Standard,3266.32
9075,Karen Miller,karen.miller9075@example.com,Italy,2021-12-16,Standard,1383.33
9076,Michael Taylor,michael.taylor9076@example.com,Spain,2024-06-28,Premium,10525.22
9077,John Kim,john.kim9077@example.com,Spain,2023-03-10,Premium,13236.79
9078,Andrew Kim,andrew.kim9078@example.com,United Arab Emirates,2018-11-22,Standard,2591.55
9079,Andrew Allen,andrew.allen9079@example.com,Germany,2021-07-07,Basic,415.82
9080,Charles Scott,charles.scott9080@example.com,Italy,2018-02-03,Basic,539.36
9081,William Robinson,william.robinson9081@example.com,United Kingdom,2022-12-18,Standard,3922.66
9082,Omar Miller,omar.miller9082@example.com,Australia,2025-04-04,Basic,401.52
9083,Nancy Gonzalez,nancy.gonzalez9083@example.com,Mexico,2018-01-19,Basic,666.45
9084,Michael Singh,michael.singh9084@example.com,France,2023-06-20,Standard,2365.70
9085,Thomas Smith,thomas.smith9085@example.com,United States,2025-05-15,Basic,153.84
9086,Hans Wright,hans.wright9086@example.com,United Kingdom,2019-11-14,Standard,2351.46
9087,John Sanchez,john.sanchez9087@example.com,Canada,2024-10-14,Standard,2547.33
9088,Matthew Lee,matthew.lee9088@example.com,France,2018-05-15,Standard,787.30
9089,Andrew Thomas,andrew.thomas9089@example.com,France,2021-08-11,Standard,681.64
9090,Anthony Patel,anthony.patel9090@example.com,Brazil,2019-06-15,Standard,2193.78
9091,David Thomas,david.thomas9091@example.com,Australia,2021-08-04,Standard,1795.17
9092,Anthony Williams,anthony.williams9092@example.com,Japan,2018-02-03,Basic,292.04
9093,Paul Johnson,paul.johnson9093@example.com,Canada,2023-11-24,Standard,3119.94
9094,Steven Smith,steven.smith9094@example.com,Germany,2018-01-01,Premium,2006.01
9095,Richard Robinson,richard.robinson9095@example.com,Japan,2022-06-16,Standard,3488.01
9096,Sofia Walker,sofia.walker9096@example.com,Netherlands,2025-05-09,Standard,3418.65
9097,Elizabeth Brown,elizabeth.brown9097@example.com,Germany,2018-02-11,Basic,363.44
9098,Patricia Wright,patricia.wright9098@example.com,Netherlands,2022-10-04,Premium,9424.34
9099,David Hernandez,david.hernandez9099@example.com,Italy,2024-08-14,Standard,1976.03
9100,Ananya Sanchez,ananya.sanchez9100@example.com,India,2021-01-07,Standard,462.56
9101,Omar Jones,omar.jones9101@example.com,Japan,2018-09-01,Basic,356.27
9102,Ingrid Singh,ingrid.singh9102@example.com,Brazil,2019-07-04,Basic,495.72
9103,David Khan,david.khan9103@example.com,Singapore,2019-09-26,Standard,2716.38
9104,Anthony Wilson,anthony.wilson9104@example.com,Netherlands,2020-08-31,Standard,1364.14
9105,David Ali,david.ali9105@example.com,Germany,2024-04-10,Basic,466.10
9106,Aarav Wright,aarav.wright9106@example.com,Spain,2021-01-08,Standard,2539.91
9107,Daniel Hill,daniel.hill9107@example.com,Mexico,2019-07-31,Premium,12026.23
9108,Sofia Anderson,sofia.anderson9108@example.com,India,2022-01-27,Basic,679.34
9109,Steven Thompson,steven.thompson9109@example.com,United Kingdom,2023-10-13,Standard,2667.94
9110,Thomas Sanchez,thomas.sanchez9110@example.com,Spain,2023-10-14,Standard,3300.96
9111,Michael Ramirez,michael.ramirez9111@example.com,Mexico,2018-04-20,Premium,6551.88
9112,Emily Young,emily.young9112@example.com,United States,2025-10-30,Standard,2617.73
9113,Donna Clark,donna.clark9113@example.com,Italy,2024-07-24,Premium,9818.87
9114,Hans Brown,hans.brown9114@example.com,United Arab Emirates,2025-08-02,Basic,686.63
9115,Michelle Martin,michelle.martin9115@example.com,Brazil,2024-05-08,Premium,6260.70
9116,Wei Hernandez,wei.hernandez9116@example.com,United Kingdom,2023-03-17,Standard,2464.03
9117,Steven Flores,steven.flores9117@example.com,Italy,2019-01-28,Standard,1244.39
9118,Thomas Wright,thomas.wright9118@example.com,Canada,2024-04-22,Premium,14380.95
9119,Linda Walker,linda.walker9119@example.com,Japan,2021-02-19,Standard,1481.31
9120,Kimberly Martin,kimberly.martin9120@example.com,Brazil,2021-01-12,Standard,2430.24
9121,John Williams,john.williams9121@example.com,United Kingdom,2022-09-20,Standard,898.63
9122,Ingrid King,ingrid.king9122@example.com,India,2024-01-22,Basic,672.23
9123,Ashley Chen,ashley.chen9123@example.com,United States,2018-08-17,Standard,2318.30
9124,Wei Johnson,wei.johnson9124@example.com,Netherlands,2018-03-26,Standard,505.27
9125,Ashley Jackson,ashley.jackson9125@example.com,Netherlands,2025-05-17,Basic,531.51
9126,Christopher Lewis,christopher.lewis9126@example.com,United Kingdom,2025-05-17,Standard,3649.00
9127,William Perez,william.perez9127@example.com,Singapore,2025-10-27,Standard,3085.66
9128,Aarav Clark,aarav.clark9128@example.com,Italy,2025-09-17,Standard,2279.51
9129,Margaret Hill,margaret.hill9129@example.com,United States,2019-03-02,Basic,271.57
9130,Ananya Scott,ananya.scott9130@example.com,Netherlands,2020-05-14,Premium,6942.34
9131,Elizabeth Moore,elizabeth.moore9131@example.com,France,2024-12-17,Basic,516.42
9132,Yuki Jackson,yuki.jackson9132@example.com,Spain,2018-06-02,Basic,3.74
9133,Daniel Davis,daniel.davis9133@example.com,United States,2022-05-30,Standard,3605.84
9134,Mark Rodriguez,mark.rodriguez9134@example.com,France,2022-10-07,Standard,392.35
9135,Lisa Walker,lisa.walker9135@example.com,United Arab Emirates,2019-10-15,Standard,3383.02
9136,Paul Walker,paul.walker9136@example.com,Brazil,2022-05-02,Standard,1122.70
9137,Patricia Singh,patricia.singh9137@example.com,India,2022-12-06,Standard,701.72
9138,Paul Hill,paul.hill9138@example.com,Mexico,2019-01-23,Premium,13162.51
9139,Yuki Brown,yuki.brown9139@example.com,Italy,2022-09-07,Premium,5248.00
9140,Ananya Robinson,ananya.robinson9140@example.com,Netherlands,2025-07-27,Standard,505.91
9141,James Taylor,james.taylor9141@example.com,United Kingdom,2018-07-06,Basic,542.37
9142,David Gonzalez,david.gonzalez9142@example.com,Netherlands,2024-04-27,Premium,8197.53
9143,Daniel Robinson,daniel.robinson9143@example.com,Netherlands,2022-11-08,Standard,3972.09
9144,Ingrid Kim,ingrid.kim9144@example.com,United Arab Emirates,2023-08-16,Basic,679.18
9145,Matthew Thompson,matthew.thompson9145@example.com,India,2022-01-03,Basic,277.64
9146,Nancy Allen,nancy.allen9146@example.com,India,2022-04-23,Standard,3531.85
9147,Lisa Johnson,lisa.johnson9147@example.com,Australia,2022-04-24,Basic,213.90
9148,Steven Walker,steven.walker9148@example.com,Spain,2022-06-30,Standard,1377.54
9149,Steven Walker,steven.walker9149@example.com,United States,2018-07-30,Premium,2698.76
9150,Nancy Thompson,nancy.thompson9150@example.com,Spain,2020-12-21,Standard,1494.17
9151,Jessica Thomas,jessica.thomas9151@example.com,Mexico,2023-09-19,Standard,1526.66
9152,Donna Taylor,donna.taylor9152@example.com,Japan,2021-03-18,Standard,1293.75
9153,James Jackson,james.jackson9153@example.com,Italy,2025-11-03,Basic,249.09
9154,John Perez,john.perez9154@example.com,Australia,2020-05-18,Standard,3107.57
9155,Donald Williams,donald.williams9155@example.com,United Arab Emirates,2021-10-03,Standard,2665.29
9156,Robert King,robert.king9156@example.com,Australia,2025-04-09,Premium,3568.14
9157,Paul Kim,paul.kim9157@example.com,Singapore,2022-01-30,Standard,2688.83
9158,Daniel Lee,daniel.lee9158@example.com,United Kingdom,2019-12-31,Standard,2384.49
9159,Michael Chen,michael.chen9159@example.com,United Arab Emirates,2025-04-06,Standard,776.69
9160,Robert Flores,robert.flores9160@example.com,Brazil,2023-03-08,Standard,2931.44
9161,Jennifer King,jennifer.king9161@example.com,Canada,2025-10-11,Premium,6906.57
9162,Omar Robinson,omar.robinson9162@example.com,Singapore,2020-03-04,Standard,1640.27
9163,Thomas Wright,thomas.wright9163@example.com,United States,2024-08-26,Standard,2175.12
9164,Joshua Martinez,joshua.martinez9164@example.com,France,2020-07-03,Standard,2800.92
9165,Andrew Costa,andrew.costa9165@example.com,France,2024-10-11,Standard,980.88
9166,Aarav Martin,aarav.martin9166@example.com,Australia,2025-10-26,Basic,758.80
9167,Paul Nguyen,paul.nguyen9167@example.com,Japan,2022-09-08,Standard,509.68
9168,Aarav Mueller,aarav.mueller9168@example.com,United Arab Emirates,2023-11-27,Premium,10648.93
9169,Sandra Harris,sandra.harris9169@example.com,Italy,2021-07-19,Standard,2189.32
9170,Patricia Wright,patricia.wright9170@example.com,Canada,2024-12-07,Standard,1774.19
9171,Christopher Hernandez,christopher.hernandez9171@example.com,United Arab Emirates,2025-10-14,Basic,357.62
9172,Andrew Mueller,andrew.mueller9172@example.com,Netherlands,2018-04-24,Premium,13174.03
9173,Richard Chen,richard.chen9173@example.com,Australia,2018-03-23,Premium,6816.62
9174,Omar Young,omar.young9174@example.com,United Kingdom,2025-01-17,Standard,3980.94
9175,Paul Silva,paul.silva9175@example.com,United Arab Emirates,2021-10-08,Basic,496.94
9176,Paul Silva,paul.silva9176@example.com,Brazil,2022-10-01,Basic,458.58
9177,Lisa Torres,lisa.torres9177@example.com,Canada,2025-03-08,Basic,136.46
9178,Kimberly Garcia,kimberly.garcia9178@example.com,Brazil,2023-10-25,Standard,1118.73
9179,Susan Miller,susan.miller9179@example.com,Italy,2025-09-26,Basic,193.42
9180,Donna Martin,donna.martin9180@example.com,Italy,2020-08-24,Premium,11944.01
9181,Thomas Lee,thomas.lee9181@example.com,United Kingdom,2020-04-06,Standard,870.48
9182,Lisa Khan,lisa.khan9182@example.com,Italy,2020-01-12,Standard,1298.11
9183,Christopher Young,christopher.young9183@example.com,Canada,2022-04-19,Premium,14919.62
9184,Omar Robinson,omar.robinson9184@example.com,Germany,2021-09-25,Standard,590.20
9185,Charles Hill,charles.hill9185@example.com,Singapore,2022-08-14,Premium,4615.10
9186,Ashley Khan,ashley.khan9186@example.com,Germany,2019-02-13,Premium,8040.73
9187,Aarav Williams,aarav.williams9187@example.com,Italy,2018-11-01,Premium,2578.13
9188,Matthew Smith,matthew.smith9188@example.com,Singapore,2023-06-08,Basic,310.30
9189,Charles Moore,charles.moore9189@example.com,France,2025-08-16,Standard,1777.45
9190,Barbara Kim,barbara.kim9190@example.com,United Arab Emirates,2022-03-18,Basic,776.40
9191,Susan Thomas,susan.thomas9191@example.com,Australia,2021-02-11,Basic,59.07
9192,Betty Patel,betty.patel9192@example.com,Netherlands,2024-02-20,Standard,2723.08
9193,Ashley Williams,ashley.williams9193@example.com,India,2019-09-10,Basic,75.71
9194,Carlos Rossi,carlos.rossi9194@example.com,France,2025-08-09,Basic,511.86
9195,Carlos Anderson,carlos.anderson9195@example.com,Singapore,2019-01-26,Basic,379.88
9196,Ananya Gonzalez,ananya.gonzalez9196@example.com,United Arab Emirates,2023-09-10,Standard,1590.25
9197,Thomas Rossi,thomas.rossi9197@example.com,Spain,2021-07-01,Basic,428.79
9198,David Harris,david.harris9198@example.com,United Arab Emirates,2019-08-04,Premium,12685.30
9199,Jessica Perez,jessica.perez9199@example.com,Brazil,2019-09-22,Standard,3533.54
9200,Thomas Williams,thomas.williams9200@example.com,United Arab Emirates,2022-01-15,Basic,642.21
9201,Jessica Williams,jessica.williams9201@example.com,United Arab Emirates,2018-11-11,Basic,768.96
9202,Joseph Flores,joseph.flores9202@example.com,France,2022-02-06,Premium,10528.30
9203,Joshua Rodriguez,joshua.rodriguez9203@example.com,Singapore,2025-02-12,Standard,827.50
9204,Sarah Brown,sarah.brown9204@example.com,United States,2022-03-13,Standard,1791.55
9205,Wei Anderson,wei.anderson9205@example.com,India,2022-01-05,Standard,1727.01
9206,Steven White,steven.white9206@example.com,Canada,2023-11-24,Standard,3126.52
9207,Emily Taylor,emily.taylor9207@example.com,Mexico,2024-04-28,Basic,622.33
9208,Karen King,karen.king9208@example.com,Mexico,2024-04-14,Basic,33.87
9209,Daniel Ali,daniel.ali9209@example.com,Italy,2020-05-04,Standard,3337.34
9210,Richard King,richard.king9210@example.com,Mexico,2019-05-31,Premium,7278.73
9211,Matthew Smith,matthew.smith9211@example.com,France,2018-02-11,Standard,1355.13
9212,Sandra White,sandra.white9212@example.com,Brazil,2021-07-12,Premium,2201.75
9213,Anthony Singh,anthony.singh9213@example.com,India,2021-08-16,Basic,412.66
9214,Hans Flores,hans.flores9214@example.com,Italy,2018-06-09,Standard,2653.00
9215,Christopher Wright,christopher.wright9215@example.com,Singapore,2024-08-16,Basic,397.47
9216,Sofia Ali,sofia.ali9216@example.com,United Kingdom,2020-04-07,Basic,135.39
9217,Barbara Williams,barbara.williams9217@example.com,United States,2018-09-08,Standard,1717.33
9218,Omar Jones,omar.jones9218@example.com,Singapore,2018-06-02,Standard,3341.14
9219,Andrew Walker,andrew.walker9219@example.com,Canada,2020-10-05,Basic,305.44
9220,Jessica Perez,jessica.perez9220@example.com,Netherlands,2025-07-14,Standard,3228.49
9221,Jennifer Martin,jennifer.martin9221@example.com,United Kingdom,2018-07-22,Basic,780.73
9222,Elizabeth Scott,elizabeth.scott9222@example.com,United Kingdom,2019-08-15,Standard,1021.93
9223,Emily Clark,emily.clark9223@example.com,United Arab Emirates,2019-05-10,Standard,1224.36
9224,Fatima Costa,fatima.costa9224@example.com,France,2021-09-13,Premium,5873.31
9225,Elizabeth Taylor,elizabeth.taylor9225@example.com,United Kingdom,2019-12-01,Basic,229.79
9226,Mary Martinez,mary.martinez9226@example.com,United Kingdom,2025-11-17,Standard,411.76
9227,Mary Miller,mary.miller9227@example.com,Brazil,2023-11-27,Standard,3765.33
9228,David Wright,david.wright9228@example.com,United Kingdom,2020-12-20,Standard,2716.71
9229,Nancy Brown,nancy.brown9229@example.com,Singapore,2023-06-24,Standard,2355.26
9230,Fatima Anderson,fatima.anderson9230@example.com,Netherlands,2019-10-25,Standard,2495.83
9231,Matthew Davis,matthew.davis9231@example.com,Brazil,2022-08-10,Standard,898.41
9232,Sarah Mueller,sarah.mueller9232@example.com,France,2022-07-29,Standard,2993.96
9233,Matthew Jackson,matthew.jackson9233@example.com,Netherlands,2024-01-11,Premium,11797.03
9234,Joshua Robinson,joshua.robinson9234@example.com,United Arab Emirates,2022-01-26,Standard,1019.02
9235,Robert Moore,robert.moore9235@example.com,Germany,2018-01-02,Premium,10345.20
9236,John Hill,john.hill9236@example.com,Germany,2020-08-30,Premium,6897.33
9237,William Young,william.young9237@example.com,United Arab Emirates,2019-05-15,Basic,577.06
9238,Nancy Ramirez,nancy.ramirez9238@example.com,Italy,2019-11-03,Standard,1801.31
9239,Ashley Mueller,ashley.mueller9239@example.com,Netherlands,2020-03-21,Basic,343.46
9240,Donna Martinez,donna.martinez9240@example.com,Netherlands,2024-09-16,Standard,2740.34
9241,Andrew Walker,andrew.walker9241@example.com,Singapore,2023-02-07,Basic,156.39
9242,Carlos Mueller,carlos.mueller9242@example.com,France,2020-03-06,Standard,3796.11
9243,Elizabeth Jones,elizabeth.jones9243@example.com,United Kingdom,2024-08-30,Standard,807.92
9244,Barbara Hernandez,barbara.hernandez9244@example.com,Singapore,2020-07-02,Basic,157.43
9245,Carlos Garcia,carlos.garcia9245@example.com,United Arab Emirates,2021-08-25,Standard,871.09
9246,David Wilson,david.wilson9246@example.com,United States,2022-04-26,Standard,749.28
9247,Yuki Johnson,yuki.johnson9247@example.com,Singapore,2025-11-29,Basic,233.01
9248,John Rossi,john.rossi9248@example.com,France,2021-05-10,Standard,482.76
9249,Karen Perez,karen.perez9249@example.com,United Kingdom,2024-08-14,Basic,789.88
9250,Thomas White,thomas.white9250@example.com,Spain,2018-04-18,Standard,2185.13
9251,Ananya Torres,ananya.torres9251@example.com,Italy,2020-07-17,Standard,3639.21
9252,Omar Kim,omar.kim9252@example.com,France,2022-08-27,Standard,3653.73
9253,Omar Flores,omar.flores9253@example.com,Germany,2025-03-17,Standard,3826.93
9254,Sarah Davis,sarah.davis9254@example.com,Germany,2021-11-01,Standard,2300.70
9255,Carlos Anderson,carlos.anderson9255@example.com,Japan,2023-01-05,Standard,2132.16
9256,Donna White,donna.white9256@example.com,Canada,2024-11-01,Basic,17.31
9257,Jessica Silva,jessica.silva9257@example.com,Spain,2021-01-02,Premium,6423.61
9258,Donald White,donald.white9258@example.com,United States,2023-09-15,Standard,2857.39
9259,Barbara Thompson,barbara.thompson9259@example.com,Brazil,2019-06-13,Basic,180.00
9260,Sofia Khan,sofia.khan9260@example.com,United States,2018-01-24,Standard,2031.80
9261,Emily Clark,emily.clark9261@example.com,Canada,2024-04-02,Basic,348.59
9262,Karen Allen,karen.allen9262@example.com,Australia,2025-08-22,Basic,365.10
9263,Sandra Rossi,sandra.rossi9263@example.com,India,2019-11-20,Standard,3023.99
9264,Michael Moore,michael.moore9264@example.com,Italy,2022-02-11,Standard,3825.73
9265,Matthew White,matthew.white9265@example.com,Spain,2022-04-10,Premium,9427.89
9266,Wei Rodriguez,wei.rodriguez9266@example.com,Singapore,2025-05-29,Standard,202.57
9267,Barbara Perez,barbara.perez9267@example.com,Spain,2025-08-30,Basic,295.19
9268,Aarav Chen,aarav.chen9268@example.com,United Arab Emirates,2025-01-07,Basic,82.64
9269,Linda Mueller,linda.mueller9269@example.com,United Arab Emirates,2022-02-16,Standard,1549.33
9270,Anthony Lopez,,Canada,2019-08-09,Standard,1806.72
9271,Anthony Lewis,anthony.lewis9271@example.com,Spain,2023-09-10,Standard,299.45
9272,Ananya Torres,ananya.torres9272@example.com,United States,2021-07-06,Basic,454.74
9273,Karen Walker,karen.walker9273@example.com,Germany,2022-10-04,Premium,12679.43
9274,David Jackson,david.jackson9274@example.com,India,2020-03-24,Basic,782.73
9275,Elizabeth Johnson,elizabeth.johnson9275@example.com,France,2020-07-10,Standard,732.88
9276,Anthony Patel,anthony.patel9276@example.com,Germany,2021-05-07,Premium,13290.20
9277,Omar Chen,omar.chen9277@example.com,Singapore,2020-04-30,Basic,382.76
9278,Daniel Martinez,daniel.martinez9278@example.com,Italy,2020-12-27,Basic,152.05
9279,Linda Williams,linda.williams9279@example.com,India,2025-07-31,Standard,3404.59
9280,Anthony Wright,anthony.wright9280@example.com,United Arab Emirates,2018-05-04,Standard,2552.57
9281,Sofia White,sofia.white9281@example.com,Canada,2020-02-03,Standard,821.42
9282,Lisa Hernandez,lisa.hernandez9282@example.com,Netherlands,2022-07-04,Basic,220.51
9283,Mark Jackson,mark.jackson9283@example.com,Brazil,2018-09-10,Standard,1852.49
9284,Ananya Patel,ananya.patel9284@example.com,France,2021-02-28,Standard,820.64
9285,Anthony Patel,anthony.patel9285@example.com,Germany,2018-06-01,Basic,373.34
9286,Wei Mueller,wei.mueller9286@example.com,Japan,2018-11-21,Premium,11549.03
9287,Carlos Jones,carlos.jones9287@example.com,Canada,2019-07-08,Basic,235.46
9288,Charles King,charles.king9288@example.com,India,2022-05-24,Basic,484.80
9289,Karen Rodriguez,karen.rodriguez9289@example.com,Italy,2023-09-17,Premium,8270.76
9290,Fatima Nguyen,fatima.nguyen9290@example.com,United States,2021-02-18,Standard,1173.47
9291,Robert Brown,robert.brown9291@example.com,Netherlands,2018-09-10,Standard,1869.42
9292,Omar Gonzalez,omar.gonzalez9292@example.com,Italy,2021-04-16,Standard,3686.56
9293,Barbara Johnson,barbara.johnson9293@example.com,Mexico,2020-05-01,Standard,261.85
9294,Anthony Jackson,anthony.jackson9294@example.com,France,2018-12-17,Premium,3691.19
9295,Patricia Robinson,patricia.robinson9295@example.com,Singapore,2021-01-29,Premium,10905.75
9296,Susan Jones,susan.jones9296@example.com,India,2022-02-26,Premium,12216.00
9297,Susan Garcia,susan.garcia9297@example.com,Japan,2023-10-05,Standard,1931.70
9298,Christopher Williams,christopher.williams9298@example.com,United States,2022-10-30,Standard,1890.51
9299,Daniel Kim,daniel.kim9299@example.com,Canada,2020-12-20,Premium,8791.02
9300,Daniel Jones,daniel.jones9300@example.com,United States,2024-05-10,Standard,1534.49
9301,Sarah Rossi,sarah.rossi9301@example.com,Brazil,2023-04-27,Premium,2672.76
9302,Elizabeth Jones,elizabeth.jones9302@example.com,Germany,2024-01-21,Standard,1675.47
9303,Michael Perez,michael.perez9303@example.com,Canada,2025-12-15,Premium,7647.54
9304,Carlos Walker,carlos.walker9304@example.com,France,2020-05-01,Basic,601.12
9305,Michelle Gonzalez,michelle.gonzalez9305@example.com,United States,2022-05-29,Standard,599.15
9306,Anthony Lee,anthony.lee9306@example.com,France,2025-10-28,Premium,13352.45
9307,Barbara Lee,barbara.lee9307@example.com,Canada,2025-11-02,Standard,336.93
9308,Richard Young,richard.young9308@example.com,United Kingdom,2019-08-20,Basic,5.52
9309,Elizabeth Lee,elizabeth.lee9309@example.com,Japan,2025-04-08,Basic,790.76
9310,Christopher Rossi,christopher.rossi9310@example.com,France,2018-03-23,Basic,439.03
9311,Margaret Rossi,margaret.rossi9311@example.com,Italy,2024-11-02,Basic,342.81
9312,Donna Rodriguez,donna.rodriguez9312@example.com,Germany,2020-08-19,Standard,1748.54
9313,Michael Singh,michael.singh9313@example.com,United Arab Emirates,2024-07-13,Premium,11559.98
9314,Michelle Torres,michelle.torres9314@example.com,Canada,2024-08-16,Standard,3935.78
9315,Ingrid Ali,ingrid.ali9315@example.com,Netherlands,2018-08-30,Basic,20.59
9316,Joshua Flores,joshua.flores9316@example.com,Canada,2019-11-06,Standard,3371.62
9317,Michelle Lewis,michelle.lewis9317@example.com,Canada,2024-08-02,Basic,108.57
9318,Omar Kim,omar.kim9318@example.com,Japan,2023-01-07,Standard,3458.96
9319,Karen Rossi,karen.rossi9319@example.com,Italy,2024-08-18,Premium,13226.31
9320,Thomas Flores,thomas.flores9320@example.com,India,2020-12-20,Standard,2616.51
9321,Karen Ali,karen.ali9321@example.com,United States,2019-09-01,Standard,1739.66
9322,Thomas Kim,thomas.kim9322@example.com,Germany,2023-12-22,Standard,3760.01
9323,Margaret Patel,margaret.patel9323@example.com,Australia,2022-11-27,Standard,3598.09
9324,Emily Jones,emily.jones9324@example.com,United States,2021-10-01,Basic,56.06
9325,Ingrid Hernandez,ingrid.hernandez9325@example.com,Italy,2019-07-10,Standard,2855.59
9326,Sandra Martinez,sandra.martinez9326@example.com,Germany,2018-03-20,Basic,588.74
9327,Ashley Walker,ashley.walker9327@example.com,Japan,2020-08-14,Standard,2720.24
9328,Sandra Robinson,sandra.robinson9328@example.com,United States,2023-07-14,Standard,211.57
9329,Omar Rodriguez,,United States,2023-08-24,Standard,2516.78
9330,Joseph Patel,joseph.patel9330@example.com,Italy,2025-10-16,Standard,3472.70
9331,Joseph Gonzalez,joseph.gonzalez9331@example.com,Canada,2021-12-26,Basic,363.52
9332,Barbara Brown,,Spain,2020-10-16,Standard,3207.52
9333,Matthew Garcia,matthew.garcia9333@example.com,Australia,2025-03-18,Basic,131.18
9334,Jennifer Lewis,jennifer.lewis9334@example.com,United Arab Emirates,2019-09-11,Basic,471.70
9335,Christopher Rossi,christopher.rossi9335@example.com,United Kingdom,2022-04-12,Premium,10377.35
9336,Betty Brown,betty.brown9336@example.com,Japan,2022-09-11,Basic,760.88
9337,Margaret Costa,margaret.costa9337@example.com,Canada,2018-03-23,Premium,9210.80
9338,James Singh,james.singh9338@example.com,United States,2024-05-15,Standard,886.01
9339,Ananya Chen,ananya.chen9339@example.com,Brazil,2022-05-21,Basic,718.55
9340,Susan Silva,susan.silva9340@example.com,Netherlands,2023-12-06,Standard,1786.20
9341,Susan Wilson,susan.wilson9341@example.com,Mexico,2025-04-08,Basic,776.14
9342,John Sanchez,john.sanchez9342@example.com,Australia,2025-03-17,Standard,3990.02
9343,Margaret Smith,margaret.smith9343@example.com,India,2021-12-21,Basic,15.84
9344,Ananya Johnson,ananya.johnson9344@example.com,India,2018-07-19,Standard,2779.35
9345,Patricia Scott,patricia.scott9345@example.com,Australia,2025-01-07,Standard,2563.21
9346,Lisa Brown,lisa.brown9346@example.com,Mexico,2023-08-31,Standard,3351.91
9347,Daniel White,daniel.white9347@example.com,United Arab Emirates,2021-04-23,Basic,249.30
9348,Robert Nguyen,robert.nguyen9348@example.com,France,2018-10-04,Standard,3408.05
9349,Thomas Wilson,thomas.wilson9349@example.com,Australia,2018-07-17,Standard,1612.85
9350,Omar Lopez,omar.lopez9350@example.com,Netherlands,2024-07-21,Standard,2518.08
9351,John Lewis,john.lewis9351@example.com,Mexico,2019-04-27,Standard,3096.82
9352,Steven Davis,steven.davis9352@example.com,United Arab Emirates,2021-06-25,Basic,489.04
9353,Paul Wilson,paul.wilson9353@example.com,Japan,2020-12-15,Standard,2517.67
9354,Jessica Rodriguez,jessica.rodriguez9354@example.com,Canada,2023-01-17,Basic,353.96
9355,Andrew Khan,andrew.khan9355@example.com,Canada,2023-05-13,Premium,7660.90
9356,Nancy White,nancy.white9356@example.com,Italy,2025-06-28,Premium,12272.75
9357,Sarah Gonzalez,sarah.gonzalez9357@example.com,India,2025-03-13,Basic,696.64
9358,Sofia Miller,sofia.miller9358@example.com,Brazil,2021-12-22,Standard,2649.57
9359,Wei Rodriguez,wei.rodriguez9359@example.com,Mexico,2021-08-12,Basic,41.95
9360,Paul Thomas,paul.thomas9360@example.com,Australia,2018-05-27,Basic,725.75
9361,Donna Brown,donna.brown9361@example.com,Brazil,2021-04-07,Standard,2309.82
9362,Mark White,mark.white9362@example.com,Brazil,2022-02-13,Basic,682.74
9363,Ingrid Lee,ingrid.lee9363@example.com,United Arab Emirates,2021-07-16,Basic,198.67
9364,Wei Khan,wei.khan9364@example.com,Brazil,2021-03-11,Basic,161.55
9365,William Young,william.young9365@example.com,Canada,2019-12-01,Premium,2737.37
9366,Paul Williams,paul.williams9366@example.com,Italy,2018-04-16,Basic,165.99
9367,Paul Garcia,paul.garcia9367@example.com,Canada,2018-01-13,Basic,199.26
9368,Elizabeth Smith,elizabeth.smith9368@example.com,Singapore,2020-09-07,Standard,1176.91
9369,Michael Costa,michael.costa9369@example.com,Mexico,2025-09-08,Standard,2535.17
9370,Andrew Robinson,andrew.robinson9370@example.com,Italy,2023-11-01,Standard,2232.12
9371,Daniel Davis,daniel.davis9371@example.com,Australia,2018-12-12,Basic,450.01
9372,Ashley Sanchez,ashley.sanchez9372@example.com,France,2024-09-20,Standard,382.31
9373,Joseph Nguyen,joseph.nguyen9373@example.com,Spain,2025-12-02,Standard,3589.24
9374,Betty Ali,betty.ali9374@example.com,Spain,2019-08-02,Premium,3626.79
9375,David Robinson,david.robinson9375@example.com,United Arab Emirates,2022-12-24,Standard,702.49
9376,Michael Johnson,michael.johnson9376@example.com,Netherlands,2025-04-08,Standard,3208.11
9377,John Hernandez,john.hernandez9377@example.com,United States,2020-01-08,Basic,418.58
9378,Karen Clark,karen.clark9378@example.com,India,2024-07-23,Standard,740.04
9379,Jennifer Ali,jennifer.ali9379@example.com,India,2022-04-19,Standard,2255.53
9380,Betty Taylor,betty.taylor9380@example.com,Mexico,2024-06-17,Basic,718.13
9381,Richard Chen,richard.chen9381@example.com,France,2021-12-13,Standard,922.73
9382,Joshua Jones,joshua.jones9382@example.com,United Kingdom,2020-08-13,Standard,2256.16
9383,Emily Lewis,emily.lewis9383@example.com,Netherlands,2025-03-02,Standard,1354.17
9384,Thomas Anderson,thomas.anderson9384@example.com,Singapore,2020-07-08,Basic,535.70
9385,Ingrid Lewis,ingrid.lewis9385@example.com,Australia,2025-03-23,Basic,516.76
9386,Michelle Brown,michelle.brown9386@example.com,Brazil,2021-10-22,Standard,1046.35
9387,Sofia Robinson,sofia.robinson9387@example.com,Brazil,2022-05-27,Standard,3064.26
9388,Michael King,michael.king9388@example.com,Spain,2020-11-10,Basic,143.78
9389,Andrew Johnson,andrew.johnson9389@example.com,France,2024-08-28,Premium,4157.22
9390,Ashley Wright,ashley.wright9390@example.com,India,2019-10-06,Basic,677.56
9391,Charles Sanchez,charles.sanchez9391@example.com,Spain,2018-11-18,Basic,253.88
9392,David Davis,david.davis9392@example.com,Australia,2023-07-08,Basic,322.59
9393,James King,james.king9393@example.com,Australia,2018-07-01,Basic,70.90
9394,Matthew Ramirez,matthew.ramirez9394@example.com,Japan,2024-12-21,Basic,356.62
9395,Yuki Hernandez,yuki.hernandez9395@example.com,United Kingdom,2022-02-22,Basic,678.03
9396,Lisa Scott,lisa.scott9396@example.com,Mexico,2020-06-14,Premium,9238.30
9397,Nancy Taylor,nancy.taylor9397@example.com,United Arab Emirates,2018-06-20,Basic,502.36
9398,Karen Rossi,karen.rossi9398@example.com,India,2018-03-14,Standard,2819.79
9399,Andrew Scott,andrew.scott9399@example.com,Japan,2020-03-24,Standard,3036.71
9400,Matthew Harris,matthew.harris9400@example.com,United States,2023-11-13,Standard,655.25
9401,Thomas Jackson,thomas.jackson9401@example.com,Australia,2018-06-28,Standard,722.29
9402,Fatima Sanchez,fatima.sanchez9402@example.com,Germany,2020-01-21,Basic,549.87
9403,Fatima Anderson,fatima.anderson9403@example.com,India,2025-06-07,Basic,748.45
9404,Mary Walker,mary.walker9404@example.com,United Arab Emirates,2024-09-27,Premium,12372.80
9405,Michael Flores,michael.flores9405@example.com,France,2025-11-29,Premium,8849.15
9406,Ashley King,ashley.king9406@example.com,United States,2018-11-07,Standard,1563.87
9407,Steven Ali,steven.ali9407@example.com,Netherlands,2020-07-14,Basic,729.62
9408,Jessica Moore,jessica.moore9408@example.com,Canada,2020-01-05,Basic,484.94
9409,Elizabeth Hill,elizabeth.hill9409@example.com,Italy,2020-10-27,Basic,277.65
9410,Hans Garcia,hans.garcia9410@example.com,Germany,2023-07-26,Standard,2328.26
9411,Michael Martin,michael.martin9411@example.com,Netherlands,2025-12-11,Standard,1368.75
9412,Daniel Johnson,daniel.johnson9412@example.com,United Arab Emirates,2021-06-17,Standard,1045.02
9413,William Williams,william.williams9413@example.com,Mexico,2021-12-27,Basic,660.86
9414,Patricia Kim,patricia.kim9414@example.com,United States,2022-12-21,Basic,406.69
9415,Mark Lewis,mark.lewis9415@example.com,India,2018-01-03,Basic,27.65
9416,Christopher Gonzalez,christopher.gonzalez9416@example.com,India,2023-06-07,Basic,636.34
9417,Aarav Patel,aarav.patel9417@example.com,Australia,2025-12-30,Basic,47.72
9418,Joseph Sanchez,joseph.sanchez9418@example.com,Germany,2020-06-08,Basic,797.95
9419,Robert Moore,robert.moore9419@example.com,France,2023-04-17,Standard,1267.20
9420,Daniel Silva,daniel.silva9420@example.com,Singapore,2022-11-15,Basic,587.67
9421,Elizabeth Flores,elizabeth.flores9421@example.com,Australia,2025-12-13,Standard,444.68
9422,Sarah Allen,sarah.allen9422@example.com,Netherlands,2025-09-29,Basic,125.01
9423,Omar Taylor,omar.taylor9423@example.com,Australia,2021-05-20,Standard,2273.57
9424,Robert Lewis,robert.lewis9424@example.com,Italy,2023-01-16,Standard,2788.52
9425,Sofia Young,sofia.young9425@example.com,United States,2022-05-04,Standard,459.60
9426,Betty Johnson,betty.johnson9426@example.com,Spain,2020-11-10,Premium,11956.57
9427,Joshua Harris,joshua.harris9427@example.com,United Arab Emirates,2018-09-04,Standard,433.33
9428,Carlos Nguyen,carlos.nguyen9428@example.com,Australia,2025-08-03,Standard,2140.86
9429,Richard Singh,richard.singh9429@example.com,Mexico,2025-05-05,Standard,3699.13
9430,William Lewis,william.lewis9430@example.com,Spain,2024-03-30,Standard,2000.70
9431,Donald Harris,donald.harris9431@example.com,United States,2019-07-04,Standard,1052.76
9432,Donald Silva,donald.silva9432@example.com,India,2019-04-14,Premium,13517.33
9433,Mark Moore,mark.moore9433@example.com,United States,2019-06-08,Standard,2220.47
9434,David Clark,david.clark9434@example.com,Netherlands,2025-03-26,Basic,617.21
9435,Nancy Lopez,nancy.lopez9435@example.com,United Arab Emirates,2025-06-27,Standard,1630.42
9436,Lisa Harris,lisa.harris9436@example.com,India,2020-10-28,Standard,1495.99
9437,Thomas Smith,thomas.smith9437@example.com,France,2024-07-20,Standard,2608.80
9438,Steven Silva,steven.silva9438@example.com,Mexico,2020-10-07,Basic,484.05
9439,Lisa Flores,lisa.flores9439@example.com,Germany,2022-06-24,Standard,2695.47
9440,Aarav Hernandez,aarav.hernandez9440@example.com,United States,2024-06-27,Standard,1195.61
9441,John Perez,john.perez9441@example.com,France,2023-07-21,Standard,3489.30
9442,Daniel Allen,daniel.allen9442@example.com,Italy,2020-04-02,Basic,488.27
9443,Ingrid Ali,ingrid.ali9443@example.com,United States,2018-10-06,Basic,755.89
9444,Carlos Kim,carlos.kim9444@example.com,Netherlands,2025-10-02,Standard,3520.43
9445,David Lewis,david.lewis9445@example.com,Singapore,2020-09-10,Premium,8648.75
9446,Nancy Rossi,nancy.rossi9446@example.com,Singapore,2023-10-29,Premium,7859.67
9447,Daniel Costa,daniel.costa9447@example.com,Germany,2021-01-16,Standard,2675.47
9448,Ananya Costa,ananya.costa9448@example.com,United States,2019-06-23,Standard,3327.28
9449,Michelle Khan,michelle.khan9449@example.com,United Arab Emirates,2020-09-10,Standard,2286.64
9450,Karen Moore,karen.moore9450@example.com,United Kingdom,2021-02-22,Basic,48.55
9451,Michelle Costa,michelle.costa9451@example.com,United Arab Emirates,2024-01-03,Standard,3105.68
9452,Karen Khan,karen.khan9452@example.com,Japan,2022-04-27,Standard,2869.91
9453,Aarav Flores,aarav.flores9453@example.com,Japan,2025-02-19,Basic,497.45
9454,Paul Ali,paul.ali9454@example.com,Germany,2020-11-10,Standard,3764.76
9455,Barbara Young,barbara.young9455@example.com,Brazil,2023-03-22,Standard,593.68
9456,Daniel Lewis,daniel.lewis9456@example.com,Germany,2023-05-22,Standard,3171.78
9457,Paul Garcia,paul.garcia9457@example.com,Australia,2019-05-18,Standard,3387.81
9458,Betty Hernandez,betty.hernandez9458@example.com,Brazil,2020-05-16,Premium,6915.12
9459,Donald Garcia,donald.garcia9459@example.com,Japan,2023-07-22,Standard,950.46
9460,Charles Johnson,charles.johnson9460@example.com,Germany,2018-11-05,Standard,2362.83
9461,Linda Sanchez,linda.sanchez9461@example.com,Singapore,2019-05-08,Standard,1811.95
9462,Karen Mueller,karen.mueller9462@example.com,Australia,2024-12-03,Standard,2952.65
9463,Kimberly Rossi,kimberly.rossi9463@example.com,Italy,2022-11-03,Standard,2022.17
9464,Betty Lopez,betty.lopez9464@example.com,Canada,2023-08-20,Basic,110.89
9465,Karen Robinson,karen.robinson9465@example.com,Spain,2025-01-24,Standard,889.12
9466,Thomas Young,thomas.young9466@example.com,United Arab Emirates,2024-03-11,Standard,1809.71
9467,John Singh,john.singh9467@example.com,Australia,2022-12-21,Standard,549.61
9468,Sarah King,sarah.king9468@example.com,India,2023-03-01,Standard,2516.80
9469,Nancy Robinson,nancy.robinson9469@example.com,Italy,2019-12-08,Standard,930.67
9470,Christopher Martinez,christopher.martinez9470@example.com,United States,2018-04-17,Standard,3183.56
9471,Richard Jackson,richard.jackson9471@example.com,Germany,2022-12-14,Basic,191.34
9472,Nancy Moore,nancy.moore9472@example.com,France,2023-05-14,Premium,12819.97
9473,Hans Miller,hans.miller9473@example.com,India,2021-07-12,Basic,414.32
9474,Barbara Lopez,barbara.lopez9474@example.com,Japan,2019-04-09,Basic,661.32
9475,Nancy Garcia,nancy.garcia9475@example.com,Netherlands,2024-10-08,Standard,3878.21
9476,Mark Johnson,mark.johnson9476@example.com,Brazil,2025-04-29,Standard,1824.26
9477,Wei Hill,wei.hill9477@example.com,Singapore,2019-04-25,Standard,996.22
9478,Betty Martin,betty.martin9478@example.com,Japan,2020-03-15,Standard,934.02
9479,Charles Hernandez,charles.hernandez9479@example.com,United States,2020-07-02,Standard,3851.79
9480,Jessica Thomas,jessica.thomas9480@example.com,Italy,2019-12-18,Standard,3298.33
9481,Jennifer Williams,jennifer.williams9481@example.com,India,2021-05-13,Premium,11075.40
9482,Mark Lee,mark.lee9482@example.com,Mexico,2018-10-10,Basic,233.79
9483,Donna Chen,donna.chen9483@example.com,Singapore,2024-05-27,Standard,3099.26
9484,Hans Lewis,hans.lewis9484@example.com,Germany,2019-01-26,Standard,2870.95
9485,Donald Smith,donald.smith9485@example.com,Japan,2025-05-18,Standard,2957.09
9486,Lisa Scott,lisa.scott9486@example.com,United States,2018-10-02,Standard,3616.09
9487,Susan Perez,susan.perez9487@example.com,Australia,2020-03-01,Standard,3185.29
9488,Donald Flores,donald.flores9488@example.com,Spain,2020-08-01,Standard,1860.40
9489,Margaret Thomas,margaret.thomas9489@example.com,Singapore,2021-05-15,Standard,3935.29
9490,Karen Rossi,karen.rossi9490@example.com,Mexico,2023-09-11,Standard,3530.16
9491,Mary Chen,mary.chen9491@example.com,Germany,2019-06-26,Standard,3179.14
9492,Mark Silva,mark.silva9492@example.com,United Kingdom,2025-02-08,Standard,303.06
9493,Fatima Johnson,fatima.johnson9493@example.com,Singapore,2024-07-05,Standard,1319.20
9494,Michelle Flores,michelle.flores9494@example.com,Netherlands,2018-11-09,Basic,71.66
9495,Barbara Moore,barbara.moore9495@example.com,Germany,2025-03-15,Standard,3092.61
9496,Aarav Perez,aarav.perez9496@example.com,Mexico,2025-06-11,Premium,8283.09
9497,David Brown,david.brown9497@example.com,Italy,2020-04-28,Standard,2110.03
9498,William Davis,william.davis9498@example.com,United Arab Emirates,2018-03-17,Premium,4801.90
9499,Elizabeth Rossi,elizabeth.rossi9499@example.com,Japan,2020-02-26,Standard,2432.59
9500,Joshua Williams,joshua.williams9500@example.com,United Arab Emirates,2018-01-11,Premium,12153.08
9501,Ingrid Singh,ingrid.singh9501@example.com,Mexico,2021-12-02,Basic,752.19
9502,Ashley Ramirez,ashley.ramirez9502@example.com,Japan,2018-09-07,Premium,11400.41
9503,Matthew Allen,matthew.allen9503@example.com,Germany,2018-06-06,Premium,6034.66
9504,Mary Smith,mary.smith9504@example.com,India,2025-08-26,Basic,786.36
9505,Sarah Clark,sarah.clark9505@example.com,Canada,2025-11-10,Standard,3121.40
9506,Linda Moore,linda.moore9506@example.com,Germany,2022-09-02,Standard,203.69
9507,Daniel Young,daniel.young9507@example.com,United Kingdom,2019-02-24,Standard,2994.40
9508,Michael Davis,michael.davis9508@example.com,India,2020-12-25,Basic,459.45
9509,Michelle Patel,michelle.patel9509@example.com,Spain,2024-12-28,Basic,104.04
9510,Jennifer Silva,jennifer.silva9510@example.com,Mexico,2019-03-18,Standard,2466.00
9511,Michelle Chen,michelle.chen9511@example.com,Singapore,2018-09-30,Premium,5054.26
9512,Charles Jones,charles.jones9512@example.com,Australia,2021-07-22,Standard,3826.20
9513,Andrew Rodriguez,andrew.rodriguez9513@example.com,Singapore,2022-02-18,Premium,14717.51
9514,Karen Wright,karen.wright9514@example.com,Netherlands,2022-06-18,Standard,295.22
9515,Andrew Johnson,andrew.johnson9515@example.com,Canada,2022-09-19,Basic,659.60
9516,James Miller,james.miller9516@example.com,India,2025-06-03,Basic,173.35
9517,Sofia Clark,sofia.clark9517@example.com,Australia,2021-04-10,Premium,4732.76
9518,Karen White,karen.white9518@example.com,Germany,2025-05-07,Standard,1213.66
9519,Joshua Young,joshua.young9519@example.com,United States,2018-01-13,Standard,3430.96
9520,Anthony Williams,anthony.williams9520@example.com,India,2020-03-15,Basic,267.82
9521,Aarav Johnson,aarav.johnson9521@example.com,United Kingdom,2021-11-09,Standard,3867.88
9522,Sofia Lopez,sofia.lopez9522@example.com,Spain,2024-04-15,Basic,437.43
9523,Emily Kim,emily.kim9523@example.com,Singapore,2024-01-19,Basic,13.95
9524,Karen Hill,karen.hill9524@example.com,France,2022-08-14,Standard,1249.85
9525,Omar Perez,omar.perez9525@example.com,Canada,2025-08-30,Standard,1737.18
9526,Carlos Wilson,carlos.wilson9526@example.com,France,2018-05-10,Standard,3404.89
9527,Hans Patel,hans.patel9527@example.com,Netherlands,2025-07-16,Basic,762.73
9528,Charles Miller,charles.miller9528@example.com,Spain,2024-05-06,Premium,4663.07
9529,Richard Torres,richard.torres9529@example.com,United States,2020-08-18,Premium,8670.21
9530,Ingrid Nguyen,ingrid.nguyen9530@example.com,Australia,2022-06-28,Premium,8468.98
9531,Yuki Johnson,yuki.johnson9531@example.com,Spain,2022-01-15,Standard,789.66
9532,Steven Perez,steven.perez9532@example.com,Singapore,2022-04-01,Standard,2216.45
9533,Fatima Williams,fatima.williams9533@example.com,Germany,2024-10-18,Standard,1189.63
9534,Donna Smith,donna.smith9534@example.com,Netherlands,2023-10-10,Premium,10799.66
9535,Kimberly Nguyen,kimberly.nguyen9535@example.com,India,2024-01-21,Basic,662.75
9536,Christopher Walker,christopher.walker9536@example.com,Germany,2024-10-29,Standard,2917.21
9537,Paul Williams,paul.williams9537@example.com,United States,2020-05-27,Standard,1918.34
9538,Susan Silva,susan.silva9538@example.com,United States,2022-02-17,Premium,14573.11
9539,Emily Clark,emily.clark9539@example.com,Italy,2021-06-06,Standard,2173.58
9540,Susan Khan,susan.khan9540@example.com,France,2023-11-02,Premium,7963.80
9541,Emily Jones,emily.jones9541@example.com,France,2018-04-02,Basic,578.24
9542,Daniel Khan,daniel.khan9542@example.com,United Arab Emirates,2021-01-26,Standard,254.18
9543,Patricia Mueller,patricia.mueller9543@example.com,Canada,2020-09-21,Premium,11235.42
9544,Fatima Harris,fatima.harris9544@example.com,United Arab Emirates,2018-05-18,Premium,2030.62
9545,Sarah Allen,sarah.allen9545@example.com,France,2025-05-15,Basic,87.32
9546,Ingrid Mueller,ingrid.mueller9546@example.com,Germany,2025-06-18,Premium,5260.88
9547,Michael Smith,michael.smith9547@example.com,Mexico,2021-03-10,Basic,542.71
9548,David Lee,david.lee9548@example.com,Germany,2025-11-06,Standard,2374.30
9549,Elizabeth Lee,elizabeth.lee9549@example.com,Australia,2018-11-17,Basic,217.25
9550,Michael Martinez,michael.martinez9550@example.com,Italy,2025-10-06,Standard,3162.38
9551,Andrew Wright,andrew.wright9551@example.com,Canada,2018-08-28,Standard,2526.18
9552,Wei Rodriguez,wei.rodriguez9552@example.com,United Kingdom,2024-08-08,Premium,5324.73
9553,Ashley Ramirez,ashley.ramirez9553@example.com,Canada,2021-06-15,Premium,8696.39
9554,Joseph Hernandez,joseph.hernandez9554@example.com,Italy,2018-06-04,Standard,2475.86
9555,Sofia Perez,sofia.perez9555@example.com,United Kingdom,2025-08-04,Basic,329.06
9556,Robert Rodriguez,robert.rodriguez9556@example.com,Singapore,2022-08-19,Premium,14951.06
9557,Andrew Martin,andrew.martin9557@example.com,United Arab Emirates,2025-11-18,Standard,3412.21
9558,Patricia Smith,patricia.smith9558@example.com,United Kingdom,2025-12-16,Premium,4691.41
9559,Omar Johnson,omar.johnson9559@example.com,Brazil,2024-07-02,Premium,12732.69
9560,Nancy White,nancy.white9560@example.com,Australia,2025-04-18,Standard,1965.86
9561,Jessica Lopez,jessica.lopez9561@example.com,Italy,2025-04-04,Standard,3235.50
9562,Richard Harris,richard.harris9562@example.com,Canada,2021-04-16,Standard,1115.21
9563,Charles Sanchez,charles.sanchez9563@example.com,United Kingdom,2023-09-01,Basic,18.10
9564,Ashley Taylor,ashley.taylor9564@example.com,Spain,2018-08-17,Standard,1392.37
9565,Richard Allen,richard.allen9565@example.com,Singapore,2024-05-29,Standard,3159.06
9566,James Perez,james.perez9566@example.com,India,2018-01-31,Basic,491.81
9567,Carlos Moore,carlos.moore9567@example.com,Spain,2018-10-09,Standard,1856.77
9568,Joseph Sanchez,,Brazil,2023-07-08,Standard,880.68
9569,Mary Khan,mary.khan9569@example.com,United Kingdom,2023-03-28,Standard,1289.41
9570,Linda Brown,linda.brown9570@example.com,India,2024-07-15,Basic,63.65
9571,Daniel Mueller,daniel.mueller9571@example.com,Singapore,2024-06-03,Standard,2133.95
9572,Sofia Garcia,sofia.garcia9572@example.com,India,2019-01-09,Standard,2296.88
9573,Donna Thompson,donna.thompson9573@example.com,Netherlands,2022-02-16,Basic,133.97
9574,Margaret Taylor,margaret.taylor9574@example.com,India,2019-07-30,Standard,723.37
9575,Donald Gonzalez,donald.gonzalez9575@example.com,France,2019-08-03,Premium,5438.36
9576,Kimberly Walker,kimberly.walker9576@example.com,Spain,2019-12-04,Basic,453.22
9577,Patricia Chen,patricia.chen9577@example.com,United Arab Emirates,2019-09-27,Standard,2545.43
9578,Ananya Robinson,ananya.robinson9578@example.com,Australia,2021-07-11,Basic,619.95
9579,Ananya Kim,ananya.kim9579@example.com,France,2019-08-20,Standard,324.46
9580,Aarav Perez,aarav.perez9580@example.com,Japan,2019-04-01,Basic,790.03
9581,Jessica Miller,jessica.miller9581@example.com,Netherlands,2022-04-05,Standard,721.31
9582,Lisa Anderson,lisa.anderson9582@example.com,United States,2019-07-22,Premium,5648.16
9583,Robert Anderson,robert.anderson9583@example.com,Canada,2019-04-09,Premium,4742.14
9584,Charles Ramirez,charles.ramirez9584@example.com,France,2020-01-28,Standard,517.87
9585,Jessica Robinson,jessica.robinson9585@example.com,Japan,2025-08-08,Standard,3524.72
9586,Mary White,mary.white9586@example.com,United Arab Emirates,2024-12-02,Standard,724.75
9587,William Walker,william.walker9587@example.com,United States,2025-05-29,Basic,101.51
9588,Patricia Mueller,patricia.mueller9588@example.com,Brazil,2022-06-25,Standard,2567.21
9589,Ananya Walker,ananya.walker9589@example.com,Italy,2023-10-24,Standard,3758.84
9590,Omar Lopez,omar.lopez9590@example.com,Spain,2024-08-20,Standard,1856.93
9591,Ingrid Martin,ingrid.martin9591@example.com,Germany,2021-11-25,Premium,2200.43
9592,Mark Khan,mark.khan9592@example.com,France,2024-12-06,Standard,2565.74
9593,Mark Hernandez,mark.hernandez9593@example.com,Italy,2022-07-09,Basic,152.00
9594,Andrew Clark,andrew.clark9594@example.com,United States,2022-12-20,Standard,630.09
9595,Michael Flores,michael.flores9595@example.com,Brazil,2021-07-10,Basic,38.18
9596,Ingrid Thompson,ingrid.thompson9596@example.com,United Kingdom,2018-07-06,Standard,561.57
9597,Elizabeth Walker,elizabeth.walker9597@example.com,United States,2021-02-28,Basic,113.91
9598,Omar White,omar.white9598@example.com,Italy,2020-07-04,Basic,188.38
9599,Fatima Rodriguez,fatima.rodriguez9599@example.com,Japan,2018-12-18,Standard,3271.15
9600,Joseph Wilson,joseph.wilson9600@example.com,United Arab Emirates,2018-11-01,Premium,7607.95
9601,Betty Mueller,betty.mueller9601@example.com,United Arab Emirates,2025-06-14,Basic,377.34
9602,Yuki Martin,yuki.martin9602@example.com,Australia,2024-07-12,Basic,389.25
9603,Ashley Davis,ashley.davis9603@example.com,Japan,2024-07-03,Premium,6296.53
9604,Robert Davis,robert.davis9604@example.com,Brazil,2024-02-11,Premium,13734.03
9605,William Thomas,william.thomas9605@example.com,United Arab Emirates,2020-03-18,Standard,2079.93
9606,Christopher Kim,christopher.kim9606@example.com,United Arab Emirates,2023-10-14,Standard,1722.47
9607,Barbara Sanchez,barbara.sanchez9607@example.com,Germany,2022-07-10,Standard,3506.29
9608,Carlos Martin,carlos.martin9608@example.com,Japan,2024-01-12,Standard,2940.98
9609,Charles Ali,charles.ali9609@example.com,Mexico,2020-04-25,Standard,1894.72
9610,Sarah Robinson,sarah.robinson9610@example.com,Brazil,2021-11-19,Standard,3484.40
9611,Kimberly Chen,kimberly.chen9611@example.com,Spain,2025-10-12,Premium,7973.78
9612,Robert Jones,robert.jones9612@example.com,Singapore,2023-08-01,Basic,422.89
9613,Aarav Martin,aarav.martin9613@example.com,United States,2019-10-02,Standard,2986.53
9614,Thomas Costa,thomas.costa9614@example.com,France,2019-11-28,Standard,1249.49
9615,Joseph Lewis,joseph.lewis9615@example.com,Germany,2022-07-22,Standard,1680.98
9616,Patricia Jackson,patricia.jackson9616@example.com,Netherlands,2022-06-16,Standard,3186.10
9617,Sofia Robinson,sofia.robinson9617@example.com,Japan,2023-11-17,Premium,2988.28
9618,Robert King,robert.king9618@example.com,Brazil,2022-12-10,Standard,2649.54
9619,Charles Lewis,charles.lewis9619@example.com,Mexico,2022-09-07,Standard,1864.99
9620,Kimberly Mueller,kimberly.mueller9620@example.com,Italy,2019-05-29,Standard,1958.69
9621,Jessica Khan,jessica.khan9621@example.com,Spain,2025-02-09,Basic,512.07
9622,Aarav King,aarav.king9622@example.com,United Arab Emirates,2023-10-31,Basic,83.64
9623,Anthony Young,anthony.young9623@example.com,France,2019-05-11,Standard,3313.98
9624,Nancy Moore,nancy.moore9624@example.com,Singapore,2025-02-05,Standard,1537.21
9625,Wei Lewis,wei.lewis9625@example.com,Spain,2018-05-03,Standard,2950.75
9626,Joshua Rossi,joshua.rossi9626@example.com,United Arab Emirates,2022-12-16,Premium,10345.16
9627,Karen Patel,karen.patel9627@example.com,India,2020-05-12,Standard,301.84
9628,Mary Jones,mary.jones9628@example.com,Canada,2020-12-09,Standard,596.45
9629,Donald Lopez,donald.lopez9629@example.com,Mexico,2019-12-20,Basic,86.75
9630,Barbara Torres,barbara.torres9630@example.com,India,2022-04-14,Standard,1901.63
9631,William Taylor,william.taylor9631@example.com,India,2021-11-01,Premium,12245.54
9632,Aarav Hernandez,aarav.hernandez9632@example.com,Singapore,2019-03-05,Standard,2092.66
9633,Charles Patel,charles.patel9633@example.com,Australia,2021-08-06,Standard,792.85
9634,Ananya Sanchez,ananya.sanchez9634@example.com,United Kingdom,2021-01-09,Standard,1020.90
9635,Karen Martinez,karen.martinez9635@example.com,United Kingdom,2019-09-23,Standard,289.95
9636,William Brown,william.brown9636@example.com,United States,2022-09-10,Standard,1311.77
9637,Andrew Sanchez,andrew.sanchez9637@example.com,United Kingdom,2022-03-21,Premium,6425.92
9638,Fatima Brown,fatima.brown9638@example.com,United Arab Emirates,2025-09-13,Basic,85.48
9639,Sarah Allen,sarah.allen9639@example.com,United States,2024-12-26,Standard,1762.55
9640,Joseph Lewis,joseph.lewis9640@example.com,United States,2018-08-14,Standard,2379.60
9641,David Davis,david.davis9641@example.com,India,2022-05-16,Basic,576.54
9642,Michelle Gonzalez,michelle.gonzalez9642@example.com,United States,2022-03-14,Basic,585.97
9643,Margaret Rossi,margaret.rossi9643@example.com,Australia,2024-05-16,Standard,1675.42
9644,Aarav Davis,aarav.davis9644@example.com,Netherlands,2021-10-07,Standard,3678.04
9645,Kimberly Taylor,kimberly.taylor9645@example.com,India,2019-06-03,Standard,1026.20
9646,Thomas Nguyen,thomas.nguyen9646@example.com,Canada,2019-02-28,Basic,724.38
9647,Mary Williams,mary.williams9647@example.com,Spain,2019-11-30,Basic,26.55
9648,Andrew Harris,andrew.harris9648@example.com,Italy,2018-05-20,Standard,1330.41
9649,Anthony Martinez,anthony.martinez9649@example.com,United Kingdom,2019-01-31,Standard,3378.73
9650,Linda Khan,linda.khan9650@example.com,Brazil,2021-07-14,Basic,99.69
9651,Matthew Walker,matthew.walker9651@example.com,United Kingdom,2024-06-19,Standard,1749.43
9652,Nancy King,nancy.king9652@example.com,Germany,2018-11-27,Standard,3807.42
9653,Yuki Wilson,yuki.wilson9653@example.com,United Kingdom,2020-01-06,Standard,324.66
9654,John Jackson,john.jackson9654@example.com,Netherlands,2025-09-06,Standard,371.95
9655,Sandra Robinson,sandra.robinson9655@example.com,United Kingdom,2024-04-18,Standard,1973.77
9656,Michelle Hill,michelle.hill9656@example.com,United Arab Emirates,2023-09-07,Basic,453.13
9657,Carlos Sanchez,carlos.sanchez9657@example.com,France,2019-11-05,Standard,2254.80
9658,Betty Williams,betty.williams9658@example.com,Netherlands,2022-05-25,Premium,14798.23
9659,Omar Kim,omar.kim9659@example.com,Singapore,2023-12-11,Standard,1910.83
9660,Susan Allen,susan.allen9660@example.com,Japan,2018-08-23,Basic,94.47
9661,Robert Wilson,robert.wilson9661@example.com,India,2019-12-07,Premium,10931.52
9662,Donna Martinez,donna.martinez9662@example.com,Japan,2020-06-30,Basic,291.29
9663,David Martinez,david.martinez9663@example.com,Brazil,2021-10-05,Standard,368.10
9664,Charles King,charles.king9664@example.com,Australia,2025-04-28,Basic,193.72
9665,Barbara Taylor,barbara.taylor9665@example.com,Spain,2024-11-01,Standard,1716.66
9666,Thomas Clark,thomas.clark9666@example.com,Singapore,2019-03-26,Premium,14041.48
9667,Fatima Hernandez,fatima.hernandez9667@example.com,Australia,2022-02-09,Standard,1434.55
9668,Karen Rodriguez,karen.rodriguez9668@example.com,Germany,2020-03-15,Standard,2703.02
9669,Andrew Walker,andrew.walker9669@example.com,Canada,2021-05-04,Premium,10714.40
9670,Robert Mueller,robert.mueller9670@example.com,Singapore,2018-05-23,Standard,1385.11
9671,Wei Harris,wei.harris9671@example.com,United Kingdom,2024-11-06,Premium,13144.92
9672,Wei Silva,wei.silva9672@example.com,India,2020-12-15,Standard,1316.27
9673,Donna Mueller,donna.mueller9673@example.com,Netherlands,2020-12-22,Premium,4579.32
9674,Sandra Williams,sandra.williams9674@example.com,Spain,2022-08-25,Standard,1941.93
9675,John Perez,john.perez9675@example.com,India,2022-08-21,Premium,12120.71
9676,David Thomas,david.thomas9676@example.com,Singapore,2020-02-05,Basic,784.29
9677,Sarah Sanchez,sarah.sanchez9677@example.com,Netherlands,2021-08-26,Standard,3932.22
9678,Betty Smith,betty.smith9678@example.com,Netherlands,2022-01-03,Standard,3514.83
9679,Jennifer Nguyen,jennifer.nguyen9679@example.com,United Arab Emirates,2022-07-16,Standard,1416.86
9680,Betty Rossi,betty.rossi9680@example.com,Singapore,2020-02-02,Standard,2758.49
9681,Ashley Hill,ashley.hill9681@example.com,Canada,2018-11-12,Premium,12584.95
9682,Steven Perez,steven.perez9682@example.com,India,2024-10-04,Premium,11248.51
9683,Yuki Robinson,yuki.robinson9683@example.com,Mexico,2018-11-13,Standard,1740.60
9684,Charles Rodriguez,charles.rodriguez9684@example.com,United Kingdom,2024-10-21,Basic,113.63
9685,Daniel Thomas,daniel.thomas9685@example.com,Canada,2024-03-10,Standard,1883.70
9686,Donald Harris,donald.harris9686@example.com,Australia,2022-03-14,Premium,10835.27
9687,David Hernandez,david.hernandez9687@example.com,Singapore,2022-01-31,Standard,3394.48
9688,Kimberly Thomas,kimberly.thomas9688@example.com,United States,2023-08-09,Standard,2424.17
9689,Susan Thomas,susan.thomas9689@example.com,France,2018-07-15,Basic,411.02
9690,Carlos Gonzalez,carlos.gonzalez9690@example.com,Germany,2022-05-27,Standard,3431.07
9691,Linda Thompson,linda.thompson9691@example.com,Mexico,2020-01-18,Basic,681.52
9692,Anthony King,anthony.king9692@example.com,Spain,2023-10-22,Standard,289.66
9693,Mary Walker,mary.walker9693@example.com,Australia,2021-10-07,Standard,1106.61
9694,Mary Brown,mary.brown9694@example.com,United Kingdom,2023-06-08,Standard,3995.32
9695,James Flores,james.flores9695@example.com,Australia,2025-05-23,Standard,3294.01
9696,Sarah Walker,sarah.walker9696@example.com,Mexico,2019-09-29,Basic,448.25
9697,Jessica Anderson,jessica.anderson9697@example.com,Canada,2020-12-20,Standard,739.65
9698,Linda Wilson,linda.wilson9698@example.com,France,2023-01-16,Basic,659.21
9699,Ashley Torres,ashley.torres9699@example.com,United Kingdom,2025-01-28,Standard,746.75
9700,Anthony Rossi,anthony.rossi9700@example.com,Mexico,2021-02-14,Basic,699.23
9701,Christopher Taylor,christopher.taylor9701@example.com,Singapore,2022-09-03,Standard,3017.42
9702,William Flores,william.flores9702@example.com,Italy,2020-10-06,Standard,3771.58
9703,Carlos Torres,carlos.torres9703@example.com,Japan,2020-05-27,Basic,113.05
9704,Karen Johnson,karen.johnson9704@example.com,United Kingdom,2023-10-11,Standard,524.80
9705,Michelle Thompson,michelle.thompson9705@example.com,Canada,2025-01-27,Standard,3657.92
9706,Anthony Jones,anthony.jones9706@example.com,United States,2024-08-11,Standard,3237.82
9707,Hans Johnson,hans.johnson9707@example.com,Japan,2018-09-13,Standard,1198.54
9708,Michelle Wilson,michelle.wilson9708@example.com,Italy,2019-12-26,Standard,1862.85
9709,Sarah Costa,sarah.costa9709@example.com,Singapore,2019-06-05,Standard,905.58
9710,Lisa Hill,lisa.hill9710@example.com,Australia,2023-06-25,Standard,1083.76
9711,William Khan,william.khan9711@example.com,Italy,2023-06-07,Basic,143.56
9712,Elizabeth Miller,elizabeth.miller9712@example.com,India,2020-09-02,Basic,116.80
9713,Patricia Costa,patricia.costa9713@example.com,Mexico,2024-06-27,Premium,4438.76
9714,Barbara Torres,barbara.torres9714@example.com,Brazil,2020-11-04,Basic,289.19
9715,Jennifer Ali,jennifer.ali9715@example.com,India,2025-11-16,Standard,3957.02
9716,Robert Ramirez,robert.ramirez9716@example.com,Australia,2019-12-12,Premium,12073.89
9717,Charles Nguyen,charles.nguyen9717@example.com,United Arab Emirates,2019-03-12,Basic,179.79
9718,Donna Ramirez,donna.ramirez9718@example.com,Italy,2018-01-20,Standard,3807.50
9719,Nancy Robinson,nancy.robinson9719@example.com,United Kingdom,2025-03-12,Standard,2384.86
9720,Betty Mueller,betty.mueller9720@example.com,Brazil,2018-09-27,Standard,3909.43
9721,Jennifer Allen,jennifer.allen9721@example.com,United Arab Emirates,2019-07-06,Premium,10558.61
9722,Sandra Martinez,sandra.martinez9722@example.com,Mexico,2019-05-02,Standard,2415.21
9723,Jennifer Wright,jennifer.wright9723@example.com,Australia,2021-09-12,Standard,3720.42
9724,Patricia Costa,patricia.costa9724@example.com,Germany,2022-11-08,Standard,2405.13
9725,Wei Allen,wei.allen9725@example.com,United Arab Emirates,2018-09-17,Standard,3885.77
9726,Sandra Mueller,sandra.mueller9726@example.com,Spain,2022-01-17,Basic,284.16
9727,Michelle Silva,michelle.silva9727@example.com,Mexico,2022-04-02,Standard,3993.11
9728,Anthony Nguyen,anthony.nguyen9728@example.com,United States,2020-01-23,Standard,724.06
9729,Matthew Moore,matthew.moore9729@example.com,Mexico,2025-12-15,Basic,458.68
9730,Daniel Singh,daniel.singh9730@example.com,France,2020-08-18,Premium,7854.06
9731,James Mueller,james.mueller9731@example.com,United Arab Emirates,2025-08-16,Standard,1157.38
9732,Elizabeth Jackson,elizabeth.jackson9732@example.com,Singapore,2022-09-09,Standard,790.26
9733,Richard Davis,richard.davis9733@example.com,Brazil,2021-01-17,Standard,2891.17
9734,Sarah Martinez,sarah.martinez9734@example.com,Canada,2020-02-01,Standard,2782.96
9735,William Kim,william.kim9735@example.com,Italy,2024-08-15,Premium,12938.23
9736,Richard Allen,richard.allen9736@example.com,Italy,2025-08-27,Premium,9492.42
9737,Joseph Taylor,joseph.taylor9737@example.com,Canada,2023-02-02,Standard,1441.32
9738,John Chen,john.chen9738@example.com,United Arab Emirates,2022-02-05,Standard,2253.71
9739,Carlos Scott,carlos.scott9739@example.com,Japan,2020-04-22,Standard,1093.57
9740,Donald Miller,donald.miller9740@example.com,India,2020-04-28,Premium,11568.61
9741,Christopher Garcia,christopher.garcia9741@example.com,India,2025-04-17,Basic,341.19
9742,Richard Singh,richard.singh9742@example.com,Germany,2018-09-26,Basic,557.42
9743,Robert Hill,robert.hill9743@example.com,Spain,2018-09-22,Standard,3596.53
9744,Matthew Anderson,matthew.anderson9744@example.com,Germany,2021-11-27,Basic,208.95
9745,Aarav Garcia,aarav.garcia9745@example.com,Singapore,2020-12-02,Basic,692.28
9746,Susan Thomas,susan.thomas9746@example.com,Spain,2023-09-04,Basic,756.01
9747,David Lee,david.lee9747@example.com,Brazil,2022-08-08,Standard,2269.14
9748,Elizabeth Khan,elizabeth.khan9748@example.com,United States,2022-06-19,Standard,3707.57
9749,William Torres,william.torres9749@example.com,Mexico,2020-11-09,Basic,272.79
9750,Emily Khan,emily.khan9750@example.com,United Arab Emirates,2023-09-30,Premium,14105.47
9751,Daniel Robinson,daniel.robinson9751@example.com,Japan,2022-09-07,Premium,9447.75
9752,Yuki Miller,yuki.miller9752@example.com,Spain,2025-03-24,Basic,411.38
9753,Jennifer Ramirez,jennifer.ramirez9753@example.com,India,2021-04-16,Basic,477.54
9754,Richard Miller,richard.miller9754@example.com,India,2020-10-16,Basic,583.72
9755,Nancy Miller,nancy.miller9755@example.com,United Arab Emirates,2023-10-20,Standard,3872.13
9756,Linda Anderson,linda.anderson9756@example.com,Italy,2021-04-06,Standard,3425.07
9757,Jennifer Ramirez,jennifer.ramirez9757@example.com,Singapore,2018-02-14,Premium,6143.33
9758,Jessica Anderson,jessica.anderson9758@example.com,United States,2023-06-06,Standard,3058.90
9759,Omar Thomas,omar.thomas9759@example.com,Canada,2019-06-05,Standard,2092.99
9760,Thomas Walker,thomas.walker9760@example.com,Mexico,2022-03-16,Premium,14522.39
9761,Robert Lopez,robert.lopez9761@example.com,Netherlands,2023-12-06,Premium,12598.92
9762,Joshua Martin,joshua.martin9762@example.com,Spain,2025-09-16,Basic,310.30
9763,Ingrid Lewis,ingrid.lewis9763@example.com,Mexico,2022-10-12,Premium,7801.96
9764,Elizabeth Brown,elizabeth.brown9764@example.com,Japan,2022-10-28,Standard,844.87
9765,Richard Jones,richard.jones9765@example.com,Canada,2025-03-26,Standard,1632.65
9766,Mark Scott,mark.scott9766@example.com,Spain,2023-01-27,Basic,250.82
9767,Omar Scott,omar.scott9767@example.com,France,2023-07-06,Standard,3865.37
9768,James Costa,james.costa9768@example.com,Mexico,2019-08-13,Basic,510.55
9769,Daniel Thomas,daniel.thomas9769@example.com,Brazil,2021-10-03,Basic,260.96
9770,James Taylor,james.taylor9770@example.com,Canada,2022-11-15,Standard,626.34
9771,Fatima Anderson,fatima.anderson9771@example.com,Italy,2021-01-18,Standard,385.68
9772,Joshua Robinson,joshua.robinson9772@example.com,Australia,2023-05-07,Premium,6371.90
9773,Daniel Lewis,daniel.lewis9773@example.com,Mexico,2025-02-02,Standard,418.18
9774,Charles Garcia,charles.garcia9774@example.com,India,2025-05-27,Standard,3059.16
9775,Michelle Thompson,michelle.thompson9775@example.com,Australia,2025-08-05,Standard,2978.72
9776,Susan Allen,susan.allen9776@example.com,India,2019-10-20,Standard,2126.95
9777,Kimberly Lopez,kimberly.lopez9777@example.com,Germany,2019-09-01,Standard,2547.42
9778,Margaret Young,margaret.young9778@example.com,United Arab Emirates,2021-06-18,Standard,970.16
9779,Daniel Wright,daniel.wright9779@example.com,Spain,2022-02-03,Standard,2546.85
9780,Michael Hill,michael.hill9780@example.com,Netherlands,2023-03-25,Standard,1755.31
9781,Steven White,steven.white9781@example.com,Australia,2025-11-21,Standard,3243.21
9782,Andrew Martinez,andrew.martinez9782@example.com,Italy,2025-04-04,Premium,11069.40
9783,Sarah Anderson,sarah.anderson9783@example.com,Australia,2020-03-14,Standard,1799.55
9784,Barbara Allen,barbara.allen9784@example.com,Canada,2023-03-06,Standard,3287.08
9785,Margaret White,margaret.white9785@example.com,Spain,2021-11-03,Basic,477.58
9786,Nancy Thompson,nancy.thompson9786@example.com,Mexico,2021-01-08,Basic,740.20
9787,Patricia Ramirez,patricia.ramirez9787@example.com,Japan,2024-11-25,Standard,1480.16
9788,Ingrid Chen,ingrid.chen9788@example.com,France,2024-01-14,Premium,7369.07
9789,Patricia Hill,patricia.hill9789@example.com,Brazil,2025-11-23,Standard,771.78
9790,Nancy Lee,nancy.lee9790@example.com,France,2019-05-13,Standard,1897.36
9791,Susan Khan,susan.khan9791@example.com,Mexico,2021-05-10,Basic,729.90
9792,Jennifer Martin,jennifer.martin9792@example.com,Italy,2019-05-02,Basic,210.65
9793,Robert Thompson,robert.thompson9793@example.com,Italy,2018-05-16,Standard,2403.22
9794,Sandra Harris,sandra.harris9794@example.com,United Arab Emirates,2019-08-08,Premium,9153.20
9795,Lisa Young,lisa.young9795@example.com,France,2018-04-03,Standard,3804.21
9796,Lisa Hernandez,lisa.hernandez9796@example.com,Italy,2023-06-10,Basic,509.30
9797,Sandra Johnson,sandra.johnson9797@example.com,France,2023-03-07,Standard,1837.82
9798,Joseph Brown,joseph.brown9798@example.com,Netherlands,2025-05-22,Basic,705.22
9799,Andrew Hill,andrew.hill9799@example.com,Canada,2025-06-25,Standard,2650.10
9800,Donna Johnson,donna.johnson9800@example.com,Spain,2021-12-19,Standard,3112.90
9801,Michael Flores,michael.flores9801@example.com,United States,2023-06-21,Basic,135.67
9802,Joseph Moore,joseph.moore9802@example.com,Australia,2019-02-25,Basic,290.04
9803,John Moore,john.moore9803@example.com,Italy,2018-09-14,Premium,8487.32
9804,Steven Martinez,steven.martinez9804@example.com,United Kingdom,2018-08-04,Standard,2432.64
9805,Christopher Garcia,christopher.garcia9805@example.com,Germany,2024-12-07,Basic,22.70
9806,Barbara Nguyen,barbara.nguyen9806@example.com,United States,2018-09-20,Standard,3175.58
9807,Jennifer Martin,jennifer.martin9807@example.com,United Arab Emirates,2025-07-25,Standard,3350.08
9808,Mark Lopez,mark.lopez9808@example.com,United States,2025-12-11,Standard,1520.25
9809,Lisa Lee,lisa.lee9809@example.com,Brazil,2023-08-27,Premium,4441.26
9810,Michelle Johnson,michelle.johnson9810@example.com,United Arab Emirates,2023-07-19,Standard,1510.74
9811,Omar Costa,omar.costa9811@example.com,Australia,2024-02-07,Standard,1276.15
9812,William Harris,william.harris9812@example.com,Germany,2020-10-03,Standard,3151.99
9813,Aarav Scott,aarav.scott9813@example.com,France,2022-08-25,Standard,1502.07
9814,Andrew Williams,andrew.williams9814@example.com,France,2024-04-18,Standard,959.36
9815,Patricia Scott,patricia.scott9815@example.com,Canada,2020-05-03,Premium,2534.85
9816,Margaret Brown,margaret.brown9816@example.com,Netherlands,2020-11-09,Standard,2713.63
9817,Sofia Taylor,sofia.taylor9817@example.com,United States,2020-04-04,Basic,292.91
9818,Sofia Torres,sofia.torres9818@example.com,France,2019-05-02,Standard,3867.72
9819,Yuki Walker,yuki.walker9819@example.com,Spain,2020-03-07,Basic,163.11
9820,Fatima Singh,fatima.singh9820@example.com,United Arab Emirates,2025-12-12,Standard,2595.83
9821,Hans Ali,hans.ali9821@example.com,United Arab Emirates,2023-02-03,Basic,88.82
9822,Carlos Martinez,carlos.martinez9822@example.com,Canada,2025-01-06,Basic,680.52
9823,David Garcia,david.garcia9823@example.com,Spain,2018-03-11,Basic,707.66
9824,Wei Gonzalez,wei.gonzalez9824@example.com,Germany,2018-10-02,Standard,2206.72
9825,Matthew Robinson,matthew.robinson9825@example.com,Spain,2023-11-05,Basic,90.79
9826,Jennifer Chen,jennifer.chen9826@example.com,United States,2024-02-07,Basic,641.94
9827,Patricia Martinez,patricia.martinez9827@example.com,Germany,2024-01-28,Basic,445.69
9828,Betty Torres,betty.torres9828@example.com,United Arab Emirates,2018-01-26,Standard,3127.35
9829,William Chen,william.chen9829@example.com,Brazil,2024-10-26,Basic,706.20
9830,Jessica Thompson,jessica.thompson9830@example.com,France,2025-05-24,Standard,442.58
9831,Robert Hill,robert.hill9831@example.com,Germany,2021-11-29,Standard,1309.53
9832,Ingrid Lewis,ingrid.lewis9832@example.com,Japan,2022-05-20,Standard,1146.25
9833,Andrew Khan,andrew.khan9833@example.com,France,2018-03-10,Standard,2721.54
9834,Joseph Allen,joseph.allen9834@example.com,Mexico,2019-08-13,Basic,46.06
9835,Robert Walker,robert.walker9835@example.com,Mexico,2018-11-05,Standard,1193.12
9836,James Hill,james.hill9836@example.com,Spain,2018-04-07,Premium,10513.65
9837,Michelle Singh,michelle.singh9837@example.com,Brazil,2019-07-22,Standard,2180.53
9838,Matthew Flores,matthew.flores9838@example.com,India,2020-08-22,Standard,2390.01
9839,Aarav Garcia,aarav.garcia9839@example.com,Singapore,2023-05-24,Premium,4944.24
9840,Susan King,susan.king9840@example.com,Australia,2021-08-03,Standard,3316.14
9841,Hans Jackson,hans.jackson9841@example.com,United States,2019-12-31,Standard,2830.56
9842,Andrew Harris,andrew.harris9842@example.com,Mexico,2024-06-12,Standard,2876.41
9843,Jessica Scott,jessica.scott9843@example.com,India,2021-09-18,Standard,3008.50
9844,Mary Jones,mary.jones9844@example.com,United Arab Emirates,2019-04-04,Premium,14765.95
9845,Omar Khan,omar.khan9845@example.com,Spain,2022-01-31,Basic,542.84
9846,Karen Costa,karen.costa9846@example.com,Singapore,2021-06-23,Standard,2066.89
9847,Elizabeth Smith,elizabeth.smith9847@example.com,United States,2022-02-09,Standard,598.42
9848,Carlos Khan,carlos.khan9848@example.com,Brazil,2018-02-27,Standard,3899.34
9849,Yuki Rodriguez,yuki.rodriguez9849@example.com,Italy,2025-04-23,Standard,1917.84
9850,Nancy Flores,nancy.flores9850@example.com,United Kingdom,2021-11-11,Standard,3154.02
9851,Sofia Patel,sofia.patel9851@example.com,Japan,2020-09-14,Standard,2381.85
9852,Mary Wilson,mary.wilson9852@example.com,Italy,2021-01-28,Standard,602.14
9853,Patricia Anderson,patricia.anderson9853@example.com,United Kingdom,2023-09-13,Standard,3095.37
9854,Patricia Martinez,patricia.martinez9854@example.com,United Arab Emirates,2024-09-13,Basic,363.11
9855,Joshua Perez,joshua.perez9855@example.com,Brazil,2021-08-31,Basic,794.84
9856,Linda Martinez,linda.martinez9856@example.com,Brazil,2018-08-17,Standard,2645.65
9857,Ashley Silva,ashley.silva9857@example.com,Netherlands,2025-05-07,Standard,3029.75
9858,Susan Khan,susan.khan9858@example.com,United Kingdom,2019-10-11,Premium,6536.36
9859,Sandra Harris,sandra.harris9859@example.com,Singapore,2023-12-22,Standard,2567.37
9860,Barbara Davis,barbara.davis9860@example.com,Brazil,2021-03-16,Basic,334.31
9861,Michael Wilson,michael.wilson9861@example.com,India,2024-06-21,Standard,3584.11
9862,Daniel Scott,daniel.scott9862@example.com,Mexico,2022-02-14,Standard,3855.43
9863,Daniel Sanchez,daniel.sanchez9863@example.com,Mexico,2019-12-02,Standard,2472.13
9864,Carlos Lee,carlos.lee9864@example.com,United States,2024-07-17,Basic,716.94
9865,Andrew Martin,andrew.martin9865@example.com,Canada,2021-05-07,Basic,398.77
9866,Susan Silva,susan.silva9866@example.com,Singapore,2020-03-13,Standard,3070.09
9867,Hans Scott,hans.scott9867@example.com,Singapore,2019-12-20,Basic,279.08
9868,Anthony Jackson,anthony.jackson9868@example.com,India,2024-02-04,Basic,342.73
9869,Karen Young,karen.young9869@example.com,Mexico,2022-01-06,Standard,3614.88
9870,Christopher Singh,christopher.singh9870@example.com,Italy,2018-01-19,Standard,1421.92
9871,Emily Clark,emily.clark9871@example.com,Singapore,2018-08-03,Basic,317.05
9872,Joshua Rossi,joshua.rossi9872@example.com,Australia,2021-02-21,Basic,691.44
9873,Robert Miller,robert.miller9873@example.com,Spain,2018-01-22,Standard,1389.46
9874,William Perez,william.perez9874@example.com,Brazil,2018-01-12,Standard,1379.55
9875,David Ramirez,david.ramirez9875@example.com,Mexico,2023-08-09,Standard,2545.85
9876,John Rossi,john.rossi9876@example.com,Netherlands,2021-05-11,Standard,2816.84
9877,Anthony Smith,anthony.smith9877@example.com,Spain,2022-05-16,Standard,1037.41
9878,Fatima Lopez,fatima.lopez9878@example.com,United States,2021-04-26,Standard,588.40
9879,Elizabeth Silva,elizabeth.silva9879@example.com,United States,2025-01-23,Standard,2629.03
9880,Mary Patel,mary.patel9880@example.com,United Kingdom,2021-10-02,Standard,864.17
9881,Barbara Costa,barbara.costa9881@example.com,Germany,2024-04-17,Basic,10.01
9882,Donna Singh,donna.singh9882@example.com,France,2025-11-06,Basic,656.09
9883,William Young,william.young9883@example.com,India,2019-01-28,Standard,3570.08
9884,Charles Allen,charles.allen9884@example.com,Mexico,2023-04-15,Standard,2594.17
9885,Christopher Chen,christopher.chen9885@example.com,Spain,2024-09-12,Premium,14321.97
9886,Sarah White,sarah.white9886@example.com,Japan,2024-09-16,Basic,192.32
9887,Paul Lee,paul.lee9887@example.com,Spain,2020-07-18,Standard,1459.69
9888,Wei Jackson,wei.jackson9888@example.com,Spain,2024-10-05,Standard,2793.54
9889,Hans Jones,hans.jones9889@example.com,India,2020-07-01,Standard,3787.15
9890,Hans Kim,hans.kim9890@example.com,Italy,2021-10-23,Standard,743.98
9891,Emily Ali,emily.ali9891@example.com,Spain,2021-08-10,Standard,500.84
9892,James Torres,james.torres9892@example.com,Canada,2024-02-24,Standard,541.30
9893,Wei Martin,wei.martin9893@example.com,Brazil,2020-10-18,Basic,612.92
9894,Linda Garcia,linda.garcia9894@example.com,Mexico,2022-09-30,Standard,1107.50
9895,Margaret Johnson,margaret.johnson9895@example.com,Mexico,2019-01-30,Standard,3731.41
9896,Patricia Lee,patricia.lee9896@example.com,France,2025-07-17,Standard,3982.12
9897,Christopher Hill,christopher.hill9897@example.com,Spain,2019-02-22,Basic,494.76
9898,Mark Kim,mark.kim9898@example.com,United States,2018-04-25,Basic,677.52
9899,Lisa Flores,lisa.flores9899@example.com,Netherlands,2023-10-31,Standard,990.16
9900,Yuki Jackson,yuki.jackson9900@example.com,Italy,2021-01-21,Standard,838.51
9901,Mary Ali,mary.ali9901@example.com,United States,2025-07-31,Standard,2133.91
9902,Charles Garcia,charles.garcia9902@example.com,United Kingdom,2024-02-12,Basic,501.75
9903,Anthony Lee,,United States,2023-03-21,Standard,2279.32
9904,Barbara Lee,barbara.lee9904@example.com,Italy,2022-03-09,Standard,1381.16
9905,Nancy Davis,nancy.davis9905@example.com,Mexico,2020-04-19,Standard,1940.43
9906,Mark Silva,mark.silva9906@example.com,United States,2022-12-19,Standard,3347.92
9907,Donna Harris,donna.harris9907@example.com,United States,2025-08-24,Standard,1727.31
9908,Wei Ramirez,wei.ramirez9908@example.com,Canada,2020-05-15,Standard,3089.67
9909,Michael Hernandez,michael.hernandez9909@example.com,France,2024-03-29,Basic,163.98
9910,Joshua Lee,joshua.lee9910@example.com,Netherlands,2022-01-14,Basic,470.37
9911,Lisa Wright,lisa.wright9911@example.com,Brazil,2023-03-12,Basic,589.65
9912,Omar Clark,omar.clark9912@example.com,Singapore,2019-06-23,Standard,3567.55
9913,Anthony Hill,anthony.hill9913@example.com,Canada,2022-03-15,Basic,310.93
9914,Yuki Chen,yuki.chen9914@example.com,Mexico,2018-04-28,Basic,347.97
9915,Mary King,mary.king9915@example.com,Brazil,2022-10-06,Standard,672.79
9916,James Hernandez,james.hernandez9916@example.com,India,2018-11-12,Basic,526.42
9917,Mary Flores,mary.flores9917@example.com,France,2022-02-05,Basic,794.16
9918,Fatima Costa,fatima.costa9918@example.com,Canada,2021-10-01,Standard,3815.63
9919,Donald Wilson,donald.wilson9919@example.com,Mexico,2020-12-06,Basic,704.65
9920,Emily Thompson,emily.thompson9920@example.com,Spain,2022-09-30,Basic,160.35
9921,Donald Thompson,donald.thompson9921@example.com,Japan,2025-10-17,Standard,2940.36
9922,Donna Khan,donna.khan9922@example.com,Italy,2024-01-24,Premium,11561.13
9923,Fatima King,fatima.king9923@example.com,United States,2019-04-08,Standard,2332.42
9924,Jennifer Patel,jennifer.patel9924@example.com,Italy,2025-11-27,Basic,544.61
9925,Linda Rossi,linda.rossi9925@example.com,Netherlands,2023-04-23,Standard,2518.40
9926,Wei Hernandez,wei.hernandez9926@example.com,Canada,2020-12-25,Standard,1093.49
9927,Sarah Garcia,sarah.garcia9927@example.com,Brazil,2018-02-21,Standard,2742.83
9928,Hans Silva,hans.silva9928@example.com,Brazil,2023-08-24,Premium,8307.08
9929,Joshua Clark,joshua.clark9929@example.com,Italy,2023-09-20,Standard,2044.19
9930,Michelle Kim,michelle.kim9930@example.com,Japan,2018-10-08,Premium,4495.77
9931,Barbara Lopez,barbara.lopez9931@example.com,Singapore,2023-09-10,Basic,750.59
9932,Barbara Brown,barbara.brown9932@example.com,Japan,2021-04-18,Standard,2703.47
9933,Fatima Thomas,fatima.thomas9933@example.com,Canada,2024-10-08,Basic,392.65
9934,Ingrid Costa,ingrid.costa9934@example.com,Australia,2020-11-12,Standard,2427.29
9935,Donald Davis,donald.davis9935@example.com,United States,2021-04-06,Basic,777.91
9936,Wei Perez,wei.perez9936@example.com,Mexico,2018-03-11,Basic,11.89
9937,Aarav Lopez,aarav.lopez9937@example.com,United Kingdom,2019-06-30,Standard,1244.98
9938,Michael Young,michael.young9938@example.com,Canada,2024-01-18,Premium,12409.33
9939,Ananya Anderson,ananya.anderson9939@example.com,Netherlands,2019-01-27,Basic,190.85
9940,Ashley Singh,ashley.singh9940@example.com,France,2018-05-24,Standard,1051.83
9941,Patricia Perez,patricia.perez9941@example.com,Brazil,2024-06-08,Basic,136.45
9942,Fatima Patel,fatima.patel9942@example.com,Germany,2020-07-02,Premium,5197.08
9943,Daniel King,daniel.king9943@example.com,Australia,2023-08-14,Premium,4122.80
9944,David Brown,david.brown9944@example.com,United Arab Emirates,2021-10-02,Premium,13136.71
9945,Michelle Khan,michelle.khan9945@example.com,Australia,2024-03-15,Standard,1598.47
9946,Charles Sanchez,charles.sanchez9946@example.com,Canada,2022-04-28,Standard,3821.66
9947,James Patel,james.patel9947@example.com,United Kingdom,2018-06-28,Premium,8684.04
9948,Michael Rodriguez,michael.rodriguez9948@example.com,Brazil,2025-05-12,Standard,1634.47
9949,Charles Rossi,charles.rossi9949@example.com,India,2025-06-28,Standard,3305.28
9950,Matthew Martinez,matthew.martinez9950@example.com,United Kingdom,2019-04-22,Basic,605.08
9951,Jessica Rossi,jessica.rossi9951@example.com,Spain,2019-02-16,Standard,598.52
9952,Sarah Taylor,sarah.taylor9952@example.com,Australia,2024-01-29,Basic,735.26
9953,Donna Lee,donna.lee9953@example.com,United Kingdom,2024-04-26,Premium,3074.06
9954,Kimberly Jackson,kimberly.jackson9954@example.com,Mexico,2024-08-27,Standard,1174.99
9955,Sarah Chen,sarah.chen9955@example.com,Mexico,2021-02-12,Basic,588.23
9956,Mark Martinez,mark.martinez9956@example.com,Brazil,2019-08-24,Standard,2703.11
9957,Hans Brown,hans.brown9957@example.com,France,2021-06-09,Standard,3968.19
9958,Yuki Miller,yuki.miller9958@example.com,India,2022-08-15,Standard,1077.54
9959,Thomas Nguyen,thomas.nguyen9959@example.com,France,2022-04-23,Premium,6232.31
9960,Charles Martin,charles.martin9960@example.com,Australia,2025-10-12,Standard,3243.66
9961,Ashley Martin,ashley.martin9961@example.com,Netherlands,2021-04-12,Standard,3009.12
9962,David Lee,david.lee9962@example.com,United Arab Emirates,2023-09-27,Premium,11830.69
9963,Paul Chen,paul.chen9963@example.com,France,2022-04-02,Basic,254.40
9964,Mary Scott,mary.scott9964@example.com,United Arab Emirates,2018-04-12,Standard,1150.01
9965,Jennifer Walker,jennifer.walker9965@example.com,France,2019-09-28,Basic,61.15
9966,Joshua Miller,joshua.miller9966@example.com,Australia,2025-11-19,Standard,2515.58
9967,Ashley Perez,ashley.perez9967@example.com,Germany,2024-11-25,Standard,1015.69
9968,Ashley Walker,ashley.walker9968@example.com,United Kingdom,2022-12-13,Basic,590.25
9969,Lisa Taylor,lisa.taylor9969@example.com,United Kingdom,2020-11-20,Basic,92.47
9970,Christopher Silva,christopher.silva9970@example.com,United States,2020-04-13,Basic,681.45
9971,Yuki Wilson,yuki.wilson9971@example.com,Canada,2020-02-02,Standard,1294.29
9972,William Lopez,william.lopez9972@example.com,Singapore,2023-02-08,Standard,3672.27
9973,John Lewis,john.lewis9973@example.com,Canada,2024-09-20,Standard,2035.46
9974,Susan Walker,susan.walker9974@example.com,Spain,2018-08-01,Premium,13126.68
9975,Jessica Hernandez,jessica.hernandez9975@example.com,United Arab Emirates,2024-10-10,Standard,2316.77
9976,Aarav Scott,aarav.scott9976@example.com,Brazil,2020-05-09,Basic,180.89
9977,Lisa Hernandez,lisa.hernandez9977@example.com,United States,2023-12-15,Premium,6439.12
9978,Kimberly Gonzalez,kimberly.gonzalez9978@example.com,Brazil,2022-02-06,Basic,285.10
9979,Paul Lopez,paul.lopez9979@example.com,Germany,2019-10-14,Basic,758.00
9980,Kimberly Hill,kimberly.hill9980@example.com,Netherlands,2022-02-22,Standard,3540.28
9981,Carlos Brown,carlos.brown9981@example.com,India,2023-09-10,Standard,2342.90
9982,Omar Nguyen,omar.nguyen9982@example.com,Italy,2025-06-29,Standard,554.65
9983,Linda Miller,linda.miller9983@example.com,Mexico,2024-12-15,Basic,216.21
9984,Emily Davis,emily.davis9984@example.com,United Arab Emirates,2025-12-21,Standard,2329.09
9985,Charles Rodriguez,charles.rodriguez9985@example.com,United States,2022-08-14,Basic,204.17
9986,Richard Chen,richard.chen9986@example.com,Italy,2025-05-10,Basic,714.55
9987,Christopher Perez,christopher.perez9987@example.com,France,2020-03-11,Standard,912.83
9988,Andrew Singh,andrew.singh9988@example.com,Canada,2024-09-06,Standard,1890.28
9989,Aarav Smith,aarav.smith9989@example.com,Singapore,2024-05-03,Standard,2764.92
9990,Susan Lopez,susan.lopez9990@example.com,France,2020-03-13,Standard,3346.23
9991,Ingrid Williams,ingrid.williams9991@example.com,Mexico,2025-03-27,Basic,64.84
9992,Sofia Silva,sofia.silva9992@example.com,Canada,2022-03-21,Standard,932.32
9993,William Jackson,william.jackson9993@example.com,United States,2025-05-17,Standard,2159.93
9994,Wei Young,wei.young9994@example.com,United Kingdom,2021-06-06,Basic,203.59
9995,Steven Thomas,steven.thomas9995@example.com,Italy,2018-04-27,Basic,738.23
9996,Linda Rodriguez,linda.rodriguez9996@example.com,United Arab Emirates,2019-11-16,Premium,6755.46
9997,Michelle Wright,michelle.wright9997@example.com,Australia,2024-09-24,Basic,787.74
9998,Patricia Martinez,patricia.martinez9998@example.com,Canada,2024-05-19,Standard,3959.20
9999,Wei Lopez,wei.lopez9999@example.com,United Kingdom,2021-02-24,Standard,1305.34
10000,Michelle White,michelle.white10000@example.com,United States,2022-12-10,Standard,1658.82
1890,Richard Taylor (DUP),dup.richard.taylor1890@example.com,Spain,2021-03-17,Standard,1056.89
3113,Daniel Lopez (DUP),dup.daniel.lopez3113@example.com,Mexico,2023-12-08,Standard,3802.31
9681,Ashley Hill (DUP),dup.ashley.hill9681@example.com,Canada,2018-11-12,Premium,12584.95
5206,Mary Rossi (DUP),dup.mary.rossi5206@example.com,United States,2018-11-22,Basic,680.12
1910,Joseph Kim (DUP),dup.joseph.kim1910@example.com,Brazil,2021-05-27,Standard,3169.86
9594,Andrew Clark (DUP),dup.andrew.clark9594@example.com,United States,2022-12-20,Standard,630.09
1363,Michael Davis (DUP),dup.michael.davis1363@example.com,United States,2024-02-15,Premium,4603.99
5397,Aarav Martin (DUP),dup.aarav.martin5397@example.com,France,2018-03-16,Standard,1967.05
3343,Paul Allen (DUP),dup.paul.allen3343@example.com,France,2024-12-31,Basic,715.04
636,Robert Garcia (DUP),dup.robert.garcia636@example.com,Germany,2021-07-08,Standard,1404.14
